-- phpMyAdmin SQL Dump
-- version 5.2.0
-- https://www.phpmyadmin.net/
--
-- Host: localhost:3306
-- Generation Time: Jun 21, 2026 at 07:29 AM
-- Server version: 8.0.30
-- PHP Version: 8.1.10

SET SQL_MODE = "NO_AUTO_VALUE_ON_ZERO";
START TRANSACTION;
SET time_zone = "+00:00";


/*!40101 SET @OLD_CHARACTER_SET_CLIENT=@@CHARACTER_SET_CLIENT */;
/*!40101 SET @OLD_CHARACTER_SET_RESULTS=@@CHARACTER_SET_RESULTS */;
/*!40101 SET @OLD_COLLATION_CONNECTION=@@COLLATION_CONNECTION */;
/*!40101 SET NAMES utf8mb4 */;

--
-- Database: `football_stars_db`
--

DELIMITER $$
--
-- Procedures
--
CREATE DEFINER=`root`@`localhost` PROCEDURE `setup_new_user` (IN `p_user_id` INT UNSIGNED)   BEGIN
    DECLARE i INT DEFAULT 1;
    DECLARE new_player_id INT UNSIGNED;
    DECLARE new_team_id INT UNSIGNED;
    DECLARE amateur_tier_id INT UNSIGNED;

    -- Ambil id tier amateur
    SELECT id INTO amateur_tier_id FROM f_player_tier WHERE tier_name = 'Amateur';

    -- Buat inventory
    INSERT INTO inventory_players (user_id, euro, gems, tr_token, win_token, pr_token)
    VALUES (p_user_id, 500, 0, 0, 0, 0);

    -- Buat pity tracker
    INSERT INTO pity_tracker (user_id, spin_count_since_pity)
    VALUES (p_user_id, 0);

    -- Buat tim user
    INSERT INTO user_teams (user_id, team_name)
    VALUES (p_user_id, 'Your Team');

    SET new_team_id = LAST_INSERT_ID();

    -- Buat 20 pemain amateur dan masukkan ke tim
    WHILE i <= 20 DO
        INSERT INTO football_players
        (player_name, country, position, rating, offence, defence, teamwork, tier_id, is_custom, is_exclusive, owner_id)
        VALUES
        (CONCAT('Player ', i), 'Unknown', 'ST', 45, 35, 35, 35, amateur_tier_id, 0, 0, p_user_id);

        SET new_player_id = LAST_INSERT_ID();

        INSERT INTO team_members (team_id, player_id)
        VALUES (new_team_id, new_player_id);

        SET i = i + 1;
    END WHILE;

END$$

DELIMITER ;

-- --------------------------------------------------------

--
-- Table structure for table `daily_quest_definitions`
--

CREATE TABLE `daily_quest_definitions` (
  `id` int NOT NULL,
  `quest_key` varchar(60) COLLATE utf8mb4_unicode_ci NOT NULL,
  `title` varchar(120) COLLATE utf8mb4_unicode_ci NOT NULL,
  `description` varchar(255) COLLATE utf8mb4_unicode_ci NOT NULL,
  `quest_type` enum('match','win','spin','upgrade_player','add_player','login') COLLATE utf8mb4_unicode_ci NOT NULL,
  `target` int NOT NULL DEFAULT '1',
  `reward_euro` int NOT NULL DEFAULT '0',
  `reward_gems` int NOT NULL DEFAULT '0',
  `reward_tr_token` int NOT NULL DEFAULT '0',
  `reward_wt_token` int NOT NULL DEFAULT '0'
) ENGINE=InnoDB DEFAULT CHARSET=utf8mb4 COLLATE=utf8mb4_unicode_ci;

--
-- Dumping data for table `daily_quest_definitions`
--

INSERT INTO `daily_quest_definitions` (`id`, `quest_key`, `title`, `description`, `quest_type`, `target`, `reward_euro`, `reward_gems`, `reward_tr_token`, `reward_wt_token`) VALUES
(1, 'play_3_matches', 'Main 3 Match', 'Selesaikan 3 pertandingan hari ini.', 'match', 3, 5000, 0, 5, 0),
(2, 'win_1_match', 'Menangkan 1 Match', 'Raih 1 kemenangan hari ini.', 'win', 1, 3000, 2, 0, 1),
(3, 'win_5_matches', 'Menangkan 5 Match', 'Raih 5 kemenangan hari ini.', 'win', 5, 15000, 5, 0, 3),
(4, 'spin_1', 'Spin Gacha', 'Lakukan 1x spin gacha.', 'spin', 1, 1000, 0, 3, 0),
(5, 'upgrade_player', 'Upgrade Pemain', 'Upgrade level 1 pemain.', 'upgrade_player', 1, 2000, 0, 10, 0),
(6, 'play_10_matches', 'Marathon Match', 'Selesaikan 10 pertandingan hari ini.', 'match', 10, 25000, 10, 20, 2),
(7, 'login_bonus', 'Login Harian', 'Login hari ini untuk klaim bonus.', 'login', 1, 2000, 3, 0, 0);

-- --------------------------------------------------------

--
-- Table structure for table `football_players`
--

CREATE TABLE `football_players` (
  `id` int UNSIGNED NOT NULL,
  `player_name` varchar(100) COLLATE utf8mb4_unicode_ci NOT NULL,
  `country` varchar(100) COLLATE utf8mb4_unicode_ci NOT NULL,
  `position` enum('GK','CB','LB','RB','CDM','CM','CAM','LW','RW','ST') COLLATE utf8mb4_unicode_ci NOT NULL,
  `rating` tinyint UNSIGNED NOT NULL,
  `offence` tinyint UNSIGNED NOT NULL,
  `defence` tinyint UNSIGNED NOT NULL,
  `teamwork` tinyint UNSIGNED NOT NULL,
  `tier_id` int UNSIGNED NOT NULL,
  `card_image` varchar(255) COLLATE utf8mb4_unicode_ci DEFAULT NULL,
  `is_custom` tinyint(1) NOT NULL DEFAULT '0',
  `is_exclusive` tinyint(1) NOT NULL DEFAULT '0',
  `owner_id` int UNSIGNED DEFAULT NULL,
  `current_level` tinyint UNSIGNED NOT NULL DEFAULT '1',
  `created_at` timestamp NULL DEFAULT CURRENT_TIMESTAMP
) ENGINE=InnoDB DEFAULT CHARSET=utf8mb4 COLLATE=utf8mb4_unicode_ci;

--
-- Dumping data for table `football_players`
--

INSERT INTO `football_players` (`id`, `player_name`, `country`, `position`, `rating`, `offence`, `defence`, `teamwork`, `tier_id`, `card_image`, `is_custom`, `is_exclusive`, `owner_id`, `current_level`, `created_at`) VALUES
(1, 'Robert Lewandowski', 'Poland', 'ST', 80, 78, 78, 78, 6, NULL, 0, 1, 2, 1, '2026-06-16 11:58:25'),
(2, 'Kylian Mbappe', 'France', 'ST', 88, 90, 52, 78, 6, NULL, 0, 1, 1, 1, '2026-06-16 11:58:25'),
(3, 'Mohamed Salah', 'Egypt', 'RW', 87, 87, 48, 74, 6, NULL, 0, 1, 1, 1, '2026-06-16 11:58:25'),
(4, 'Erling Haaland', 'Norway', 'ST', 90, 87, 87, 87, 7, NULL, 0, 1, 1, 1, '2026-06-16 11:58:25'),
(5, 'Neymar Jr', 'Brazil', 'LW', 86, 86, 55, 80, 6, NULL, 0, 1, 1, 1, '2026-06-16 11:58:25'),
(6, 'Luka Modric', 'Croatia', 'CM', 83, 75, 70, 88, 6, NULL, 0, 1, 1, 1, '2026-06-16 11:58:25'),
(7, 'Kevin De Bruyne', 'Belgium', 'CAM', 85, 82, 64, 89, 6, NULL, 0, 1, 1, 1, '2026-06-16 11:58:25'),
(8, 'Virgil van Dijk', 'Netherlands', 'CB', 85, 58, 93, 81, 6, NULL, 0, 1, 1, 2, '2026-06-16 11:58:25'),
(9, 'Toni Kroos', 'Germany', 'CM', 84, 78, 68, 90, 6, NULL, 0, 1, 1, 1, '2026-06-16 11:58:25'),
(10, 'Zlatan Ibrahimovic', 'Sweden', 'ST', 83, 85, 52, 74, 6, NULL, 0, 1, 1, 1, '2026-06-16 11:58:25'),
(11, 'Ronaldinho', 'Brazil', 'CAM', 95, 94, 60, 91, 7, NULL, 0, 1, 1, 1, '2026-06-16 11:58:25'),
(12, 'Zinedine Zidane', 'France', 'CAM', 96, 90, 72, 93, 7, NULL, 0, 1, 1, 1, '2026-06-16 11:58:25'),
(13, 'Thierry Henry', 'France', 'ST', 94, 93, 58, 88, 7, NULL, 0, 1, 1, 1, '2026-06-16 11:58:25'),
(14, 'Ronaldo Nazario', 'Brazil', 'ST', 135, 173, 131, 163, 7, NULL, 0, 1, 1, 20, '2026-06-16 11:58:25'),
(15, 'Paolo Maldini', 'Italy', 'CB', 134, 134, 173, 166, 7, NULL, 0, 1, 1, 20, '2026-06-16 11:58:25'),
(16, 'Lionel Messi', 'Argentina', 'CAM', 177, 194, 194, 194, 8, NULL, 0, 1, 1, 20, '2026-06-16 11:58:25'),
(17, 'Cristiano Ronaldo', 'Portugal', 'ST', 177, 194, 194, 194, 8, NULL, 0, 1, 2, 20, '2026-06-16 11:58:25'),
(18, 'Khvicha Kvaratskhelia', 'Georgia', 'LW', 87, 89, 44, 79, 6, NULL, 0, 1, 1, 1, '2026-06-16 17:32:05'),
(19, 'Budi Santoso', 'Indonesia', 'CB', 45, 35, 35, 35, 1, NULL, 0, 0, NULL, 1, '2026-06-17 03:03:06'),
(20, 'Rizky Pratama', 'Indonesia', 'GK', 45, 35, 35, 35, 1, NULL, 0, 0, NULL, 1, '2026-06-17 03:03:06'),
(21, 'Andi Saputra', 'Indonesia', 'CB', 45, 35, 35, 35, 1, NULL, 0, 0, NULL, 1, '2026-06-17 03:03:06'),
(22, 'Fajar Nugroho', 'Indonesia', 'CB', 45, 35, 35, 35, 1, NULL, 0, 0, NULL, 1, '2026-06-17 03:03:06'),
(23, 'Dimas Setiawan', 'Indonesia', 'LB', 45, 35, 35, 35, 1, NULL, 0, 0, NULL, 1, '2026-06-17 03:03:06'),
(24, 'Kenji Tanaka', 'Japan', 'LB', 45, 35, 35, 35, 1, NULL, 0, 0, NULL, 1, '2026-06-17 03:03:06'),
(25, 'Haruto Sato', 'Japan', 'RB', 45, 35, 35, 35, 1, NULL, 0, 0, 1, 1, '2026-06-17 03:03:06'),
(26, 'Yuki Nakamura', 'Japan', 'ST', 55, 45, 45, 45, 2, NULL, 0, 0, NULL, 1, '2026-06-17 03:03:06'),
(27, 'Min-Jun Kim', 'South Korea', 'GK', 45, 35, 35, 35, 1, NULL, 0, 0, 1, 1, '2026-06-17 03:03:06'),
(28, 'Ji-Hoon Park', 'South Korea', 'RB', 45, 35, 35, 35, 1, NULL, 0, 0, 1, 1, '2026-06-17 03:03:06'),
(29, 'Seong-Woo Lee', 'South Korea', 'ST', 45, 35, 35, 35, 1, NULL, 0, 0, 1, 1, '2026-06-17 03:03:06'),
(30, 'Liam Murphy', 'Australia', 'ST', 90, 87, 87, 87, 7, NULL, 0, 1, 1, 1, '2026-06-17 03:03:06'),
(31, 'Jack Thompson', 'Australia', 'ST', 45, 35, 35, 35, 1, NULL, 0, 0, 1, 1, '2026-06-17 03:03:06'),
(32, 'Oliver Smith', 'Australia', 'ST', 45, 35, 35, 35, 1, NULL, 0, 0, 1, 1, '2026-06-17 03:03:06'),
(33, 'Carlos Rodriguez', '', 'ST', 45, 35, 35, 35, 1, NULL, 0, 0, 1, 1, '2026-06-17 03:03:06'),
(34, 'Miguel Fernandez', 'Spain', 'ST', 45, 35, 35, 35, 1, NULL, 0, 0, 1, 1, '2026-06-17 03:03:06'),
(35, 'Alejandro Garcia', 'Spain', 'ST', 45, 35, 35, 35, 1, NULL, 0, 0, 1, 1, '2026-06-17 03:03:06'),
(36, 'Lucas Silva', 'Brazil', 'ST', 45, 35, 35, 35, 1, NULL, 0, 0, 1, 1, '2026-06-17 03:03:06'),
(37, 'Joao Pereira', 'Brazil', 'ST', 45, 35, 35, 35, 1, NULL, 0, 0, 1, 1, '2026-06-17 03:03:06'),
(38, 'Mateus Costa', 'Brazil', 'ST', 48, 38, 38, 38, 1, NULL, 0, 0, NULL, 4, '2026-06-17 03:03:06'),
(39, 'Fachrur Hannan', 'Indonesia', 'CM', 128, 163, 163, 163, 7, NULL, 1, 1, 2, 20, '2026-06-17 12:34:09'),
(40, 'Yuki Nakamura', 'Japan', 'ST', 55, 45, 45, 45, 2, NULL, 0, 0, NULL, 1, '2026-06-18 02:27:35'),
(41, 'Rizky Pratama', 'Indonesia', 'GK', 45, 35, 35, 35, 1, NULL, 0, 0, 1, 1, '2026-06-18 02:27:35'),
(42, 'Dimas Setiawan', 'Indonesia', 'LB', 45, 35, 35, 35, 1, NULL, 0, 0, 1, 1, '2026-06-18 02:28:04'),
(43, 'Mateus Costa', 'Brazil', 'ST', 48, 38, 38, 38, 1, NULL, 0, 0, NULL, 4, '2026-06-18 02:28:04'),
(44, 'Andi Saputra', 'Indonesia', 'CB', 45, 35, 35, 35, 1, NULL, 0, 0, 1, 1, '2026-06-18 02:28:04'),
(45, 'Alisson Becker', 'Brazil', 'GK', 86, 40, 89, 78, 6, NULL, 0, 1, 2, 1, '2026-06-18 03:09:11'),
(46, 'Ederson Santana', 'Brazil', 'GK', 85, 42, 87, 76, 6, NULL, 0, 1, 5, 1, '2026-06-18 03:09:11'),
(47, 'Thibaut Courtois', 'Belgium', 'GK', 87, 38, 90, 75, 6, NULL, 0, 1, 2, 1, '2026-06-18 03:09:11'),
(48, 'Manuel Neuer', 'Germany', 'GK', 84, 45, 86, 80, 6, NULL, 0, 1, 2, 1, '2026-06-18 03:09:11'),
(49, 'Jan Oblak', 'Slovenia', 'GK', 83, 35, 88, 72, 6, NULL, 0, 1, 2, 1, '2026-06-18 03:09:11'),
(50, 'Gianluigi Donnarumma', 'Italy', 'GK', 85, 40, 87, 74, 6, NULL, 0, 1, 2, 1, '2026-06-18 03:09:11'),
(51, 'David De Gea', 'Spain', 'GK', 82, 38, 85, 73, 6, NULL, 0, 1, 5, 1, '2026-06-18 03:09:11'),
(52, 'Marc-Andre ter Stegen', 'Germany', 'GK', 84, 39, 86, 77, 6, NULL, 0, 1, 2, 1, '2026-06-18 03:09:11'),
(53, 'Keylor Navas', 'Costa Rica', 'GK', 81, 36, 84, 71, 6, NULL, 0, 1, 5, 1, '2026-06-18 03:09:11'),
(54, 'Emiliano Martinez', 'Argentina', 'GK', 83, 37, 85, 73, 6, NULL, 0, 1, 3, 1, '2026-06-18 03:09:11'),
(55, 'Ruben Dias', 'Portugal', 'CB', 86, 55, 90, 80, 6, NULL, 0, 1, 4, 1, '2026-06-18 03:09:11'),
(56, 'Marquinhos', 'Brazil', 'CB', 85, 54, 89, 79, 6, NULL, 0, 1, 1, 1, '2026-06-18 03:09:11'),
(57, 'Alessandro Bastoni', 'Italy', 'CB', 84, 52, 88, 78, 6, NULL, 0, 1, 2, 1, '2026-06-18 03:09:11'),
(58, 'William Saliba', 'France', 'CB', 85, 53, 89, 77, 6, NULL, 0, 1, 2, 1, '2026-06-18 03:09:11'),
(59, 'Josko Gvardiol', 'Croatia', 'CB', 84, 56, 87, 78, 6, NULL, 0, 1, 4, 1, '2026-06-18 03:09:11'),
(60, 'David Alaba', 'Austria', 'CB', 83, 58, 86, 81, 6, NULL, 0, 1, 2, 1, '2026-06-18 03:09:11'),
(61, 'Mats Hummels', 'Germany', 'CB', 82, 50, 87, 79, 6, NULL, 0, 1, 2, 1, '2026-06-18 03:09:11'),
(62, 'Raphael Varane', 'France', 'CB', 84, 51, 88, 76, 6, NULL, 0, 1, 1, 1, '2026-06-18 03:09:11'),
(63, 'Kim Min-jae', 'South Korea', 'CB', 83, 49, 87, 75, 6, NULL, 0, 1, 1, 1, '2026-06-18 03:09:11'),
(64, 'Antonio Rudiger', 'Germany', 'CB', 84, 53, 88, 77, 6, NULL, 0, 1, 2, 1, '2026-06-18 03:09:11'),
(65, 'Jules Kounde', 'France', 'CB', 83, 54, 86, 76, 6, NULL, 0, 1, 2, 1, '2026-06-18 03:09:11'),
(66, 'Theo Hernandez', 'France', 'LB', 85, 72, 78, 80, 6, NULL, 0, 1, 2, 1, '2026-06-18 03:09:11'),
(67, 'Alphonso Davies', 'Canada', 'LB', 84, 74, 76, 79, 6, NULL, 0, 1, 2, 1, '2026-06-18 03:09:11'),
(68, 'Ferland Mendy', 'France', 'LB', 83, 68, 79, 77, 6, NULL, 0, 1, 2, 1, '2026-06-18 03:09:11'),
(69, 'Andrew Robertson', 'Scotland', 'LB', 82, 70, 77, 82, 6, NULL, 0, 1, 4, 1, '2026-06-18 03:09:11'),
(70, 'Nuno Mendes', 'Portugal', 'LB', 83, 73, 75, 78, 6, NULL, 0, 1, 2, 1, '2026-06-18 03:09:11'),
(71, 'Achraf Hakimi', 'Morocco', 'RB', 85, 76, 77, 79, 6, NULL, 0, 1, 2, 1, '2026-06-18 03:09:11'),
(72, 'Kyle Walker', 'England', 'RB', 83, 68, 80, 76, 6, NULL, 0, 1, 2, 1, '2026-06-18 03:09:11'),
(73, 'Dani Carvajal', 'Spain', 'RB', 84, 70, 79, 78, 6, NULL, 0, 1, 2, 1, '2026-06-18 03:09:11'),
(74, 'Reece James', 'England', 'RB', 82, 72, 77, 75, 6, NULL, 0, 1, 1, 1, '2026-06-18 03:09:11'),
(75, 'Trent Alexander-Arnold', 'England', 'RB', 86, 78, 74, 82, 6, NULL, 0, 1, 2, 1, '2026-06-18 03:09:11'),
(76, 'Casemiro', 'Brazil', 'CDM', 84, 68, 85, 82, 6, NULL, 0, 1, 4, 1, '2026-06-18 03:09:11'),
(77, 'Joshua Kimmich', 'Germany', 'CDM', 86, 72, 82, 88, 6, NULL, 0, 1, 2, 1, '2026-06-18 03:09:11'),
(78, 'Rodri', 'Spain', 'CDM', 87, 70, 84, 85, 6, NULL, 0, 1, 3, 1, '2026-06-18 03:09:11'),
(79, 'Declan Rice', 'England', 'CDM', 80, 78, 78, 78, 6, NULL, 0, 1, 5, 1, '2026-06-18 03:09:11'),
(80, 'Aurelien Tchouameni', 'France', 'CDM', 84, 66, 82, 80, 6, NULL, 0, 1, 2, 1, '2026-06-18 03:09:11'),
(81, 'N\'Golo Kante', 'France', 'CDM', 83, 64, 84, 84, 6, NULL, 0, 1, 2, 1, '2026-06-18 03:09:11'),
(82, 'Sergio Busquets', 'Spain', 'CDM', 82, 62, 81, 86, 6, NULL, 0, 1, 2, 1, '2026-06-18 03:09:11'),
(83, 'Frenkie de Jong', 'Netherlands', 'CM', 86, 76, 74, 85, 6, NULL, 0, 1, 2, 1, '2026-06-18 03:09:11'),
(84, 'Pedri', 'Spain', 'CM', 85, 78, 72, 86, 6, NULL, 0, 1, 2, 1, '2026-06-18 03:09:11'),
(85, 'Gavi', 'Spain', 'CM', 84, 79, 70, 83, 6, NULL, 0, 1, 2, 1, '2026-06-18 03:09:11'),
(86, 'Jude Bellingham', 'England', 'CM', 80, 78, 78, 78, 6, NULL, 0, 1, 5, 1, '2026-06-18 03:09:11'),
(87, 'Eduardo Camavinga', 'France', 'CM', 84, 77, 75, 82, 6, NULL, 0, 1, 2, 1, '2026-06-18 03:09:11'),
(88, 'Bruno Fernandes', 'Portugal', 'CAM', 87, 84, 66, 85, 6, NULL, 0, 1, 3, 1, '2026-06-18 03:09:11'),
(89, 'Bernardo Silva', 'Portugal', 'CAM', 86, 82, 68, 84, 6, NULL, 0, 1, 2, 1, '2026-06-18 03:09:11'),
(90, 'Jack Grealish', 'England', 'CAM', 83, 80, 64, 82, 6, NULL, 0, 1, 2, 1, '2026-06-18 03:09:11'),
(91, 'James Maddison', 'England', 'CAM', 84, 81, 62, 83, 6, NULL, 0, 1, 2, 1, '2026-06-18 03:09:11'),
(92, 'Florian Wirtz', 'Germany', 'CAM', 85, 83, 60, 84, 6, NULL, 0, 1, 2, 1, '2026-06-18 03:09:11'),
(93, 'Jamal Musiala', 'Germany', 'CAM', 86, 84, 62, 85, 6, NULL, 0, 1, 2, 1, '2026-06-18 03:09:11'),
(94, 'Martin Odegaard', 'Norway', 'CAM', 85, 82, 63, 86, 6, NULL, 0, 1, 1, 1, '2026-06-18 03:09:11'),
(95, 'Phil Foden', 'England', 'LW', 87, 87, 58, 83, 6, NULL, 0, 1, 2, 1, '2026-06-18 03:09:11'),
(96, 'Rafael Leao', 'Portugal', 'LW', 85, 86, 54, 80, 6, NULL, 0, 1, 4, 1, '2026-06-18 03:09:11'),
(97, 'Dusan Vlahovic', 'Serbia', 'ST', 84, 85, 52, 77, 6, NULL, 0, 1, 2, 1, '2026-06-18 03:09:11'),
(98, 'Lautaro Martinez', 'Argentina', 'ST', 87, 88, 50, 80, 6, NULL, 0, 1, 5, 1, '2026-06-18 03:09:11'),
(99, 'Alexander Isak', 'Sweden', 'ST', 86, 87, 51, 79, 6, NULL, 0, 1, 2, 1, '2026-06-18 03:09:11'),
(100, 'Rasmus Hojlund', 'Denmark', 'ST', 83, 84, 48, 76, 6, NULL, 0, 1, 2, 1, '2026-06-18 03:09:11'),
(101, 'Alvaro Morata', 'Spain', 'ST', 82, 82, 50, 77, 6, NULL, 0, 1, 4, 1, '2026-06-18 03:09:11'),
(102, 'Joshua Zirkzee', 'Netherlands', 'ST', 81, 80, 47, 75, 6, NULL, 0, 1, 2, 1, '2026-06-18 03:09:11'),
(103, 'Harry Kane', 'England', 'ST', 89, 90, 52, 84, 6, NULL, 0, 1, 5, 1, '2026-06-18 03:09:11'),
(104, 'Romelu Lukaku', 'Belgium', 'ST', 83, 85, 46, 73, 6, NULL, 0, 1, 2, 1, '2026-06-18 03:09:11'),
(105, 'Victor Osimhen', 'Nigeria', 'ST', 86, 88, 48, 77, 6, NULL, 0, 1, 2, 1, '2026-06-18 03:09:11'),
(106, 'Luis Diaz', 'Colombia', 'LW', 85, 86, 54, 81, 6, NULL, 0, 1, 2, 1, '2026-06-18 03:09:11'),
(107, 'Grealish', 'England', 'LW', 83, 82, 56, 82, 6, NULL, 0, 1, 2, 1, '2026-06-18 03:09:11'),
(108, 'Vinicius Junior', 'Brazil', 'LW', 90, 87, 87, 87, 7, NULL, 0, 1, 2, 1, '2026-06-18 03:09:11'),
(109, 'Rodrygo', 'Brazil', 'RW', 86, 87, 52, 80, 6, NULL, 0, 1, 2, 1, '2026-06-18 03:09:11'),
(110, 'Bukayo Saka', 'England', 'RW', 87, 88, 54, 83, 6, NULL, 0, 1, 2, 1, '2026-06-18 03:09:11'),
(111, 'Marcus Rashford', 'England', 'LW', 84, 85, 50, 78, 6, NULL, 0, 1, 2, 1, '2026-06-18 03:09:11'),
(112, 'Eder Militao', 'Brazil', 'CB', 85, 52, 88, 77, 6, NULL, 0, 1, 2, 1, '2026-06-18 03:09:11'),
(113, 'Diego Carlos', 'Brazil', 'CB', 81, 48, 84, 74, 6, NULL, 0, 1, 1, 1, '2026-06-18 03:09:11'),
(114, 'Fikayo Tomori', 'England', 'CB', 82, 50, 85, 75, 6, NULL, 0, 1, 1, 1, '2026-06-18 03:09:11'),
(115, 'Eric Dier', 'England', 'CB', 80, 47, 83, 76, 6, NULL, 0, 1, 1, 1, '2026-06-18 03:09:11'),
(116, 'Gleison Bremer', 'Brazil', 'CB', 83, 51, 86, 76, 6, NULL, 0, 1, 3, 1, '2026-06-18 03:09:11'),
(117, 'Nathan Ake', 'Netherlands', 'CB', 83, 52, 85, 78, 6, NULL, 0, 1, 5, 1, '2026-06-18 03:09:11'),
(118, 'Jurrien Timber', 'Netherlands', 'CB', 82, 50, 84, 77, 6, NULL, 0, 1, 4, 1, '2026-06-18 03:09:11'),
(119, 'Christopher Nkunku', 'France', 'CAM', 86, 84, 62, 82, 6, NULL, 0, 1, 2, 1, '2026-06-18 03:09:11'),
(120, 'Kingsley Coman', 'France', 'LW', 84, 84, 52, 79, 6, NULL, 0, 1, 2, 1, '2026-06-18 03:09:11'),
(121, 'Ousmane Dembele', 'France', 'RW', 83, 83, 50, 78, 6, NULL, 0, 1, 3, 1, '2026-06-18 03:09:11'),
(122, 'Joao Felix', 'Portugal', 'CAM', 85, 82, 60, 81, 6, NULL, 0, 1, 1, 1, '2026-06-18 03:09:11'),
(123, 'Matheus Nunes', 'Portugal', 'CM', 82, 76, 70, 80, 6, NULL, 0, 1, 2, 1, '2026-06-18 03:09:11'),
(124, 'Joao Palhinha', 'Portugal', 'CDM', 83, 64, 82, 79, 6, NULL, 0, 1, 2, 1, '2026-06-18 03:09:11'),
(125, 'Goncalo Ramos', 'Portugal', 'ST', 84, 85, 48, 77, 6, NULL, 0, 1, 2, 1, '2026-06-18 03:09:11'),
(126, 'Sofyan Amrabat', 'Morocco', 'CDM', 82, 62, 81, 80, 6, NULL, 0, 1, 2, 1, '2026-06-18 03:09:11'),
(127, 'Hakim Ziyech', 'Morocco', 'RW', 81, 80, 50, 76, 6, NULL, 0, 1, 2, 1, '2026-06-18 03:09:11'),
(128, 'Ashraf Hakimi', 'Morocco', 'RB', 85, 76, 77, 79, 6, NULL, 0, 1, 2, 1, '2026-06-18 03:09:11'),
(129, 'Nayef Aguerd', 'Morocco', 'CB', 81, 48, 84, 74, 6, NULL, 0, 1, 2, 1, '2026-06-18 03:09:11'),
(130, 'Tariq Lamptey', 'Ghana', 'RB', 80, 70, 74, 76, 6, NULL, 0, 1, 1, 1, '2026-06-18 03:09:11'),
(131, 'Thomas Partey', 'Ghana', 'CDM', 84, 68, 83, 82, 6, NULL, 0, 1, 4, 1, '2026-06-18 03:09:11'),
(132, 'Mohammed Kudus', 'Ghana', 'CAM', 83, 80, 62, 80, 6, NULL, 0, 1, 4, 1, '2026-06-18 03:09:11'),
(133, 'Jordan Ayew', 'Ghana', 'ST', 80, 78, 48, 75, 6, NULL, 0, 1, 2, 1, '2026-06-18 03:09:11'),
(134, 'Sergej Milinkovic-Savic', 'Serbia', 'CM', 85, 78, 72, 83, 6, NULL, 0, 1, 1, 1, '2026-06-18 03:09:11'),
(135, 'Aleksandar Mitrovic', 'Serbia', 'ST', 82, 83, 46, 74, 6, NULL, 0, 1, 2, 1, '2026-06-18 03:09:11'),
(136, 'Nikola Milenkovic', 'Serbia', 'CB', 81, 48, 84, 75, 6, NULL, 0, 1, 2, 1, '2026-06-18 03:09:11'),
(137, 'Hirving Lozano', 'Mexico', 'LW', 82, 82, 50, 77, 6, NULL, 0, 1, 1, 1, '2026-06-18 03:09:11'),
(138, 'Raul Jimenez', 'Mexico', 'ST', 80, 78, 46, 74, 6, NULL, 0, 1, 4, 1, '2026-06-18 03:09:11'),
(139, 'Edson Alvarez', 'Mexico', 'CDM', 83, 64, 82, 80, 6, NULL, 0, 1, 2, 1, '2026-06-18 03:09:11'),
(140, 'Johan Vasquez', 'Mexico', 'CB', 80, 46, 83, 73, 6, NULL, 0, 1, 2, 1, '2026-06-18 03:09:11'),
(141, 'Enzo Fernandez', 'Argentina', 'CM', 87, 78, 74, 85, 6, NULL, 0, 1, 1, 1, '2026-06-18 03:09:11'),
(142, 'Alexis Mac Allister', 'Argentina', 'CM', 85, 76, 72, 84, 6, NULL, 0, 1, 1, 1, '2026-06-18 03:09:11'),
(143, 'Julian Alvarez', 'Argentina', 'ST', 87, 88, 50, 82, 6, NULL, 0, 1, 2, 1, '2026-06-18 03:09:11'),
(144, 'Nicolas Otamendi', 'Argentina', 'CB', 82, 48, 86, 78, 6, NULL, 0, 1, 3, 1, '2026-06-18 03:09:11'),
(145, 'Leandro Paredes', 'Argentina', 'CDM', 81, 62, 80, 79, 6, NULL, 0, 1, 5, 1, '2026-06-18 03:09:11'),
(146, 'Marcelo', 'Brazil', 'LB', 92, 78, 76, 88, 7, NULL, 0, 1, 2, 1, '2026-06-18 03:09:11'),
(147, 'Dani Alves', 'Brazil', 'RB', 93, 80, 78, 89, 7, NULL, 0, 1, 2, 1, '2026-06-18 03:09:11'),
(148, 'Sergio Ramos', 'Spain', 'CB', 94, 70, 95, 87, 7, NULL, 0, 1, 3, 1, '2026-06-18 03:09:11'),
(149, 'Gerard Pique', 'Spain', 'CB', 92, 60, 93, 85, 7, NULL, 0, 1, 2, 1, '2026-06-18 03:09:11'),
(150, 'Carles Puyol', 'Spain', 'CB', 95, 55, 96, 88, 7, NULL, 0, 1, 2, 1, '2026-06-18 03:09:11'),
(151, 'Roberto Carlos', 'Brazil', 'LB', 98, 82, 80, 90, 7, NULL, 0, 1, 2, 1, '2026-06-18 03:09:11'),
(152, 'Cafu', 'Brazil', 'RB', 97, 80, 82, 89, 7, NULL, 0, 1, 4, 1, '2026-06-18 03:09:11'),
(153, 'Franco Baresi', 'Italy', 'CB', 96, 56, 97, 90, 7, NULL, 0, 1, 2, 1, '2026-06-18 03:09:11'),
(154, 'Fabio Cannavaro', 'Italy', 'CB', 133, 130, 172, 164, 7, NULL, 0, 1, 5, 20, '2026-06-18 03:09:11'),
(155, 'Giuseppe Bergomi', 'Italy', 'RB', 92, 68, 90, 85, 7, NULL, 0, 1, 2, 1, '2026-06-18 03:09:11'),
(156, 'Paolo Roberto', 'Italy', 'GK', 132, 118, 168, 162, 7, NULL, 0, 1, 1, 20, '2026-06-18 03:09:11'),
(157, 'Dino Zoff', 'Italy', 'GK', 93, 40, 91, 85, 7, NULL, 0, 1, 1, 1, '2026-06-18 03:09:11'),
(158, 'Fabien Barthez', 'France', 'GK', 91, 38, 88, 83, 7, NULL, 0, 1, 1, 1, '2026-06-18 03:09:11'),
(159, 'Gianluigi Buffon', 'Italy', 'GK', 97, 45, 95, 89, 7, NULL, 0, 1, 2, 1, '2026-06-18 03:09:11'),
(160, 'Iker Casillas', 'Spain', 'GK', 96, 42, 94, 87, 7, NULL, 0, 1, 2, 1, '2026-06-18 03:09:11'),
(161, 'Peter Schmeichel', 'Denmark', 'GK', 94, 40, 92, 86, 7, NULL, 0, 1, 2, 1, '2026-06-18 03:09:11'),
(162, 'Oliver Kahn', 'Germany', 'GK', 95, 42, 93, 86, 7, NULL, 0, 1, 2, 1, '2026-06-18 03:09:11'),
(163, 'Alessandro Nesta', 'Italy', 'CB', 94, 52, 96, 86, 7, NULL, 0, 1, 1, 1, '2026-06-18 03:09:11'),
(164, 'Gennaro Gattuso', 'Italy', 'CDM', 92, 64, 88, 90, 7, NULL, 0, 1, 4, 1, '2026-06-18 03:09:11'),
(165, 'Andrea Pirlo', 'Italy', 'CM', 98, 82, 76, 95, 7, NULL, 0, 1, 1, 1, '2026-06-18 03:09:11'),
(166, 'Roberto Baggio', 'Italy', 'CAM', 97, 86, 64, 92, 7, NULL, 0, 1, 5, 1, '2026-06-18 03:09:11'),
(167, 'Francesco Totti', 'Italy', 'CAM', 95, 84, 60, 90, 7, NULL, 0, 1, 2, 1, '2026-06-18 03:09:11'),
(168, 'Alessandro Del Piero', 'Italy', 'ST', 94, 86, 54, 89, 7, NULL, 0, 1, 5, 1, '2026-06-18 03:09:11'),
(169, 'Christian Vieri', 'Italy', 'ST', 93, 88, 50, 84, 7, NULL, 0, 1, 1, 1, '2026-06-18 03:09:11'),
(170, 'Gianluca Vialli', 'Italy', 'ST', 92, 85, 50, 84, 7, NULL, 0, 1, 5, 1, '2026-06-18 03:09:11'),
(171, 'Fabio Toldo', 'Italy', 'GK', 90, 38, 87, 82, 7, NULL, 0, 1, 2, 1, '2026-06-18 03:09:11'),
(172, 'Walter Zenga', 'Italy', 'GK', 130, 115, 165, 159, 7, NULL, 0, 1, 5, 20, '2026-06-18 03:09:11'),
(173, 'Claudio Gentile', 'Italy', 'CB', 91, 50, 93, 82, 7, NULL, 0, 1, 5, 1, '2026-06-18 03:09:11'),
(174, 'Marco Tardelli', 'Italy', 'CM', 93, 78, 74, 88, 7, NULL, 0, 1, 2, 1, '2026-06-18 03:09:11'),
(175, 'Ryan Giggs', 'Wales', 'LW', 94, 86, 54, 88, 7, NULL, 0, 1, 4, 1, '2026-06-18 03:09:11'),
(176, 'Roy Keane', 'Ireland', 'CDM', 93, 66, 86, 90, 7, NULL, 0, 1, 1, 1, '2026-06-18 03:09:11'),
(177, 'Paul Scholes', 'England', 'CM', 95, 82, 74, 92, 7, NULL, 0, 1, 1, 1, '2026-06-18 03:09:11'),
(178, 'David Beckham', 'England', 'RW', 96, 84, 60, 90, 7, NULL, 0, 1, 1, 1, '2026-06-18 03:09:11'),
(179, 'Gary Neville', 'England', 'RB', 91, 68, 86, 84, 7, NULL, 0, 1, 2, 1, '2026-06-18 03:09:11'),
(180, 'Rio Ferdinand', 'England', 'CB', 93, 56, 95, 85, 7, NULL, 0, 1, 2, 1, '2026-06-18 03:09:11'),
(181, 'Wayne Rooney', 'England', 'ST', 135, 168, 132, 164, 7, NULL, 0, 1, 2, 20, '2026-06-18 03:09:11'),
(182, 'Steven Gerrard', 'England', 'CM', 96, 84, 76, 92, 7, NULL, 0, 1, 5, 1, '2026-06-18 03:09:11'),
(183, 'Frank Lampard', 'England', 'CM', 96, 86, 72, 90, 7, NULL, 0, 1, 2, 1, '2026-06-18 03:09:11'),
(184, 'John Terry', 'England', 'CB', 94, 56, 96, 86, 7, NULL, 0, 1, 1, 1, '2026-06-18 03:09:11'),
(185, 'Ashley Cole', 'England', 'LB', 131, 150, 156, 162, 7, NULL, 0, 1, 5, 20, '2026-06-18 03:09:11'),
(186, 'Sol Campbell', 'England', 'CB', 92, 54, 94, 84, 7, NULL, 0, 1, 1, 1, '2026-06-18 03:09:11'),
(187, 'Bobby Charlton', 'England', 'CAM', 90, 87, 87, 87, 7, NULL, 0, 1, 5, 1, '2026-06-18 03:09:11'),
(188, 'Alan Shearer', 'England', 'ST', 95, 92, 48, 86, 7, NULL, 0, 1, 2, 1, '2026-06-18 03:09:11'),
(189, 'Michael Owen', 'England', 'ST', 93, 90, 46, 82, 7, NULL, 0, 1, 2, 1, '2026-06-18 03:09:11'),
(190, 'Gary Lineker', 'England', 'ST', 92, 88, 46, 84, 7, NULL, 0, 1, 2, 1, '2026-06-18 03:09:11'),
(191, 'Jimmy Greaves', 'England', 'ST', 94, 90, 44, 84, 7, NULL, 0, 1, 1, 1, '2026-06-18 03:09:11'),
(192, 'Kevin Keegan', 'England', 'RW', 93, 86, 52, 86, 7, NULL, 0, 1, 1, 1, '2026-06-18 03:09:11'),
(193, 'Xavi Hernandez', 'Spain', 'CM', 137, 158, 154, 172, 7, NULL, 0, 1, 2, 20, '2026-06-18 03:09:11'),
(194, 'Andres Iniesta', 'Spain', 'CM', 137, 160, 152, 171, 7, NULL, 0, 1, 1, 20, '2026-06-18 03:09:11'),
(195, 'Xabi Alonso', 'Spain', 'CDM', 95, 72, 84, 92, 7, NULL, 0, 1, 5, 1, '2026-06-18 03:09:11'),
(196, 'Cesc Fabregas', 'Spain', 'CM', 94, 80, 72, 90, 7, NULL, 0, 1, 2, 1, '2026-06-18 03:09:11'),
(197, 'Raul Gonzalez', 'Spain', 'ST', 96, 90, 52, 88, 7, NULL, 0, 1, 2, 1, '2026-06-18 03:09:11'),
(198, 'Fernando Torres', 'Spain', 'ST', 94, 88, 50, 84, 7, NULL, 0, 1, 2, 1, '2026-06-18 03:09:11'),
(199, 'David Villa', 'Spain', 'ST', 95, 90, 50, 86, 7, NULL, 0, 1, 2, 1, '2026-06-18 03:09:11'),
(200, 'Fernando Hierro', 'Spain', 'CB', 92, 56, 92, 86, 7, NULL, 0, 1, 2, 1, '2026-06-18 03:09:11'),
(201, 'Emilio Butragueno', 'Spain', 'ST', 93, 88, 48, 85, 7, NULL, 0, 1, 1, 1, '2026-06-18 03:09:11'),
(202, 'Luis Suarez', 'Uruguay', 'ST', 90, 87, 87, 87, 7, NULL, 0, 1, 5, 1, '2026-06-18 03:09:11'),
(203, 'Diego Godin', 'Uruguay', 'CB', 91, 52, 94, 84, 7, NULL, 0, 1, 1, 1, '2026-06-18 03:09:11'),
(204, 'Edinson Cavani', 'Uruguay', 'ST', 92, 88, 48, 83, 7, NULL, 0, 1, 5, 1, '2026-06-18 03:09:11'),
(205, 'Alvaro Recoba', 'Uruguay', 'CAM', 90, 82, 56, 82, 7, NULL, 0, 1, 2, 1, '2026-06-18 03:09:11'),
(206, 'Johan Cruyff', 'Netherlands', 'CAM', 99, 90, 68, 94, 7, NULL, 0, 1, 4, 1, '2026-06-18 03:09:11'),
(207, 'Marco van Basten', 'Netherlands', 'ST', 98, 92, 52, 88, 7, NULL, 0, 1, 3, 1, '2026-06-18 03:09:11'),
(208, 'Ruud Gullit', 'Netherlands', 'CM', 97, 84, 74, 90, 7, NULL, 0, 1, 2, 1, '2026-06-18 03:09:11'),
(209, 'Frank Rijkaard', 'Netherlands', 'CDM', 96, 70, 86, 90, 7, NULL, 0, 1, 2, 1, '2026-06-18 03:09:11'),
(210, 'Dennis Bergkamp', 'Netherlands', 'CAM', 96, 86, 62, 90, 7, NULL, 0, 1, 1, 1, '2026-06-18 03:09:11'),
(211, 'Patrick Kluivert', 'Netherlands', 'ST', 93, 88, 48, 85, 7, NULL, 0, 1, 2, 1, '2026-06-18 03:09:11'),
(212, 'Clarence Seedorf', 'Netherlands', 'CM', 95, 80, 74, 90, 7, NULL, 0, 1, 2, 1, '2026-06-18 03:09:11'),
(213, 'Edgar Davids', 'Netherlands', 'CDM', 94, 68, 84, 89, 7, NULL, 0, 1, 2, 1, '2026-06-18 03:09:11'),
(214, 'Robin van Persie', 'Netherlands', 'ST', 94, 88, 50, 86, 7, NULL, 0, 1, 5, 1, '2026-06-18 03:09:11'),
(215, 'Arjen Robben', 'Netherlands', 'RW', 134, 166, 128, 162, 7, NULL, 0, 1, 2, 20, '2026-06-18 03:09:11'),
(216, 'Wesley Sneijder', 'Netherlands', 'CAM', 95, 84, 58, 88, 7, NULL, 0, 1, 2, 1, '2026-06-18 03:09:11'),
(217, 'Rafael van der Vaart', 'Netherlands', 'CAM', 91, 82, 56, 84, 7, NULL, 0, 1, 2, 1, '2026-06-18 03:09:11'),
(218, 'Ruud van Nistelrooy', 'Netherlands', 'ST', 95, 90, 46, 84, 7, NULL, 0, 1, 2, 1, '2026-06-18 03:09:11'),
(219, 'Marc Overmars', 'Netherlands', 'LW', 93, 88, 52, 86, 7, NULL, 0, 1, 1, 1, '2026-06-18 03:09:11'),
(220, 'Gio van Bronckhorst', 'Netherlands', 'LB', 90, 70, 78, 84, 7, NULL, 0, 1, 2, 1, '2026-06-18 03:09:11'),
(221, 'Michael Ballack', 'Germany', 'CM', 95, 82, 76, 88, 7, NULL, 0, 1, 2, 1, '2026-06-18 03:09:11'),
(222, 'Miroslav Klose', 'Germany', 'ST', 94, 88, 48, 86, 7, NULL, 0, 1, 2, 1, '2026-06-18 03:09:11'),
(223, 'Jurgen Klinsmann', 'Germany', 'ST', 93, 86, 50, 85, 7, NULL, 0, 1, 1, 1, '2026-06-18 03:09:11'),
(224, 'Gerd Muller', 'Germany', 'ST', 98, 94, 44, 86, 7, NULL, 0, 1, 3, 1, '2026-06-18 03:09:11'),
(225, 'Franz Beckenbauer', 'Germany', 'CB', 99, 60, 98, 94, 7, NULL, 0, 1, 4, 1, '2026-06-18 03:09:11'),
(226, 'Bastian Schweinsteiger', 'Germany', 'CM', 93, 78, 76, 88, 7, NULL, 0, 1, 5, 1, '2026-06-18 03:09:11'),
(227, 'Lothar Matthaus', 'Germany', 'CM', 97, 84, 78, 90, 7, NULL, 0, 1, 2, 1, '2026-06-18 03:09:11'),
(228, 'Karl-Heinz Rummenigge', 'Germany', 'ST', 96, 90, 50, 87, 7, NULL, 0, 1, 5, 1, '2026-06-18 03:09:11'),
(229, 'Thomas Muller', 'Germany', 'CAM', 92, 84, 60, 86, 7, NULL, 0, 1, 2, 1, '2026-06-18 03:09:11'),
(230, 'Toni Kroos', 'Germany', 'CM', 94, 78, 72, 92, 7, NULL, 0, 1, 2, 1, '2026-06-18 03:09:11'),
(231, 'Zico', 'Brazil', 'CAM', 98, 88, 64, 92, 7, NULL, 0, 1, 2, 1, '2026-06-18 03:09:11'),
(232, 'Pele', 'Brazil', 'ST', 138, 172, 132, 170, 7, NULL, 0, 1, 5, 20, '2026-06-18 03:09:11'),
(233, 'Garrincha', 'Brazil', 'RW', 99, 94, 52, 90, 7, NULL, 0, 1, 4, 1, '2026-06-18 03:09:11'),
(234, 'Romario', 'Brazil', 'ST', 98, 94, 50, 88, 7, NULL, 0, 1, 1, 1, '2026-06-18 03:09:11'),
(235, 'Rivaldo', 'Brazil', 'CAM', 97, 88, 62, 90, 7, NULL, 0, 1, 1, 1, '2026-06-18 03:09:11'),
(236, 'Ronaldinho Gaucho', 'Brazil', 'CAM', 98, 90, 62, 92, 7, NULL, 0, 1, 1, 1, '2026-06-18 03:09:11'),
(237, 'Thierry Henry', 'France', 'ST', 97, 92, 52, 88, 7, NULL, 0, 1, 2, 1, '2026-06-18 03:09:11'),
(238, 'Zinedine Zidane', 'France', 'CAM', 138, 166, 144, 170, 7, NULL, 0, 1, 1, 20, '2026-06-18 03:09:11'),
(239, 'Patrick Vieira', 'France', 'CDM', 96, 70, 88, 90, 7, NULL, 0, 1, 2, 1, '2026-06-18 03:09:11'),
(240, 'Michel Platini', 'France', 'CAM', 137, 164, 142, 168, 7, NULL, 0, 1, 2, 20, '2026-06-18 03:09:11'),
(241, 'Just Fontaine', 'France', 'ST', 95, 92, 46, 86, 7, NULL, 0, 1, 1, 1, '2026-06-18 03:09:11'),
(242, 'Raymond Kopa', 'France', 'CAM', 94, 86, 60, 88, 7, NULL, 0, 1, 2, 1, '2026-06-18 03:09:11'),
(243, 'Robert Lewandowski', 'Poland', 'ST', 96, 92, 50, 86, 7, NULL, 0, 1, 1, 1, '2026-06-18 03:09:11'),
(244, 'Kylian Mbappe', 'France', 'ST', 95, 93, 54, 84, 7, NULL, 0, 1, 5, 1, '2026-06-18 03:09:11'),
(245, 'George Weah', 'Liberia', 'ST', 94, 88, 48, 84, 7, NULL, 0, 1, 1, 1, '2026-06-18 03:09:11'),
(246, 'Fajar Nugroho', 'Indonesia', 'CB', 45, 35, 35, 35, 1, NULL, 0, 0, 1, 1, '2026-06-18 03:09:29'),
(247, 'Budi Santoso', 'Indonesia', 'CB', 45, 35, 35, 35, 1, NULL, 0, 0, 1, 1, '2026-06-18 03:10:39'),
(248, 'Kenji Tanaka', 'Japan', 'LB', 45, 35, 35, 35, 1, NULL, 0, 0, 1, 1, '2026-06-18 03:10:41'),
(249, 'Yuki Nakamura', 'Japan', 'ST', 55, 45, 45, 45, 2, NULL, 0, 0, 1, 1, '2026-06-18 03:21:40'),
(250, 'Player 1', 'Unknown', 'ST', 45, 35, 35, 35, 1, NULL, 0, 0, NULL, 1, '2026-06-18 09:51:34'),
(251, 'Player 2', 'Unknown', 'ST', 45, 35, 35, 35, 1, NULL, 0, 0, NULL, 1, '2026-06-18 09:51:34'),
(252, 'Player 3', 'Unknown', 'ST', 45, 35, 35, 35, 1, NULL, 0, 0, NULL, 1, '2026-06-18 09:51:34'),
(253, 'Player 4', 'Unknown', 'ST', 45, 35, 35, 35, 1, NULL, 0, 0, NULL, 1, '2026-06-18 09:51:34'),
(254, 'Player 5', 'Unknown', 'ST', 45, 35, 35, 35, 1, NULL, 0, 0, NULL, 1, '2026-06-18 09:51:34'),
(255, 'Player 6', 'Unknown', 'ST', 45, 35, 35, 35, 1, NULL, 0, 0, NULL, 1, '2026-06-18 09:51:34'),
(256, 'Player 7', 'Unknown', 'ST', 45, 35, 35, 35, 1, NULL, 0, 0, NULL, 1, '2026-06-18 09:51:34'),
(257, 'Player 8', 'Unknown', 'ST', 45, 35, 35, 35, 1, NULL, 0, 0, NULL, 1, '2026-06-18 09:51:34'),
(258, 'Player 9', 'Unknown', 'ST', 45, 35, 35, 35, 1, NULL, 0, 0, NULL, 1, '2026-06-18 09:51:34'),
(259, 'Player 10', 'Unknown', 'ST', 45, 35, 35, 35, 1, NULL, 0, 0, NULL, 1, '2026-06-18 09:51:34'),
(260, 'Player 11', 'Unknown', 'ST', 45, 35, 35, 35, 1, NULL, 0, 0, NULL, 1, '2026-06-18 09:51:34'),
(261, 'Player 12', 'Unknown', 'ST', 45, 35, 35, 35, 1, NULL, 0, 0, NULL, 1, '2026-06-18 09:51:34'),
(262, 'Player 13', 'Unknown', 'ST', 45, 35, 35, 35, 1, NULL, 0, 0, NULL, 1, '2026-06-18 09:51:34'),
(263, 'Player 14', 'Unknown', 'ST', 45, 35, 35, 35, 1, NULL, 0, 0, NULL, 1, '2026-06-18 09:51:34'),
(264, 'Player 15', 'Unknown', 'ST', 45, 35, 35, 35, 1, NULL, 0, 0, NULL, 1, '2026-06-18 09:51:34'),
(265, 'Player 16', 'Unknown', 'ST', 45, 35, 35, 35, 1, NULL, 0, 0, NULL, 1, '2026-06-18 09:51:34'),
(266, 'Player 17', 'Unknown', 'ST', 45, 35, 35, 35, 1, NULL, 0, 0, NULL, 1, '2026-06-18 09:51:34'),
(267, 'Player 18', 'Unknown', 'ST', 45, 35, 35, 35, 1, NULL, 0, 0, NULL, 1, '2026-06-18 09:51:34'),
(268, 'Player 19', 'Unknown', 'ST', 45, 35, 35, 35, 1, NULL, 0, 0, NULL, 1, '2026-06-18 09:51:34'),
(269, 'Player 20', 'Unknown', 'ST', 45, 35, 35, 35, 1, NULL, 0, 0, NULL, 1, '2026-06-18 09:51:34'),
(270, 'Yuki Nakamura', 'Japan', 'ST', 90, 87, 87, 87, 7, NULL, 0, 1, 5, 1, '2026-06-18 09:53:37'),
(271, 'Dimas Setiawan', 'Indonesia', 'LB', 45, 35, 35, 35, 1, NULL, 0, 0, 2, 1, '2026-06-18 09:53:43'),
(272, 'Haruto Sato', 'Japan', 'RB', 45, 35, 35, 35, 1, NULL, 0, 0, 2, 1, '2026-06-18 09:53:43'),
(273, 'Rizky Pratama', 'Indonesia', 'GK', 45, 35, 35, 35, 1, NULL, 0, 0, 2, 1, '2026-06-18 09:53:43'),
(274, 'Kenji Tanaka', 'Japan', 'LB', 45, 35, 35, 35, 1, NULL, 0, 0, 2, 1, '2026-06-18 09:53:43'),
(275, 'Seong-Woo Lee', 'South Korea', 'ST', 45, 35, 35, 35, 1, NULL, 0, 0, 2, 1, '2026-06-18 09:54:05'),
(276, 'Reza Faurizky', 'Indonesia', 'CB', 128, 163, 163, 163, 7, NULL, 1, 1, 2, 20, '2026-06-18 09:58:04'),
(277, 'Miguel Fernandez', 'Spain', 'ST', 45, 35, 35, 35, 1, NULL, 0, 0, 2, 1, '2026-06-18 10:00:13'),
(278, 'Mateus Costa', 'Brazil', 'ST', 48, 38, 38, 38, 1, NULL, 0, 0, 2, 4, '2026-06-18 10:00:13'),
(279, 'Min-Jun Kim', 'South Korea', 'GK', 45, 35, 35, 35, 1, NULL, 0, 0, 2, 1, '2026-06-18 10:00:17'),
(280, 'Player 4', 'Unknown', 'ST', 45, 35, 35, 35, 1, NULL, 0, 0, NULL, 1, '2026-06-18 10:00:17'),
(281, 'Andi Saputra', 'Indonesia', 'CB', 45, 35, 35, 35, 1, NULL, 0, 0, 2, 1, '2026-06-18 10:00:20'),
(282, 'Player 16', 'Unknown', 'ST', 45, 35, 35, 35, 1, NULL, 0, 0, NULL, 1, '2026-06-18 10:00:20'),
(283, 'Player 11', 'Unknown', 'ST', 45, 35, 35, 35, 1, NULL, 0, 0, NULL, 1, '2026-06-18 10:00:20'),
(284, 'Jack Thompson', 'Australia', 'ST', 45, 35, 35, 35, 1, NULL, 0, 0, 2, 1, '2026-06-18 10:00:20'),
(285, 'Player 20', 'Unknown', 'ST', 45, 35, 35, 35, 1, NULL, 0, 0, NULL, 1, '2026-06-18 10:00:23'),
(286, 'Player 6', 'Unknown', 'ST', 45, 35, 35, 35, 1, NULL, 0, 0, NULL, 1, '2026-06-18 10:00:23'),
(287, 'Player 5', 'Unknown', 'ST', 45, 35, 35, 35, 1, NULL, 0, 0, NULL, 1, '2026-06-18 10:00:25'),
(288, 'Player 12', 'Unknown', 'ST', 45, 35, 35, 35, 1, NULL, 0, 0, NULL, 1, '2026-06-18 10:00:25'),
(289, 'Player 16', 'Unknown', 'ST', 45, 35, 35, 35, 1, NULL, 0, 0, NULL, 1, '2026-06-18 10:08:07'),
(290, 'Player 20', 'Unknown', 'ST', 45, 35, 35, 35, 1, NULL, 0, 0, NULL, 1, '2026-06-18 10:08:07'),
(291, 'Ji-Hoon Park', 'South Korea', 'RB', 45, 35, 35, 35, 1, NULL, 0, 0, 2, 1, '2026-06-18 10:08:07'),
(292, 'Player 7', 'Unknown', 'ST', 45, 35, 35, 35, 1, NULL, 0, 0, NULL, 1, '2026-06-18 10:08:13'),
(293, 'Rachman Maulana', 'Indonesia', 'LB', 128, 163, 163, 163, 7, NULL, 1, 1, 2, 20, '2026-06-18 10:14:10'),
(294, 'Hugo Lloris', 'France', 'GK', 85, 40, 88, 76, 6, NULL, 0, 1, 2, 1, '2026-06-18 16:30:20'),
(295, 'Samir Handanovic', 'Slovenia', 'GK', 82, 38, 86, 74, 6, NULL, 0, 1, 2, 1, '2026-06-18 16:30:20'),
(296, 'Kasper Schmeichel', 'Denmark', 'GK', 81, 36, 84, 72, 6, NULL, 0, 1, 2, 1, '2026-06-18 16:30:20'),
(297, 'Jordan Pickford', 'England', 'GK', 80, 37, 83, 71, 6, NULL, 0, 1, 1, 1, '2026-06-18 16:30:20'),
(298, 'Unai Simon', 'Spain', 'GK', 83, 39, 85, 73, 6, NULL, 0, 1, 2, 1, '2026-06-18 16:30:20'),
(299, 'David Raya', 'Spain', 'GK', 81, 36, 82, 72, 6, NULL, 0, 1, 2, 1, '2026-06-18 16:30:20'),
(300, 'Bernd Leno', 'Germany', 'GK', 80, 35, 81, 70, 6, NULL, 0, 1, 2, 1, '2026-06-18 16:30:20'),
(301, 'Yann Sommer', 'Switzerland', 'GK', 82, 38, 84, 74, 6, NULL, 0, 1, 2, 1, '2026-06-18 16:30:20'),
(302, 'Fernando Muslera', 'Uruguay', 'GK', 82, 40, 85, 74, 6, NULL, 0, 1, 2, 2, '2026-06-18 16:30:20'),
(303, 'Claudio Bravo', 'Chile', 'GK', 80, 36, 81, 70, 6, NULL, 0, 1, 1, 1, '2026-06-18 16:30:20'),
(304, 'Thiago Silva', 'Brazil', 'CB', 84, 56, 90, 78, 6, NULL, 0, 1, 2, 1, '2026-06-18 16:30:20'),
(305, 'Kalidou Koulibaly', 'Senegal', 'CB', 85, 55, 91, 77, 6, NULL, 0, 1, 2, 1, '2026-06-18 16:30:20'),
(306, 'Giorgio Chiellini', 'Italy', 'CB', 83, 54, 89, 76, 6, NULL, 0, 1, 2, 1, '2026-06-18 16:30:20'),
(307, 'Leonardo Bonucci', 'Italy', 'CB', 82, 53, 88, 75, 6, NULL, 0, 1, 2, 1, '2026-06-18 16:30:20'),
(308, 'Jerome Boateng', 'Germany', 'CB', 81, 52, 87, 74, 6, NULL, 0, 1, 4, 1, '2026-06-18 16:30:20'),
(309, 'David Luiz', 'Brazil', 'CB', 80, 50, 85, 73, 6, NULL, 0, 1, 2, 1, '2026-06-18 16:30:20'),
(310, 'Vincent Kompany', 'Belgium', 'CB', 83, 54, 88, 76, 6, NULL, 0, 1, 5, 1, '2026-06-18 16:30:20'),
(311, 'John Stones', 'England', 'CB', 82, 53, 87, 75, 6, NULL, 0, 1, 2, 1, '2026-06-18 16:30:20'),
(312, 'Harry Maguire', 'England', 'CB', 80, 48, 84, 74, 6, NULL, 0, 1, 2, 1, '2026-06-18 16:30:20'),
(313, 'Pau Torres', 'Spain', 'CB', 81, 52, 86, 75, 6, NULL, 0, 1, 2, 1, '2026-06-18 16:30:20'),
(314, 'Aymeric Laporte', 'France', 'CB', 82, 53, 87, 76, 6, NULL, 0, 1, 2, 1, '2026-06-18 16:30:20'),
(315, 'Toby Alderweireld', 'Belgium', 'CB', 82, 53, 87, 75, 6, NULL, 0, 1, 5, 1, '2026-06-18 16:30:20'),
(316, 'Jan Vertonghen', 'Belgium', 'CB', 81, 52, 86, 74, 6, NULL, 0, 1, 2, 1, '2026-06-18 16:30:20'),
(317, 'Stefan Savic', 'Montenegro', 'CB', 80, 50, 84, 73, 6, NULL, 0, 1, 2, 1, '2026-06-18 16:30:20'),
(318, 'Niklas Sule', 'Germany', 'CB', 82, 51, 87, 75, 6, NULL, 0, 1, 2, 1, '2026-06-18 16:30:20'),
(319, 'Matthias Ginter', 'Germany', 'CB', 81, 50, 85, 74, 6, NULL, 0, 1, 1, 1, '2026-06-18 16:30:20'),
(320, 'Jordi Alba', 'Spain', 'LB', 84, 74, 76, 79, 6, NULL, 0, 1, 5, 1, '2026-06-18 16:30:20'),
(321, 'Ben Chilwell', 'England', 'LB', 82, 72, 75, 78, 6, NULL, 0, 1, 2, 1, '2026-06-18 16:30:20'),
(322, 'Luke Shaw', 'England', 'LB', 81, 70, 76, 77, 6, NULL, 0, 1, 2, 1, '2026-06-18 16:30:20'),
(323, 'Alex Sandro', 'Brazil', 'LB', 82, 73, 74, 78, 6, NULL, 0, 1, 1, 1, '2026-06-18 16:30:20'),
(324, 'Joao Cancelo', 'Portugal', 'RB', 86, 78, 77, 82, 6, NULL, 0, 1, 2, 1, '2026-06-18 16:30:20'),
(325, 'Ricardo Pereira', 'Portugal', 'RB', 81, 72, 74, 76, 6, NULL, 0, 1, 2, 1, '2026-06-18 16:30:20'),
(326, 'Alessandro Florenzi', 'Italy', 'RB', 80, 70, 73, 75, 6, NULL, 0, 1, 2, 1, '2026-06-18 16:30:20'),
(327, 'Kieran Trippier', 'England', 'RB', 82, 74, 75, 77, 6, NULL, 0, 1, 2, 1, '2026-06-18 16:30:20'),
(328, 'Fernando Reges', 'Brazil', 'CDM', 81, 64, 82, 76, 6, NULL, 0, 1, 2, 1, '2026-06-18 16:30:20'),
(329, 'Jorginho', 'Italy', 'CDM', 82, 66, 83, 78, 6, NULL, 0, 1, 5, 1, '2026-06-18 16:30:20'),
(330, 'Marco Verratti', 'Italy', 'CM', 84, 76, 72, 85, 6, NULL, 0, 1, 1, 1, '2026-06-18 16:30:20'),
(331, 'Miralem Pjanic', 'Bosnia', 'CM', 80, 72, 70, 80, 6, NULL, 0, 1, 2, 1, '2026-06-18 16:30:20'),
(332, 'Ivan Rakitic', 'Croatia', 'CM', 81, 74, 71, 81, 6, NULL, 0, 1, 2, 1, '2026-06-18 16:30:20'),
(333, 'James Ward-Prowse', 'England', 'CM', 80, 73, 69, 79, 6, NULL, 0, 1, 1, 1, '2026-06-18 16:30:20'),
(334, 'Mason Mount', 'England', 'CM', 83, 78, 70, 82, 6, NULL, 0, 1, 2, 1, '2026-06-18 16:30:20'),
(335, 'Kai Havertz', 'Germany', 'CAM', 84, 80, 66, 83, 6, NULL, 0, 1, 5, 1, '2026-06-18 16:30:20'),
(336, 'Julian Brandt', 'Germany', 'CAM', 81, 78, 64, 80, 6, NULL, 0, 1, 2, 1, '2026-06-18 16:30:20'),
(337, 'Leon Goretzka', 'Germany', 'CM', 83, 76, 74, 82, 6, NULL, 0, 1, 3, 1, '2026-06-18 16:30:20'),
(338, 'Isco', 'Spain', 'CAM', 82, 79, 62, 81, 6, NULL, 0, 1, 1, 1, '2026-06-18 16:30:20'),
(339, 'Pablo Fornals', 'Spain', 'CAM', 80, 76, 60, 79, 6, NULL, 0, 1, 2, 1, '2026-06-18 16:30:20'),
(340, 'Dani Ceballos', 'Spain', 'CM', 80, 74, 68, 78, 6, NULL, 0, 1, 2, 1, '2026-06-18 16:30:20'),
(341, 'Cengiz Under', 'Turkey', 'RW', 80, 78, 56, 76, 6, NULL, 0, 1, 2, 1, '2026-06-18 16:30:20'),
(342, 'Adama Traore', 'Spain', 'RW', 81, 76, 54, 75, 6, NULL, 0, 1, 2, 1, '2026-06-18 16:30:20'),
(343, 'Marcel Sabitzer', 'Austria', 'CM', 82, 76, 72, 80, 6, NULL, 0, 1, 1, 1, '2026-06-18 16:30:20'),
(344, 'Konrad Laimer', 'Austria', 'CDM', 80, 66, 80, 78, 6, NULL, 0, 1, 2, 1, '2026-06-18 16:30:20'),
(345, 'Corentin Tolisso', 'France', 'CM', 81, 74, 70, 79, 6, NULL, 0, 1, 1, 1, '2026-06-18 16:30:20'),
(346, 'Thomas Lemar', 'France', 'CM', 80, 72, 68, 78, 6, NULL, 0, 1, 2, 1, '2026-06-18 16:30:20'),
(347, 'Nabil Fekir', 'France', 'CAM', 83, 80, 60, 81, 6, NULL, 0, 1, 2, 1, '2026-06-18 16:30:20'),
(348, 'Tanguy Ndombele', 'France', 'CM', 80, 72, 66, 77, 6, NULL, 0, 1, 2, 1, '2026-06-18 16:30:20'),
(349, 'Donny van de Beek', 'Netherlands', 'CAM', 81, 78, 62, 79, 6, NULL, 0, 1, 2, 1, '2026-06-18 16:30:20'),
(350, 'Harry Winks', 'England', 'CM', 80, 70, 68, 76, 6, NULL, 0, 1, 2, 1, '2026-06-18 16:30:20'),
(351, 'Eric Dier', 'England', 'CDM', 80, 64, 82, 75, 6, NULL, 0, 1, 1, 1, '2026-06-18 16:30:20'),
(352, 'Leroy Sane', 'Germany', 'LW', 84, 86, 52, 80, 6, NULL, 0, 1, 5, 1, '2026-06-18 16:30:20'),
(353, 'Serge Gnabry', 'Germany', 'RW', 83, 85, 50, 79, 6, NULL, 0, 1, 1, 1, '2026-06-18 16:30:20'),
(354, 'Jadon Sancho', 'England', 'LW', 82, 84, 48, 78, 6, NULL, 0, 1, 2, 1, '2026-06-18 16:30:20'),
(355, 'Leon Bailey', 'Jamaica', 'RW', 80, 80, 46, 76, 6, NULL, 0, 1, 2, 1, '2026-06-18 16:30:20'),
(356, 'Moussa Diaby', 'France', 'LW', 81, 82, 46, 77, 6, NULL, 0, 1, 2, 1, '2026-06-18 16:30:20'),
(357, 'Christian Pulisic', 'USA', 'LW', 80, 80, 48, 76, 6, NULL, 0, 1, 2, 1, '2026-06-18 16:30:20'),
(358, 'Callum Hudson-Odoi', 'England', 'RW', 80, 79, 47, 75, 6, NULL, 0, 1, 2, 1, '2026-06-18 16:30:20'),
(359, 'Harvey Barnes', 'England', 'LW', 80, 81, 49, 77, 6, NULL, 0, 1, 2, 1, '2026-06-18 16:30:20'),
(360, 'Ivan Perisic', 'Croatia', 'LW', 82, 82, 50, 78, 6, NULL, 0, 1, 4, 1, '2026-06-18 16:30:20'),
(361, 'Julian Draxler', 'Germany', 'LW', 81, 80, 48, 76, 6, NULL, 0, 1, 2, 1, '2026-06-18 16:30:20'),
(362, 'Emile Smith Rowe', 'England', 'LW', 82, 82, 48, 78, 6, NULL, 0, 1, 2, 1, '2026-06-18 16:30:20'),
(363, 'Reiss Nelson', 'England', 'RW', 80, 80, 46, 76, 6, NULL, 0, 1, 2, 1, '2026-06-18 16:30:20'),
(364, 'Ryan Sessegnon', 'England', 'LW', 80, 78, 44, 75, 6, NULL, 0, 1, 2, 1, '2026-06-18 16:30:20'),
(365, 'Nicolo Zaniolo', 'Italy', 'RW', 82, 82, 46, 77, 6, NULL, 0, 1, 2, 1, '2026-06-18 16:30:20'),
(366, 'Federico Chiesa', 'Italy', 'RW', 85, 86, 48, 80, 6, NULL, 0, 1, 5, 1, '2026-06-18 16:30:20'),
(367, 'Pedro Neto', 'Portugal', 'RW', 82, 82, 46, 77, 6, NULL, 0, 1, 1, 1, '2026-06-18 16:30:20'),
(368, 'Trincao', 'Portugal', 'RW', 80, 80, 44, 75, 6, NULL, 0, 1, 1, 1, '2026-06-18 16:30:20'),
(369, 'Karim Benzema', 'France', 'ST', 88, 90, 52, 84, 6, NULL, 0, 1, 3, 1, '2026-06-18 16:30:20'),
(370, 'Antoine Griezmann', 'France', 'ST', 86, 88, 50, 82, 6, NULL, 0, 1, 4, 1, '2026-06-18 16:30:20'),
(371, 'Sadio Mane', 'Senegal', 'ST', 85, 87, 48, 80, 6, NULL, 0, 1, 2, 1, '2026-06-18 16:30:20'),
(372, 'Roberto Firmino', 'Brazil', 'ST', 83, 84, 46, 78, 6, NULL, 0, 1, 3, 1, '2026-06-18 16:30:20'),
(373, 'Pierre-Emerick Aubameyang', 'Gabon', 'ST', 82, 83, 44, 76, 6, NULL, 0, 1, 2, 1, '2026-06-18 16:30:20'),
(374, 'Olivier Giroud', 'France', 'ST', 80, 80, 44, 75, 6, NULL, 0, 1, 2, 1, '2026-06-18 16:30:20'),
(375, 'Alexandre Lacazette', 'France', 'ST', 81, 82, 44, 77, 6, NULL, 0, 1, 2, 1, '2026-06-18 16:30:20'),
(376, 'Ciro Immobile', 'Italy', 'ST', 84, 86, 46, 79, 6, NULL, 0, 1, 2, 1, '2026-06-18 16:30:20'),
(377, 'Dries Mertens', 'Belgium', 'ST', 82, 83, 44, 77, 6, NULL, 0, 1, 2, 1, '2026-06-18 16:30:20'),
(378, 'Lorenzo Insigne', 'Italy', 'ST', 83, 84, 44, 78, 6, NULL, 0, 1, 5, 1, '2026-06-18 16:30:20'),
(379, 'Edin Dzeko', 'Bosnia', 'ST', 80, 80, 42, 74, 6, NULL, 0, 1, 2, 1, '2026-06-18 16:30:20'),
(380, 'Mauro Icardi', 'Argentina', 'ST', 82, 83, 42, 75, 6, NULL, 0, 1, 1, 1, '2026-06-18 16:30:20'),
(381, 'Arkadiusz Milik', 'Poland', 'ST', 81, 82, 42, 74, 6, NULL, 0, 1, 2, 1, '2026-06-18 16:30:20'),
(382, 'Andrea Belotti', 'Italy', 'ST', 80, 80, 44, 75, 6, NULL, 0, 1, 5, 1, '2026-06-18 16:30:20'),
(383, 'Danny Welbeck', 'England', 'ST', 80, 78, 42, 73, 6, NULL, 0, 1, 2, 1, '2026-06-18 16:30:20'),
(384, 'Divock Origi', 'Belgium', 'ST', 80, 79, 40, 74, 6, NULL, 0, 1, 2, 1, '2026-06-18 16:30:20'),
(385, 'Maxi Gomez', 'Uruguay', 'ST', 80, 81, 42, 74, 6, NULL, 0, 1, 5, 1, '2026-06-18 16:30:20'),
(386, 'Rodrigo Moreno', 'Spain', 'ST', 81, 82, 42, 75, 6, NULL, 0, 1, 2, 1, '2026-06-18 16:30:20'),
(387, 'Paco Alcacer', 'Spain', 'ST', 80, 80, 40, 73, 6, NULL, 0, 1, 2, 1, '2026-06-18 16:30:20'),
(388, 'Carlos Vinicius', 'Brazil', 'ST', 80, 80, 40, 73, 6, NULL, 0, 1, 2, 1, '2026-06-18 16:30:20'),
(389, 'Randal Kolo Muani', 'France', 'ST', 82, 83, 42, 76, 6, NULL, 0, 1, 2, 1, '2026-06-18 16:30:20'),
(390, 'Marcus Thuram', 'France', 'ST', 83, 84, 44, 77, 6, NULL, 0, 1, 5, 1, '2026-06-18 16:30:20'),
(391, 'Mikkel Damsgaard', 'Denmark', 'LW', 80, 79, 44, 74, 6, NULL, 0, 1, 2, 1, '2026-06-18 16:30:20'),
(392, 'Ryan Gravenberch', 'Netherlands', 'CM', 81, 74, 68, 78, 6, NULL, 0, 1, 2, 1, '2026-06-18 16:30:20'),
(393, 'Teun Koopmeiners', 'Netherlands', 'CM', 82, 76, 72, 80, 6, NULL, 0, 1, 2, 1, '2026-06-18 16:30:20'),
(394, 'Cody Gakpo', 'Netherlands', 'LW', 83, 84, 48, 79, 6, NULL, 0, 1, 1, 1, '2026-06-18 16:30:20'),
(395, 'Xavi Simons', 'Netherlands', 'CAM', 82, 80, 60, 80, 6, NULL, 0, 1, 2, 1, '2026-06-18 16:30:20'),
(396, 'Jurrien Timber', 'Netherlands', 'CB', 82, 52, 85, 77, 6, NULL, 0, 1, 2, 1, '2026-06-18 16:30:20'),
(397, 'Sven Botman', 'Netherlands', 'CB', 81, 50, 84, 75, 6, NULL, 0, 1, 2, 1, '2026-06-18 16:30:20'),
(398, 'Lutsharel Geertruida', 'Netherlands', 'RB', 80, 70, 74, 76, 6, NULL, 0, 1, 2, 1, '2026-06-18 16:30:20'),
(399, 'Lev Yashin', 'Soviet Union', 'GK', 96, 45, 95, 88, 7, NULL, 0, 1, 2, 1, '2026-06-18 16:30:20'),
(400, 'Gordon Banks', 'England', 'GK', 94, 43, 93, 86, 7, NULL, 0, 1, 2, 1, '2026-06-18 16:30:20'),
(401, 'Sepp Maier', 'Germany', 'GK', 92, 42, 91, 85, 7, NULL, 0, 1, 1, 1, '2026-06-18 16:30:20'),
(402, 'Edwin van der Sar', 'Netherlands', 'GK', 93, 44, 92, 87, 7, NULL, 0, 1, 2, 1, '2026-06-18 16:30:20'),
(403, 'Petr Cech', 'Czech Republic', 'GK', 92, 42, 90, 85, 7, NULL, 0, 1, 4, 1, '2026-06-18 16:30:20'),
(404, 'Ubaldo Fillol', 'Argentina', 'GK', 91, 41, 89, 83, 7, NULL, 0, 1, 1, 1, '2026-06-18 16:30:20'),
(405, 'Jose Luis Chilavert', 'Paraguay', 'GK', 90, 50, 88, 80, 7, NULL, 0, 1, 5, 1, '2026-06-18 16:30:20'),
(406, 'Bobby Moore', 'England', 'CB', 95, 58, 97, 90, 7, NULL, 0, 1, 2, 1, '2026-06-18 16:30:20'),
(407, 'Ronald Koeman', 'Netherlands', 'CB', 94, 60, 94, 88, 7, NULL, 0, 1, 1, 1, '2026-06-18 16:30:20'),
(408, 'Gaetano Scirea', 'Italy', 'CB', 93, 56, 95, 87, 7, NULL, 0, 1, 1, 1, '2026-06-18 16:30:20'),
(409, 'Daniel Passarella', 'Argentina', 'CB', 93, 55, 94, 86, 7, NULL, 0, 1, 4, 1, '2026-06-18 16:30:20'),
(410, 'Elias Figueroa', 'Chile', 'CB', 93, 54, 95, 86, 7, NULL, 0, 1, 5, 1, '2026-06-18 16:30:20'),
(411, 'Aldair', 'Brazil', 'CB', 91, 52, 93, 84, 7, NULL, 0, 1, 2, 1, '2026-06-18 16:30:20'),
(412, 'Luis Pereira', 'Brazil', 'CB', 90, 50, 92, 83, 7, NULL, 0, 1, 2, 1, '2026-06-18 16:30:20'),
(413, 'Laurent Blanc', 'France', 'CB', 92, 56, 94, 86, 7, NULL, 0, 1, 2, 1, '2026-06-18 16:30:20'),
(414, 'Frank de Boer', 'Netherlands', 'CB', 90, 54, 92, 84, 7, NULL, 0, 1, 4, 1, '2026-06-18 16:30:20'),
(415, 'Giacinto Facchetti', 'Italy', 'LB', 92, 72, 78, 85, 7, NULL, 0, 1, 1, 1, '2026-06-18 16:30:20'),
(416, 'Paul Breitner', 'Germany', 'LB', 91, 70, 76, 84, 7, NULL, 0, 1, 1, 1, '2026-06-18 16:30:20'),
(417, 'Ruud Krol', 'Netherlands', 'CB', 92, 56, 92, 86, 7, NULL, 0, 1, 2, 1, '2026-06-18 16:30:20'),
(418, 'Bixente Lizarazu', 'France', 'LB', 129, 146, 154, 161, 7, NULL, 0, 1, 1, 20, '2026-06-18 16:30:20'),
(419, 'Giovanni van Bronckhorst', 'Netherlands', 'LB', 90, 70, 78, 84, 7, NULL, 0, 1, 3, 1, '2026-06-18 16:30:20'),
(420, 'Luis Figo', 'Portugal', 'RW', 134, 164, 136, 166, 7, NULL, 0, 1, 5, 20, '2026-06-18 16:30:20'),
(421, 'Gheorghe Hagi', 'Romania', 'CAM', 95, 86, 62, 91, 7, NULL, 0, 1, 1, 1, '2026-06-18 16:30:20'),
(422, 'Hristo Stoichkov', 'Bulgaria', 'LW', 95, 88, 56, 89, 7, NULL, 0, 1, 1, 1, '2026-06-18 16:30:20'),
(423, 'Michael Laudrup', 'Denmark', 'CAM', 94, 84, 60, 92, 7, NULL, 0, 1, 1, 1, '2026-06-18 16:30:20'),
(424, 'Brian Laudrup', 'Denmark', 'RW', 90, 82, 52, 86, 7, NULL, 0, 1, 5, 1, '2026-06-18 16:30:20'),
(425, 'Zvonimir Boban', 'Croatia', 'CM', 90, 78, 70, 88, 7, NULL, 0, 1, 2, 1, '2026-06-18 16:30:20'),
(426, 'Dejan Savicevic', 'Montenegro', 'CAM', 91, 82, 58, 87, 7, NULL, 0, 1, 2, 1, '2026-06-18 16:30:20'),
(427, 'Dragan Stojkovic', 'Serbia', 'CAM', 90, 80, 56, 86, 7, NULL, 0, 1, 2, 1, '2026-06-18 16:30:20'),
(428, 'Rui Costa', 'Portugal', 'CAM', 92, 82, 60, 88, 7, NULL, 0, 1, 1, 1, '2026-06-18 16:30:20'),
(429, 'Deco', 'Portugal', 'CAM', 93, 84, 62, 89, 7, NULL, 0, 1, 2, 1, '2026-06-18 16:30:20'),
(430, 'Juan Sebastian Veron', 'Argentina', 'CM', 90, 78, 72, 87, 7, NULL, 0, 1, 2, 1, '2026-06-18 16:30:20'),
(431, 'Claude Makelele', 'France', 'CDM', 92, 66, 88, 89, 7, NULL, 0, 1, 2, 1, '2026-06-18 16:30:20'),
(432, 'Didier Deschamps', 'France', 'CDM', 90, 68, 86, 88, 7, NULL, 0, 1, 4, 1, '2026-06-18 16:30:20'),
(433, 'Robert Pires', 'France', 'LW', 92, 86, 54, 87, 7, NULL, 0, 1, 5, 1, '2026-06-18 16:30:20'),
(434, 'Eric Cantona', 'France', 'CAM', 93, 86, 58, 88, 7, NULL, 0, 1, 1, 1, '2026-06-18 16:30:20'),
(435, 'David Ginola', 'France', 'LW', 91, 84, 52, 86, 7, NULL, 0, 1, 5, 1, '2026-06-18 16:30:20'),
(436, 'Gianni Rivera', 'Italy', 'CAM', 93, 84, 60, 88, 7, NULL, 0, 1, 2, 1, '2026-06-18 16:30:20'),
(437, 'Sandro Mazzola', 'Italy', 'CAM', 92, 82, 58, 86, 7, NULL, 0, 1, 1, 1, '2026-06-18 16:30:20'),
(438, 'Enzo Francescoli', 'Uruguay', 'CAM', 94, 84, 60, 90, 7, NULL, 0, 1, 5, 1, '2026-06-18 16:30:20'),
(439, 'Carlos Valderrama', 'Colombia', 'CAM', 92, 80, 58, 88, 7, NULL, 0, 1, 2, 1, '2026-06-18 16:30:20'),
(440, 'Jay-Jay Okocha', 'Nigeria', 'CAM', 93, 84, 58, 88, 7, NULL, 0, 1, 2, 1, '2026-06-18 16:30:20'),
(441, 'Emre Belozoglu', 'Turkey', 'CM', 90, 74, 70, 84, 7, NULL, 0, 1, 1, 1, '2026-06-18 16:30:20'),
(442, 'Gaizka Mendieta', 'Spain', 'CM', 90, 78, 72, 86, 7, NULL, 0, 1, 2, 1, '2026-06-18 16:30:20'),
(443, 'Luis Enrique', 'Spain', 'CM', 90, 76, 72, 85, 7, NULL, 0, 1, 4, 1, '2026-06-18 16:30:20'),
(444, 'Pep Guardiola', 'Spain', 'CDM', 90, 66, 84, 88, 7, NULL, 0, 1, 2, 1, '2026-06-18 16:30:20'),
(445, 'Michael Essien', 'Ghana', 'CDM', 91, 68, 84, 86, 7, NULL, 0, 1, 2, 1, '2026-06-18 16:30:20'),
(446, 'Diego Maradona', 'Argentina', 'ST', 110, 112, 84, 115, 7, NULL, 0, 1, 4, 6, '2026-06-18 16:30:20'),
(447, 'Alfredo Di Stefano', 'Argentina', 'ST', 98, 94, 56, 92, 7, NULL, 0, 1, 2, 1, '2026-06-18 16:30:20'),
(448, 'Ferenc Puskas', 'Hungary', 'ST', 97, 94, 52, 90, 7, NULL, 0, 1, 2, 1, '2026-06-18 16:30:20'),
(449, 'Eusebio', 'Portugal', 'ST', 96, 92, 50, 90, 7, NULL, 0, 1, 1, 1, '2026-06-18 16:30:20'),
(450, 'Gabriel Batistuta', 'Argentina', 'ST', 94, 90, 48, 86, 7, NULL, 0, 1, 2, 1, '2026-06-18 16:30:20'),
(451, 'Hernan Crespo', 'Argentina', 'ST', 92, 88, 46, 84, 7, NULL, 0, 1, 2, 1, '2026-06-18 16:30:20'),
(452, 'Kenny Dalglish', 'Scotland', 'ST', 93, 90, 48, 88, 7, NULL, 0, 1, 2, 1, '2026-06-18 16:30:20'),
(453, 'Ian Rush', 'Wales', 'ST', 91, 88, 44, 84, 7, NULL, 0, 1, 5, 1, '2026-06-18 16:30:20'),
(454, 'Jari Litmanen', 'Finland', 'CAM', 128, 158, 132, 162, 7, NULL, 0, 1, 5, 20, '2026-06-18 16:30:20'),
(455, 'Sándor Kocsis', 'Hungary', 'ST', 92, 90, 44, 84, 7, NULL, 0, 1, 2, 1, '2026-06-18 16:30:20'),
(456, 'Paolo Rossi', 'Italy', 'ST', 92, 88, 46, 84, 7, NULL, 0, 1, 1, 1, '2026-06-18 16:30:20'),
(457, 'Luigi Riva', 'Italy', 'ST', 91, 88, 44, 82, 7, NULL, 0, 1, 2, 1, '2026-06-18 16:30:20'),
(458, 'Mario Kempes', 'Argentina', 'ST', 92, 88, 46, 84, 7, NULL, 0, 1, 2, 1, '2026-06-18 16:30:20'),
(459, 'Faustino Asprilla', 'Colombia', 'ST', 90, 86, 44, 82, 7, NULL, 0, 1, 1, 1, '2026-06-18 16:30:20'),
(460, 'Roger Milla', 'Cameroon', 'ST', 91, 86, 44, 82, 7, NULL, 0, 1, 1, 1, '2026-06-18 16:30:20'),
(461, 'Samuel Eto\'o', 'Cameroon', 'ST', 94, 90, 48, 86, 7, NULL, 0, 1, 2, 1, '2026-06-18 16:30:20'),
(462, 'Didier Drogba', 'Ivory Coast', 'ST', 93, 88, 46, 84, 7, NULL, 0, 1, 2, 1, '2026-06-18 16:30:20'),
(463, 'Nwankwo Kanu', 'Nigeria', 'ST', 90, 86, 44, 82, 7, NULL, 0, 1, 1, 1, '2026-06-18 16:30:20'),
(464, 'Hakan Sukur', 'Turkey', 'ST', 90, 86, 44, 80, 7, NULL, 0, 1, 1, 1, '2026-06-18 16:30:20'),
(465, 'Jean-Pierre Papin', 'France', 'ST', 92, 90, 46, 84, 7, NULL, 0, 1, 4, 1, '2026-06-18 16:30:20'),
(466, 'Fernando Morientes', 'Spain', 'ST', 90, 88, 44, 82, 7, NULL, 0, 1, 1, 1, '2026-06-18 16:30:20'),
(467, 'Denis Law', 'Scotland', 'ST', 95, 92, 48, 88, 7, NULL, 0, 1, 1, 1, '2026-06-18 16:30:20'),
(468, 'Billy Bremner', 'Scotland', 'CM', 124, 144, 140, 154, 7, NULL, 0, 1, 5, 18, '2026-06-18 16:30:20'),
(469, 'Peter Lorimer', 'Scotland', 'ST', 90, 88, 44, 82, 7, NULL, 0, 1, 2, 1, '2026-06-18 16:30:20'),
(470, 'Dave Mackay', 'Scotland', 'CDM', 90, 68, 86, 86, 7, NULL, 0, 1, 5, 1, '2026-06-18 16:30:20'),
(471, 'John Charles', 'Wales', 'CB', 92, 56, 94, 86, 7, NULL, 0, 1, 2, 1, '2026-06-18 16:30:20'),
(472, 'Ivor Allchurch', 'Wales', 'CAM', 90, 80, 56, 84, 7, NULL, 0, 1, 1, 1, '2026-06-18 16:30:20'),
(473, 'George Best', 'Northern Ireland', 'RW', 136, 168, 134, 166, 7, NULL, 0, 1, 5, 20, '2026-06-18 16:30:20'),
(474, 'Pat Jennings', 'Northern Ireland', 'GK', 91, 42, 90, 83, 7, NULL, 0, 1, 2, 1, '2026-06-18 16:30:20'),
(475, 'Danny Blanchflower', 'Northern Ireland', 'CM', 90, 78, 72, 86, 7, NULL, 0, 1, 2, 1, '2026-06-18 16:30:20'),
(476, 'Liam Brady', 'Ireland', 'CM', 90, 78, 70, 84, 7, NULL, 0, 1, 5, 1, '2026-06-18 16:30:20'),
(477, 'Roy Keane', 'Ireland', 'CDM', 93, 66, 86, 90, 7, NULL, 0, 1, 2, 1, '2026-06-18 16:30:20'),
(478, 'Franz Beckenbauer', 'Germany', 'CB', 99, 60, 98, 94, 7, NULL, 0, 1, 5, 1, '2026-06-18 16:30:20'),
(479, 'Gerd Muller', 'Germany', 'ST', 98, 94, 44, 86, 7, NULL, 0, 1, 5, 1, '2026-06-18 16:30:20'),
(480, 'Lothar Matthaus', 'Germany', 'CM', 97, 84, 78, 90, 7, NULL, 0, 1, 2, 1, '2026-06-18 16:30:20'),
(481, 'Jurgen Klinsmann', 'Germany', 'ST', 93, 88, 50, 84, 7, NULL, 0, 1, 5, 1, '2026-06-18 16:30:20'),
(482, 'Miroslav Klose', 'Germany', 'ST', 94, 88, 48, 86, 7, NULL, 0, 1, 3, 1, '2026-06-18 16:30:20'),
(483, 'Karl-Heinz Rummenigge', 'Germany', 'ST', 96, 90, 50, 87, 7, NULL, 0, 1, 5, 1, '2026-06-18 16:30:20'),
(484, 'Pierre Littbarski', 'Germany', 'LW', 91, 84, 52, 84, 7, NULL, 0, 1, 4, 1, '2026-06-18 16:30:20'),
(485, 'Bernd Schuster', 'Germany', 'CM', 93, 80, 74, 88, 7, NULL, 0, 1, 2, 1, '2026-06-18 16:30:20'),
(486, 'Marco van Basten', 'Netherlands', 'ST', 98, 92, 52, 88, 7, NULL, 0, 1, 2, 1, '2026-06-18 16:30:20'),
(487, 'Ruud Gullit', 'Netherlands', 'CM', 97, 84, 74, 90, 7, NULL, 0, 1, 1, 1, '2026-06-18 16:30:20'),
(488, 'Frank Rijkaard', 'Netherlands', 'CDM', 96, 70, 86, 90, 7, NULL, 0, 1, 2, 1, '2026-06-18 16:30:20'),
(489, 'Dennis Bergkamp', 'Netherlands', 'CAM', 96, 86, 62, 90, 7, NULL, 0, 1, 2, 1, '2026-06-18 16:30:20'),
(490, 'Clarence Seedorf', 'Netherlands', 'CM', 95, 80, 74, 90, 7, NULL, 0, 1, 2, 1, '2026-06-18 16:30:20'),
(491, 'Edgar Davids', 'Netherlands', 'CDM', 94, 68, 84, 89, 7, NULL, 0, 1, 2, 1, '2026-06-18 16:30:20'),
(492, 'Robin van Persie', 'Netherlands', 'ST', 94, 88, 50, 86, 7, NULL, 0, 1, 5, 1, '2026-06-18 16:30:20'),
(493, 'Arjen Robben', 'Netherlands', 'RW', 96, 90, 52, 86, 7, NULL, 0, 1, 4, 1, '2026-06-18 16:30:20'),
(494, 'Wesley Sneijder', 'Netherlands', 'CAM', 95, 84, 58, 88, 7, NULL, 0, 1, 5, 1, '2026-06-18 16:30:20'),
(495, 'Ruud van Nistelrooy', 'Netherlands', 'ST', 95, 90, 46, 84, 7, NULL, 0, 1, 1, 1, '2026-06-18 16:30:20'),
(496, 'Patrick Kluivert', 'Netherlands', 'ST', 93, 88, 48, 85, 7, NULL, 0, 1, 1, 1, '2026-06-18 16:30:20'),
(497, 'Marc Overmars', 'Netherlands', 'LW', 93, 88, 52, 86, 7, NULL, 0, 1, 1, 1, '2026-06-18 16:30:20'),
(498, 'Johan Cruyff', 'Netherlands', 'CAM', 137, 166, 144, 170, 7, NULL, 0, 1, 5, 20, '2026-06-18 16:30:20'),
(499, 'Player 17', 'Unknown', 'ST', 45, 35, 35, 35, 1, NULL, 0, 0, NULL, 1, '2026-06-18 16:31:08');
INSERT INTO `football_players` (`id`, `player_name`, `country`, `position`, `rating`, `offence`, `defence`, `teamwork`, `tier_id`, `card_image`, `is_custom`, `is_exclusive`, `owner_id`, `current_level`, `created_at`) VALUES
(500, 'Player 6', 'Unknown', 'ST', 45, 35, 35, 35, 1, NULL, 0, 0, NULL, 1, '2026-06-18 16:31:08'),
(501, 'Player 12', 'Unknown', 'ST', 45, 35, 35, 35, 1, NULL, 0, 0, NULL, 1, '2026-06-18 16:31:08'),
(502, 'Player 5', 'Unknown', 'ST', 45, 35, 35, 35, 1, NULL, 0, 0, NULL, 1, '2026-06-18 16:31:17'),
(503, 'Fajar Nugroho', 'Indonesia', 'CB', 45, 35, 35, 35, 1, NULL, 0, 0, 2, 1, '2026-06-18 16:31:17'),
(504, 'Player 10', 'Unknown', 'ST', 45, 35, 35, 35, 1, NULL, 0, 0, 2, 1, '2026-06-18 16:31:19'),
(505, 'Oliver Smith', 'Australia', 'ST', 45, 35, 35, 35, 1, NULL, 0, 0, 2, 1, '2026-06-18 16:31:19'),
(506, 'Player 11', 'Unknown', 'ST', 45, 35, 35, 35, 1, NULL, 0, 0, 2, 1, '2026-06-18 16:31:21'),
(507, 'Player 16', 'Unknown', 'ST', 45, 35, 35, 35, 1, NULL, 0, 0, 2, 1, '2026-06-18 16:31:21'),
(508, 'Carlos Rodriguez', '', 'ST', 45, 35, 35, 35, 1, NULL, 0, 0, 2, 1, '2026-06-18 16:31:25'),
(509, 'Player 2', 'Unknown', 'ST', 45, 35, 35, 35, 1, NULL, 0, 0, 2, 1, '2026-06-18 16:48:44'),
(510, 'Player 9', 'Unknown', 'ST', 45, 35, 35, 35, 1, NULL, 0, 0, 2, 1, '2026-06-18 16:48:44'),
(511, 'Player 18', 'Unknown', 'ST', 45, 35, 35, 35, 1, NULL, 0, 0, 2, 1, '2026-06-18 16:48:48'),
(512, 'Player 20', 'Unknown', 'ST', 45, 35, 35, 35, 1, NULL, 0, 0, 2, 1, '2026-06-18 16:48:49'),
(513, 'Neil Etheridge', 'Philippines', 'GK', 126, 118, 166, 154, 9, NULL, 0, 1, 2, 20, '2026-06-18 16:49:51'),
(514, 'Kawin Thamsatchanan', 'Thailand', 'GK', 124, 116, 164, 152, 9, NULL, 0, 1, 2, 20, '2026-06-18 16:49:51'),
(515, 'Đặng Văn Lâm', 'Vietnam', 'GK', 87, 41, 89, 77, 9, NULL, 0, 1, 3, 1, '2026-06-18 16:49:51'),
(516, 'Soh Chin Aun', 'Malaysia', 'CB', 90, 56, 92, 84, 9, NULL, 0, 1, 1, 1, '2026-06-18 16:49:51'),
(517, 'Baihakki Khaizan', 'Singapore', 'CB', 124, 130, 164, 156, 9, NULL, 0, 1, 5, 20, '2026-06-18 16:49:51'),
(518, 'Theerathon Bunmathan', 'Thailand', 'LB', 89, 76, 78, 83, 9, NULL, 0, 1, 2, 1, '2026-06-18 16:49:51'),
(519, 'Quế Ngọc Hải', 'Vietnam', 'CB', 88, 55, 90, 82, 9, NULL, 0, 1, 4, 1, '2026-06-18 16:49:51'),
(520, 'Jordi Amat', 'Indonesia', 'CB', 87, 54, 89, 81, 9, NULL, 0, 1, 1, 1, '2026-06-18 16:49:51'),
(521, 'Daniel Bennett', 'Singapore', 'CB', 123, 128, 163, 155, 9, NULL, 0, 1, 2, 20, '2026-06-18 16:49:51'),
(522, 'Đoàn Văn Hậu', 'Vietnam', 'LB', 86, 74, 76, 80, 9, NULL, 0, 1, 2, 1, '2026-06-18 16:49:51'),
(523, 'Chanathip Songkrasin', 'Thailand', 'CAM', 129, 160, 138, 164, 9, NULL, 0, 1, 2, 20, '2026-06-18 16:49:51'),
(524, 'Nguyễn Quang Hải', 'Vietnam', 'CAM', 90, 83, 60, 87, 9, NULL, 0, 1, 3, 1, '2026-06-18 16:49:51'),
(525, 'Hariss Harun', 'Singapore', 'CDM', 125, 142, 160, 160, 9, NULL, 0, 1, 2, 20, '2026-06-18 16:49:51'),
(526, 'Safiq Rahim', 'Malaysia', 'CM', 86, 76, 72, 82, 9, NULL, 0, 1, 4, 1, '2026-06-18 16:49:51'),
(527, 'Kiatisuk Senamuang', 'Thailand', 'CAM', 130, 162, 136, 162, 9, NULL, 0, 1, 2, 20, '2026-06-18 16:49:51'),
(528, 'Thom Haye', 'Indonesia', 'CM', 87, 78, 74, 83, 9, NULL, 0, 1, 1, 1, '2026-06-18 16:49:51'),
(529, 'Bambang Pamungkas', 'Indonesia', 'ST', 129, 165, 124, 160, 9, NULL, 0, 1, 2, 20, '2026-06-18 16:49:51'),
(530, 'Teerasil Dangda', 'Thailand', 'ST', 128, 164, 122, 159, 9, NULL, 0, 1, 2, 20, '2026-06-18 16:49:51'),
(531, 'Lê Công Vinh', 'Vietnam', 'ST', 127, 163, 122, 158, 9, NULL, 0, 1, 2, 20, '2026-06-18 16:49:51'),
(532, 'Safee Sali', 'Malaysia', 'ST', 88, 86, 44, 81, 9, NULL, 0, 1, 2, 1, '2026-06-18 16:49:51'),
(533, 'Noh Alam Shah', 'Singapore', 'ST', 89, 87, 44, 82, 9, NULL, 0, 1, 1, 1, '2026-06-18 16:49:51'),
(534, 'Mokhtar Dahari', 'Malaysia', 'ST', 131, 168, 120, 162, 9, NULL, 0, 1, 1, 20, '2026-06-18 16:49:51'),
(535, 'Cristian Gonzáles', 'Indonesia', 'ST', 90, 88, 46, 82, 9, NULL, 0, 1, 2, 1, '2026-06-18 16:49:51'),
(536, 'Kurniawan Dwi Yulianto', 'Indonesia', 'ST', 89, 87, 44, 81, 9, NULL, 0, 1, 2, 1, '2026-06-18 16:49:51'),
(537, 'Player 3', 'Unknown', 'ST', 45, 35, 35, 35, 1, NULL, 0, 0, 2, 1, '2026-06-18 16:50:45'),
(538, 'Player 7', 'Unknown', 'ST', 45, 35, 35, 35, 1, NULL, 0, 0, 2, 1, '2026-06-18 16:50:45'),
(539, 'Player 14', 'Unknown', 'ST', 45, 35, 35, 35, 1, NULL, 0, 0, 2, 1, '2026-06-18 16:50:51'),
(540, 'Player 1', 'Unknown', 'ST', 45, 35, 35, 35, 1, NULL, 0, 0, 2, 1, '2026-06-18 16:50:51'),
(541, 'Player 19', 'Unknown', 'ST', 45, 35, 35, 35, 1, NULL, 0, 0, 2, 1, '2026-06-18 16:50:51'),
(542, 'Player 4', 'Unknown', 'ST', 45, 35, 35, 35, 1, NULL, 0, 0, 2, 1, '2026-06-18 16:50:53'),
(543, 'Budi Santoso', 'Indonesia', 'CB', 45, 35, 35, 35, 1, NULL, 0, 0, 2, 1, '2026-06-18 16:50:55'),
(544, 'Joao Pereira', 'Brazil', 'ST', 45, 35, 35, 35, 1, NULL, 0, 0, 2, 1, '2026-06-18 16:51:03'),
(545, 'Player 13', 'Unknown', 'ST', 45, 35, 35, 35, 1, NULL, 0, 0, 2, 1, '2026-06-18 16:51:03'),
(546, 'Alejandro Garcia', 'Spain', 'ST', 45, 35, 35, 35, 1, NULL, 0, 0, 2, 1, '2026-06-18 16:51:14'),
(547, 'Player 8', 'Unknown', 'ST', 45, 35, 35, 35, 1, NULL, 0, 0, 2, 1, '2026-06-18 16:51:28'),
(548, 'Player 15', 'Unknown', 'ST', 45, 35, 35, 35, 1, NULL, 0, 0, 2, 1, '2026-06-18 16:57:55'),
(549, 'fauzi nurrohman', 'Indonesia', 'CAM', 128, 163, 163, 163, 7, NULL, 1, 1, 2, 20, '2026-06-18 18:53:03'),
(550, 'Louis Hasashi Halim', 'Indonesia', 'CB', 128, 163, 163, 163, 7, NULL, 1, 1, 2, 20, '2026-06-18 19:08:56'),
(551, 'Adi Setiawan', 'Indonesia', 'RB', 128, 163, 163, 163, 7, NULL, 1, 1, 2, 20, '2026-06-18 19:24:58'),
(552, 'Bunaya Ardik Saputra', 'Indonesia', 'GK', 128, 163, 163, 163, 7, NULL, 1, 1, 2, 20, '2026-06-18 19:27:59'),
(553, 'Rifki Pudoli', 'Indonesia', 'RW', 128, 163, 163, 163, 7, NULL, 1, 1, 2, 20, '2026-06-19 04:07:25'),
(554, 'Player 5', 'Unknown', 'ST', 45, 35, 35, 35, 1, NULL, 0, 0, 2, 1, '2026-06-19 04:15:26'),
(555, 'Player 17', 'Unknown', 'ST', 45, 35, 35, 35, 1, NULL, 0, 0, 2, 1, '2026-06-19 04:15:26'),
(556, 'Player 6', 'Unknown', 'ST', 45, 35, 35, 35, 1, NULL, 0, 0, 2, 1, '2026-06-19 04:15:45'),
(557, 'Player 12', 'Unknown', 'ST', 45, 35, 35, 35, 1, NULL, 0, 0, 2, 1, '2026-06-19 04:16:09'),
(558, 'Rayhan Afif', 'Indonesia', 'LW', 128, 163, 163, 163, 7, NULL, 1, 1, 2, 20, '2026-06-19 04:25:16'),
(559, 'Rifki Anantama Roy', 'Indonesia', 'LW', 128, 163, 163, 163, 7, NULL, 1, 0, 2, 20, '2026-06-19 15:59:11'),
(560, 'Raka Harrun Arasyid', 'Indonesia', 'CDM', 128, 163, 163, 163, 7, NULL, 1, 0, 2, 20, '2026-06-19 16:02:03'),
(561, 'Player 1', 'Unknown', 'ST', 45, 35, 35, 35, 1, NULL, 0, 0, 3, 1, '2026-06-19 17:11:43'),
(562, 'Player 2', 'Unknown', 'ST', 45, 35, 35, 35, 1, NULL, 0, 0, 3, 1, '2026-06-19 17:11:43'),
(563, 'Player 3', 'Unknown', 'ST', 45, 35, 35, 35, 1, NULL, 0, 0, 3, 1, '2026-06-19 17:11:43'),
(564, 'Player 4', 'Unknown', 'ST', 45, 35, 35, 35, 1, NULL, 0, 0, 3, 1, '2026-06-19 17:11:43'),
(565, 'Player 5', 'Unknown', 'ST', 45, 35, 35, 35, 1, NULL, 0, 0, 3, 1, '2026-06-19 17:11:43'),
(566, 'Player 6', 'Unknown', 'ST', 45, 35, 35, 35, 1, NULL, 0, 0, 3, 1, '2026-06-19 17:11:43'),
(567, 'Player 7', 'Unknown', 'ST', 45, 35, 35, 35, 1, NULL, 0, 0, 3, 1, '2026-06-19 17:11:43'),
(568, 'Player 8', 'Unknown', 'ST', 45, 35, 35, 35, 1, NULL, 0, 0, 3, 1, '2026-06-19 17:11:43'),
(569, 'Player 9', 'Unknown', 'ST', 45, 35, 35, 35, 1, NULL, 0, 0, 3, 1, '2026-06-19 17:11:43'),
(570, 'Player 10', 'Unknown', 'ST', 45, 35, 35, 35, 1, NULL, 0, 0, 3, 1, '2026-06-19 17:11:43'),
(571, 'Player 11', 'Unknown', 'ST', 45, 35, 35, 35, 1, NULL, 0, 0, 3, 1, '2026-06-19 17:11:43'),
(572, 'Player 12', 'Unknown', 'ST', 45, 35, 35, 35, 1, NULL, 0, 0, 3, 1, '2026-06-19 17:11:43'),
(573, 'Player 13', 'Unknown', 'ST', 45, 35, 35, 35, 1, NULL, 0, 0, 3, 1, '2026-06-19 17:11:43'),
(574, 'Player 14', 'Unknown', 'ST', 45, 35, 35, 35, 1, NULL, 0, 0, 3, 1, '2026-06-19 17:11:43'),
(575, 'Player 15', 'Unknown', 'ST', 45, 35, 35, 35, 1, NULL, 0, 0, 3, 1, '2026-06-19 17:11:43'),
(576, 'Player 16', 'Unknown', 'ST', 45, 35, 35, 35, 1, NULL, 0, 0, 3, 1, '2026-06-19 17:11:43'),
(577, 'Player 17', 'Unknown', 'ST', 45, 35, 35, 35, 1, NULL, 0, 0, 3, 1, '2026-06-19 17:11:43'),
(578, 'Player 18', 'Unknown', 'ST', 45, 35, 35, 35, 1, NULL, 0, 0, 3, 1, '2026-06-19 17:11:43'),
(579, 'Player 19', 'Unknown', 'ST', 45, 35, 35, 35, 1, NULL, 0, 0, 3, 1, '2026-06-19 17:11:43'),
(580, 'Player 20', 'Unknown', 'ST', 45, 35, 35, 35, 1, NULL, 0, 0, 3, 1, '2026-06-19 17:11:43'),
(581, 'Player 1', 'Unknown', 'ST', 45, 35, 35, 35, 1, NULL, 0, 0, 4, 1, '2026-06-19 17:12:27'),
(582, 'Player 2', 'Unknown', 'ST', 45, 35, 35, 35, 1, NULL, 0, 0, 4, 1, '2026-06-19 17:12:27'),
(583, 'Player 3', 'Unknown', 'ST', 45, 35, 35, 35, 1, NULL, 0, 0, 4, 1, '2026-06-19 17:12:27'),
(584, 'Player 4', 'Unknown', 'ST', 45, 35, 35, 35, 1, NULL, 0, 0, 4, 1, '2026-06-19 17:12:27'),
(585, 'Player 5', 'Unknown', 'ST', 45, 35, 35, 35, 1, NULL, 0, 0, 4, 1, '2026-06-19 17:12:27'),
(586, 'Player 6', 'Unknown', 'ST', 45, 35, 35, 35, 1, NULL, 0, 0, 4, 1, '2026-06-19 17:12:27'),
(587, 'Player 7', 'Unknown', 'ST', 45, 35, 35, 35, 1, NULL, 0, 0, 4, 1, '2026-06-19 17:12:27'),
(588, 'Player 8', 'Unknown', 'ST', 45, 35, 35, 35, 1, NULL, 0, 0, 4, 1, '2026-06-19 17:12:27'),
(589, 'Player 9', 'Unknown', 'ST', 45, 35, 35, 35, 1, NULL, 0, 0, 4, 1, '2026-06-19 17:12:27'),
(590, 'Player 10', 'Unknown', 'ST', 45, 35, 35, 35, 1, NULL, 0, 0, 4, 1, '2026-06-19 17:12:27'),
(591, 'Player 11', 'Unknown', 'ST', 45, 35, 35, 35, 1, NULL, 0, 0, 4, 1, '2026-06-19 17:12:27'),
(592, 'Player 12', 'Unknown', 'ST', 45, 35, 35, 35, 1, NULL, 0, 0, 4, 1, '2026-06-19 17:12:27'),
(593, 'Player 13', 'Unknown', 'ST', 45, 35, 35, 35, 1, NULL, 0, 0, 4, 1, '2026-06-19 17:12:27'),
(594, 'Player 14', 'Unknown', 'ST', 45, 35, 35, 35, 1, NULL, 0, 0, 4, 1, '2026-06-19 17:12:27'),
(595, 'Player 15', 'Unknown', 'ST', 45, 35, 35, 35, 1, NULL, 0, 0, 4, 1, '2026-06-19 17:12:27'),
(596, 'Player 16', 'Unknown', 'ST', 45, 35, 35, 35, 1, NULL, 0, 0, 4, 1, '2026-06-19 17:12:27'),
(597, 'Player 17', 'Unknown', 'ST', 45, 35, 35, 35, 1, NULL, 0, 0, 4, 1, '2026-06-19 17:12:27'),
(598, 'Player 18', 'Unknown', 'ST', 45, 35, 35, 35, 1, NULL, 0, 0, 4, 1, '2026-06-19 17:12:27'),
(599, 'Player 19', 'Unknown', 'ST', 45, 35, 35, 35, 1, NULL, 0, 0, 4, 1, '2026-06-19 17:12:27'),
(600, 'Player 20', 'Unknown', 'ST', 45, 35, 35, 35, 1, NULL, 0, 0, 4, 1, '2026-06-19 17:12:27'),
(601, 'Yuki Nakamura', 'Japan', 'ST', 55, 45, 45, 45, 2, NULL, 0, 0, 4, 1, '2026-06-19 17:13:25'),
(602, 'Kenji Tanaka', 'Japan', 'LB', 45, 35, 35, 35, 1, NULL, 0, 0, 4, 1, '2026-06-19 17:13:31'),
(603, 'Andi Saputra', 'Indonesia', 'CB', 45, 35, 35, 35, 1, NULL, 0, 0, 4, 1, '2026-06-19 17:13:40'),
(604, 'Mateus Costa', 'Brazil', 'ST', 48, 38, 38, 38, 1, NULL, 0, 0, 4, 4, '2026-06-19 17:13:41'),
(605, 'Yuki Nakamura', 'Japan', 'ST', 55, 45, 45, 45, 2, NULL, 0, 0, 3, 1, '2026-06-19 17:18:52'),
(606, 'Dimas Setiawan', 'Indonesia', 'LB', 45, 35, 35, 35, 1, NULL, 0, 0, 3, 1, '2026-06-19 17:18:54'),
(607, 'Mateus Costa', 'Brazil', 'ST', 48, 38, 38, 38, 1, NULL, 0, 0, 3, 4, '2026-06-19 17:18:59'),
(608, 'Player 11', 'Unknown', 'ST', 45, 35, 35, 35, 1, NULL, 0, 0, 1, 1, '2026-06-19 17:22:20'),
(609, 'Player 7', 'Unknown', 'ST', 45, 35, 35, 35, 1, NULL, 0, 0, 1, 1, '2026-06-19 17:22:20'),
(610, 'Player 12', 'Unknown', 'ST', 45, 35, 35, 35, 1, NULL, 0, 0, 1, 1, '2026-06-19 17:22:20'),
(611, 'Player 15', 'Unknown', 'ST', 45, 35, 35, 35, 1, NULL, 0, 0, 1, 1, '2026-06-19 17:22:20'),
(612, 'Player 17', 'Unknown', 'ST', 45, 35, 35, 35, 1, NULL, 0, 0, 1, 1, '2026-06-19 17:22:20'),
(613, 'Player 6', 'Unknown', 'ST', 45, 35, 35, 35, 1, NULL, 0, 0, 1, 1, '2026-06-19 17:22:20'),
(614, 'Player 20', 'Unknown', 'ST', 45, 35, 35, 35, 1, NULL, 0, 0, 1, 1, '2026-06-19 17:22:23'),
(615, 'Player 1', 'Unknown', 'ST', 45, 35, 35, 35, 1, NULL, 0, 0, 1, 1, '2026-06-19 17:22:23'),
(616, 'Player 14', 'Unknown', 'ST', 45, 35, 35, 35, 1, NULL, 0, 0, 1, 1, '2026-06-19 17:22:23'),
(617, 'Player 16', 'Unknown', 'ST', 45, 35, 35, 35, 1, NULL, 0, 0, 1, 1, '2026-06-19 17:22:23'),
(618, 'Player 8', 'Unknown', 'ST', 45, 35, 35, 35, 1, NULL, 0, 0, 1, 1, '2026-06-19 17:22:25'),
(619, 'Mateus Costa', 'Brazil', 'ST', 48, 38, 38, 38, 1, NULL, 0, 0, 1, 4, '2026-06-19 17:22:27'),
(620, 'Player 18', 'Unknown', 'ST', 45, 35, 35, 35, 1, NULL, 0, 0, 1, 1, '2026-06-19 17:22:28'),
(621, 'Player 4', 'Unknown', 'ST', 45, 35, 35, 35, 1, NULL, 0, 0, 1, 1, '2026-06-19 17:22:28'),
(622, 'Player 3', 'Unknown', 'ST', 45, 35, 35, 35, 1, NULL, 0, 0, 1, 1, '2026-06-19 17:22:28'),
(623, 'Player 13', 'Unknown', 'ST', 45, 35, 35, 35, 1, NULL, 0, 0, 1, 1, '2026-06-19 17:22:32'),
(624, 'Player 1', 'Unknown', 'ST', 45, 35, 35, 35, 1, NULL, 0, 0, 5, 1, '2026-06-20 05:50:23'),
(625, 'Player 2', 'Unknown', 'ST', 45, 35, 35, 35, 1, NULL, 0, 0, 5, 1, '2026-06-20 05:50:23'),
(626, 'Player 3', 'Unknown', 'ST', 45, 35, 35, 35, 1, NULL, 0, 0, 5, 1, '2026-06-20 05:50:23'),
(627, 'Player 4', 'Unknown', 'ST', 45, 35, 35, 35, 1, NULL, 0, 0, 5, 1, '2026-06-20 05:50:23'),
(628, 'Player 5', 'Unknown', 'ST', 45, 35, 35, 35, 1, NULL, 0, 0, 5, 1, '2026-06-20 05:50:23'),
(629, 'Player 6', 'Unknown', 'ST', 45, 35, 35, 35, 1, NULL, 0, 0, 5, 1, '2026-06-20 05:50:23'),
(630, 'Player 7', 'Unknown', 'ST', 45, 35, 35, 35, 1, NULL, 0, 0, 5, 1, '2026-06-20 05:50:23'),
(631, 'Player 8', 'Unknown', 'ST', 45, 35, 35, 35, 1, NULL, 0, 0, 5, 1, '2026-06-20 05:50:23'),
(632, 'Player 9', 'Unknown', 'ST', 45, 35, 35, 35, 1, NULL, 0, 0, 5, 1, '2026-06-20 05:50:23'),
(633, 'Player 10', 'Unknown', 'ST', 45, 35, 35, 35, 1, NULL, 0, 0, 5, 1, '2026-06-20 05:50:23'),
(634, 'Player 11', 'Unknown', 'ST', 45, 35, 35, 35, 1, NULL, 0, 0, 5, 1, '2026-06-20 05:50:23'),
(635, 'Player 12', 'Unknown', 'ST', 45, 35, 35, 35, 1, NULL, 0, 0, 5, 1, '2026-06-20 05:50:23'),
(636, 'Player 13', 'Unknown', 'ST', 45, 35, 35, 35, 1, NULL, 0, 0, 5, 1, '2026-06-20 05:50:23'),
(637, 'Player 14', 'Unknown', 'ST', 45, 35, 35, 35, 1, NULL, 0, 0, 5, 1, '2026-06-20 05:50:23'),
(638, 'Player 15', 'Unknown', 'ST', 45, 35, 35, 35, 1, NULL, 0, 0, 5, 1, '2026-06-20 05:50:23'),
(639, 'Player 16', 'Unknown', 'ST', 45, 35, 35, 35, 1, NULL, 0, 0, 5, 1, '2026-06-20 05:50:23'),
(640, 'Player 17', 'Unknown', 'ST', 45, 35, 35, 35, 1, NULL, 0, 0, 5, 1, '2026-06-20 05:50:23'),
(641, 'Player 18', 'Unknown', 'ST', 45, 35, 35, 35, 1, NULL, 0, 0, 5, 1, '2026-06-20 05:50:23'),
(642, 'Player 19', 'Unknown', 'ST', 45, 35, 35, 35, 1, NULL, 0, 0, 5, 1, '2026-06-20 05:50:23'),
(643, 'Player 20', 'Unknown', 'ST', 45, 35, 35, 35, 1, NULL, 0, 0, 5, 1, '2026-06-20 05:50:23'),
(644, 'Yuki Nakamura', 'Japan', 'ST', 55, 45, 45, 45, 2, NULL, 0, 0, 5, 1, '2026-06-20 05:50:42'),
(645, 'Andi Saputra', 'Indonesia', 'CB', 45, 35, 35, 35, 1, NULL, 0, 0, 5, 1, '2026-06-20 05:52:10'),
(646, 'Mateus Costa', 'Brazil', 'ST', 48, 38, 38, 38, 1, NULL, 0, 0, 5, 4, '2026-06-20 05:52:15'),
(647, 'Kenji Tanaka', 'Japan', 'LB', 45, 35, 35, 35, 1, NULL, 0, 0, 5, 1, '2026-06-20 05:52:18'),
(648, 'Rizky Pratama', 'Indonesia', 'GK', 45, 35, 35, 35, 1, NULL, 0, 0, 5, 1, '2026-06-20 05:52:18'),
(649, 'Fajar Nugroho', 'Indonesia', 'CB', 45, 35, 35, 35, 1, NULL, 0, 0, 5, 1, '2026-06-20 05:52:26'),
(650, 'Budi Santoso', 'Indonesia', 'CB', 45, 35, 35, 35, 1, NULL, 0, 0, 5, 1, '2026-06-20 05:52:28'),
(651, 'Dimas Setiawan', 'Indonesia', 'LB', 45, 35, 35, 35, 1, NULL, 0, 0, 5, 1, '2026-06-20 05:57:38'),
(652, 'Aditya Pratama', 'Indonesia', 'RB', 128, 163, 163, 163, 7, NULL, 1, 0, 5, 20, '2026-06-20 05:59:25'),
(653, 'Player 5', 'Unknown', 'ST', 45, 35, 35, 35, 1, NULL, 0, 0, 1, 1, '2026-06-20 06:04:05'),
(654, 'Player 2', 'Unknown', 'ST', 45, 35, 35, 35, 1, NULL, 0, 0, 1, 1, '2026-06-20 06:04:08'),
(655, 'Player 9', 'Unknown', 'ST', 45, 35, 35, 35, 1, NULL, 0, 0, 1, 1, '2026-06-20 06:04:09'),
(656, 'Yuki Nakamura', 'Japan', 'ST', 55, 45, 45, 45, 2, NULL, 0, 0, 2, 1, '2026-06-20 09:57:24'),
(657, 'Rifki Achmad Fahreza', 'Indonesia', 'ST', 128, 163, 163, 163, 7, NULL, 1, 0, 2, 20, '2026-06-20 10:02:36'),
(658, 'Nur Fikri', 'Indonesia', 'CDM', 138, 173, 166, 173, 7, NULL, 1, 0, 2, 20, '2026-06-20 10:04:58'),
(659, 'AKIRA', 'Japan', 'GK', 157, 211, 211, 211, 10, '/football-stars-idle/assets/images/firstevents/AKIRA.png', 0, 1, 1, 20, '2026-06-20 19:16:02'),
(660, 'SORA', 'Japan', 'RB', 158, 212, 212, 212, 10, '/football-stars-idle/assets/images/firstevents/SORA.png', 0, 1, 5, 20, '2026-06-20 19:16:02'),
(661, 'TAKUMI', 'Japan', 'LB', 159, 213, 213, 213, 10, '/football-stars-idle/assets/images/firstevents/TAKUMI.png', 0, 1, 1, 20, '2026-06-20 19:16:02'),
(662, 'KAITO', 'Japan', 'CB', 160, 214, 214, 214, 10, '/football-stars-idle/assets/images/firstevents/KAITO.png', 0, 1, 1, 20, '2026-06-20 19:16:02'),
(663, 'ITSUKI', 'Japan', 'CB', 161, 215, 215, 215, 10, '/football-stars-idle/assets/images/firstevents/ITSUKI.png', 0, 1, 5, 20, '2026-06-20 19:16:02'),
(664, 'KAZUKI', 'Japan', 'CM', 162, 216, 216, 216, 10, '/football-stars-idle/assets/images/firstevents/KAZUKI.png', 0, 1, 5, 20, '2026-06-20 19:16:02'),
(665, 'SHUN', 'Japan', 'CAM', 163, 217, 217, 217, 10, '/football-stars-idle/assets/images/firstevents/SHUN.png', 0, 1, 1, 20, '2026-06-20 19:16:02'),
(666, 'YUKI', 'Japan', 'CDM', 164, 218, 218, 218, 10, '/football-stars-idle/assets/images/firstevents/YUKI.png', 0, 1, 1, 20, '2026-06-20 19:16:02'),
(667, 'RIKU', 'Japan', 'LW', 165, 219, 219, 219, 10, '/football-stars-idle/assets/images/firstevents/RIKU.png', 0, 1, 5, 20, '2026-06-20 19:16:02'),
(668, 'DAIKI', 'Japan', 'RW', 166, 220, 220, 220, 10, '/football-stars-idle/assets/images/firstevents/DAIKI.png', 0, 1, 5, 20, '2026-06-20 19:16:02'),
(669, 'RYOTA', 'Japan', 'ST', 167, 221, 221, 221, 10, '/football-stars-idle/assets/images/firstevents/RYOTA.png', 0, 1, 5, 20, '2026-06-20 19:16:02'),
(670, 'Player 10', 'Unknown', 'ST', 45, 35, 35, 35, 1, NULL, 0, 0, 1, 1, '2026-06-21 07:06:47'),
(671, 'Player 19', 'Unknown', 'ST', 45, 35, 35, 35, 1, NULL, 0, 0, 1, 1, '2026-06-21 07:10:58'),
(672, 'Budi Santoso', 'Indonesia', 'CB', 45, 35, 35, 35, 1, NULL, 0, 0, 4, 1, '2026-06-21 07:23:25'),
(673, 'Dimas Setiawan', 'Indonesia', 'LB', 45, 35, 35, 35, 1, NULL, 0, 0, 4, 1, '2026-06-21 07:23:25'),
(674, 'Rizky Pratama', 'Indonesia', 'GK', 45, 35, 35, 35, 1, NULL, 0, 0, 4, 1, '2026-06-21 07:23:26'),
(675, 'Fajar Nugroho', 'Indonesia', 'CB', 45, 35, 35, 35, 1, NULL, 0, 0, 4, 1, '2026-06-21 07:23:26');

-- --------------------------------------------------------

--
-- Table structure for table `f_player_tier`
--

CREATE TABLE `f_player_tier` (
  `id` int UNSIGNED NOT NULL,
  `tier_name` varchar(20) COLLATE utf8mb4_unicode_ci NOT NULL,
  `tier_order` tinyint UNSIGNED NOT NULL,
  `rating_min` tinyint UNSIGNED NOT NULL,
  `rating_max` tinyint UNSIGNED NOT NULL,
  `base_offence` tinyint UNSIGNED NOT NULL,
  `base_defence` tinyint UNSIGNED NOT NULL,
  `base_teamwork` tinyint UNSIGNED NOT NULL,
  `upgrade_base_cost` int UNSIGNED NOT NULL,
  `upgrade_stat_per_level` tinyint UNSIGNED NOT NULL,
  `card_color` varchar(50) COLLATE utf8mb4_unicode_ci NOT NULL,
  `card_color_secondary` varchar(50) COLLATE utf8mb4_unicode_ci DEFAULT NULL,
  `card_color_tertiary` varchar(50) COLLATE utf8mb4_unicode_ci DEFAULT NULL,
  `is_exclusive` tinyint(1) NOT NULL DEFAULT '0',
  `pr_token_cost` int UNSIGNED DEFAULT NULL
) ENGINE=InnoDB DEFAULT CHARSET=utf8mb4 COLLATE=utf8mb4_unicode_ci;

--
-- Dumping data for table `f_player_tier`
--

INSERT INTO `f_player_tier` (`id`, `tier_name`, `tier_order`, `rating_min`, `rating_max`, `base_offence`, `base_defence`, `base_teamwork`, `upgrade_base_cost`, `upgrade_stat_per_level`, `card_color`, `card_color_secondary`, `card_color_tertiary`, `is_exclusive`, `pr_token_cost`) VALUES
(1, 'Amateur', 1, 40, 54, 35, 35, 35, 10, 1, '#9E9E9E', NULL, NULL, 0, NULL),
(2, 'Trained', 2, 55, 62, 45, 45, 45, 20, 1, '#64B5F6', NULL, NULL, 0, 10),
(3, 'Talented', 3, 63, 69, 54, 54, 54, 35, 2, '#1565C0', NULL, NULL, 0, 25),
(4, 'Semi-Pro', 4, 70, 74, 61, 61, 61, 55, 2, '#2E7D32', NULL, NULL, 0, 50),
(5, 'Pro', 5, 75, 79, 69, 69, 69, 80, 3, '#388E3C', NULL, NULL, 0, 100),
(6, 'Expert', 6, 80, 89, 78, 78, 78, 150, 3, '#F57C00', NULL, NULL, 1, 200),
(7, 'Legendary', 7, 90, 99, 87, 87, 87, 300, 4, '#6A1B9A', NULL, NULL, 1, 400),
(8, 'Goat', 8, 120, 120, 99, 99, 99, 500, 5, '#F57C00', '#6A1B9A', '#FFD700', 1, NULL),
(9, 'ASEAN Legend', 9, 85, 93, 75, 75, 75, 400, 4, '#FFD700', '#FF6B35', '#008000', 1, 500),
(10, 'Celestial', 10, 100, 100, 97, 97, 97, 600, 6, '#7B2FBE', '#FF6EC7', '#00D4FF', 1, 1500);

-- --------------------------------------------------------

--
-- Table structure for table `gacha_log`
--

CREATE TABLE `gacha_log` (
  `id` int UNSIGNED NOT NULL,
  `user_id` int UNSIGNED NOT NULL,
  `player_id` int UNSIGNED NOT NULL,
  `tier_result` varchar(20) COLLATE utf8mb4_unicode_ci NOT NULL,
  `pity_count` tinyint UNSIGNED NOT NULL DEFAULT '0',
  `spun_at` timestamp NULL DEFAULT CURRENT_TIMESTAMP
) ENGINE=InnoDB DEFAULT CHARSET=utf8mb4 COLLATE=utf8mb4_unicode_ci;

--
-- Dumping data for table `gacha_log`
--

INSERT INTO `gacha_log` (`id`, `user_id`, `player_id`, `tier_result`, `pity_count`, `spun_at`) VALUES
(1, 1, 24, 'Amateur', 1, '2026-06-17 03:26:25'),
(2, 1, 37, 'Amateur', 2, '2026-06-17 03:45:27'),
(3, 1, 25, 'Amateur', 3, '2026-06-17 03:45:27'),
(4, 1, 30, 'Amateur', 4, '2026-06-17 03:45:27'),
(5, 1, 32, 'Amateur', 5, '2026-06-17 03:45:27'),
(6, 1, 27, 'Amateur', 6, '2026-06-17 03:45:27'),
(7, 1, 33, 'Amateur', 7, '2026-06-17 03:45:27'),
(8, 1, 34, 'Amateur', 8, '2026-06-17 03:45:27'),
(9, 1, 20, 'Amateur', 9, '2026-06-17 03:45:27'),
(10, 1, 4, 'Expert', 10, '2026-06-17 03:45:27'),
(11, 1, 19, 'Amateur', 1, '2026-06-17 03:45:27'),
(12, 1, 34, 'Amateur', 2, '2026-06-17 03:49:33'),
(13, 1, 2, 'Expert', 3, '2026-06-17 04:00:15'),
(14, 1, 37, 'Amateur', 4, '2026-06-17 04:00:15'),
(15, 1, 27, 'Amateur', 5, '2026-06-17 04:00:15'),
(16, 1, 36, 'Amateur', 6, '2026-06-17 04:00:15'),
(17, 1, 37, 'Amateur', 7, '2026-06-17 04:00:15'),
(18, 1, 27, 'Amateur', 8, '2026-06-17 04:00:15'),
(19, 1, 29, 'Amateur', 9, '2026-06-17 04:00:15'),
(20, 1, 13, 'Legendary', 10, '2026-06-17 04:00:15'),
(21, 1, 24, 'Amateur', 1, '2026-06-17 04:00:15'),
(22, 1, 11, 'Legendary', 2, '2026-06-17 04:00:15'),
(23, 1, 34, 'Amateur', 3, '2026-06-17 04:00:35'),
(24, 1, 23, 'Amateur', 4, '2026-06-17 04:00:35'),
(25, 1, 32, 'Amateur', 5, '2026-06-17 04:00:35'),
(26, 1, 23, 'Amateur', 6, '2026-06-17 04:00:35'),
(27, 1, 37, 'Amateur', 7, '2026-06-17 04:00:35'),
(28, 1, 24, 'Amateur', 8, '2026-06-17 04:00:35'),
(29, 1, 22, 'Amateur', 9, '2026-06-17 04:00:35'),
(30, 1, 1, 'Expert', 10, '2026-06-17 04:00:35'),
(31, 1, 33, 'Amateur', 1, '2026-06-17 04:00:35'),
(32, 1, 21, 'Amateur', 2, '2026-06-17 04:00:35'),
(33, 1, 30, 'Amateur', 3, '2026-06-17 04:00:38'),
(34, 1, 26, 'Amateur', 4, '2026-06-17 04:00:38'),
(35, 1, 29, 'Amateur', 5, '2026-06-17 04:00:38'),
(36, 1, 34, 'Amateur', 6, '2026-06-17 04:00:38'),
(37, 1, 33, 'Amateur', 7, '2026-06-17 04:00:38'),
(38, 1, 35, 'Amateur', 8, '2026-06-17 04:00:38'),
(39, 1, 22, 'Amateur', 9, '2026-06-17 04:00:38'),
(40, 1, 12, 'Legendary', 10, '2026-06-17 04:00:38'),
(41, 1, 19, 'Amateur', 1, '2026-06-17 04:00:38'),
(42, 1, 32, 'Amateur', 2, '2026-06-17 04:00:38'),
(43, 1, 28, 'Amateur', 3, '2026-06-17 04:00:41'),
(44, 1, 25, 'Amateur', 4, '2026-06-17 04:00:41'),
(45, 1, 24, 'Amateur', 5, '2026-06-17 04:00:41'),
(46, 1, 28, 'Amateur', 6, '2026-06-17 04:00:41'),
(47, 1, 22, 'Amateur', 7, '2026-06-17 04:00:41'),
(48, 1, 33, 'Amateur', 8, '2026-06-17 04:00:41'),
(49, 1, 26, 'Amateur', 9, '2026-06-17 04:00:41'),
(50, 1, 6, 'Expert', 10, '2026-06-17 04:00:41'),
(51, 1, 34, 'Amateur', 1, '2026-06-17 04:00:41'),
(52, 1, 37, 'Amateur', 2, '2026-06-17 04:00:41'),
(53, 1, 26, 'Amateur', 3, '2026-06-17 04:00:43'),
(54, 1, 14, 'Legendary', 4, '2026-06-17 04:00:43'),
(55, 1, 28, 'Amateur', 5, '2026-06-17 04:00:43'),
(56, 1, 27, 'Amateur', 6, '2026-06-17 04:00:43'),
(57, 1, 32, 'Amateur', 7, '2026-06-17 04:00:43'),
(58, 1, 30, 'Amateur', 8, '2026-06-17 04:00:43'),
(59, 1, 34, 'Amateur', 9, '2026-06-17 04:00:43'),
(60, 1, 10, 'Expert', 10, '2026-06-17 04:00:43'),
(61, 1, 19, 'Amateur', 1, '2026-06-17 04:00:43'),
(62, 1, 21, 'Amateur', 2, '2026-06-17 04:00:43'),
(63, 1, 23, 'Amateur', 3, '2026-06-17 04:00:47'),
(64, 1, 21, 'Amateur', 4, '2026-06-17 04:00:47'),
(65, 1, 31, 'Amateur', 5, '2026-06-17 04:00:47'),
(66, 1, 23, 'Amateur', 6, '2026-06-17 04:00:47'),
(67, 1, 31, 'Amateur', 7, '2026-06-17 04:00:47'),
(68, 1, 22, 'Amateur', 8, '2026-06-17 04:00:47'),
(69, 1, 38, 'Amateur', 9, '2026-06-17 04:00:47'),
(70, 1, 15, 'Legendary', 10, '2026-06-17 04:00:47'),
(71, 1, 27, 'Amateur', 1, '2026-06-17 04:00:47'),
(72, 1, 34, 'Amateur', 2, '2026-06-17 04:00:47'),
(73, 1, 26, 'Amateur', 3, '2026-06-17 04:00:55'),
(74, 1, 19, 'Amateur', 4, '2026-06-17 04:00:55'),
(75, 1, 21, 'Amateur', 5, '2026-06-17 04:00:55'),
(76, 1, 35, 'Amateur', 6, '2026-06-17 04:00:55'),
(77, 1, 24, 'Amateur', 7, '2026-06-17 04:00:55'),
(78, 1, 27, 'Amateur', 8, '2026-06-17 04:00:55'),
(79, 1, 31, 'Amateur', 9, '2026-06-17 04:00:55'),
(80, 1, 7, 'Expert', 10, '2026-06-17 04:00:55'),
(81, 1, 29, 'Amateur', 1, '2026-06-17 04:00:55'),
(82, 1, 23, 'Amateur', 2, '2026-06-17 04:00:55'),
(83, 1, 26, 'Trained', 3, '2026-06-17 13:27:19'),
(84, 1, 26, 'Trained', 4, '2026-06-17 13:27:19'),
(85, 1, 26, 'Trained', 5, '2026-06-17 13:27:19'),
(86, 1, 26, 'Trained', 6, '2026-06-17 13:27:19'),
(87, 1, 8, 'Expert', 7, '2026-06-17 13:27:19'),
(88, 1, 19, 'Amateur', 8, '2026-06-17 13:27:19'),
(89, 1, 26, 'Trained', 9, '2026-06-17 13:27:20'),
(90, 1, 3, 'Expert', 10, '2026-06-17 13:27:20'),
(91, 1, 26, 'Trained', 1, '2026-06-17 13:27:20'),
(92, 1, 35, 'Amateur', 2, '2026-06-17 13:27:20'),
(93, 1, 26, 'Trained', 3, '2026-06-17 13:27:29'),
(94, 1, 9, 'Expert', 4, '2026-06-17 13:27:29'),
(95, 1, 5, 'Expert', 5, '2026-06-17 13:27:29'),
(96, 1, 23, 'Amateur', 6, '2026-06-17 13:27:29'),
(97, 1, 26, 'Trained', 7, '2026-06-17 13:27:29'),
(98, 1, 26, 'Trained', 8, '2026-06-17 13:27:29'),
(99, 1, 26, 'Trained', 9, '2026-06-17 13:27:29'),
(100, 1, 18, 'Expert', 10, '2026-06-17 13:27:29'),
(101, 1, 20, 'Amateur', 1, '2026-06-17 13:27:29'),
(102, 1, 28, 'Amateur', 2, '2026-06-17 13:27:29'),
(103, 1, 26, 'Trained', 3, '2026-06-17 13:27:33'),
(104, 1, 26, 'Trained', 4, '2026-06-17 13:27:33'),
(105, 1, 38, 'Amateur', 5, '2026-06-17 13:27:33'),
(106, 1, 26, 'Trained', 6, '2026-06-17 13:27:33'),
(107, 1, 24, 'Amateur', 7, '2026-06-17 13:27:33'),
(108, 1, 20, 'Amateur', 8, '2026-06-17 13:27:33'),
(109, 1, 26, 'Trained', 9, '2026-06-17 13:27:33'),
(110, 1, 26, 'Trained', 10, '2026-06-17 13:27:33'),
(111, 1, 24, 'Amateur', 1, '2026-06-17 13:27:33'),
(112, 1, 35, 'Amateur', 2, '2026-06-17 13:27:33'),
(113, 1, 36, 'Amateur', 3, '2026-06-17 13:27:36'),
(114, 1, 28, 'Amateur', 4, '2026-06-17 13:27:36'),
(115, 1, 37, 'Amateur', 5, '2026-06-17 13:27:36'),
(116, 1, 26, 'Trained', 6, '2026-06-17 13:27:36'),
(117, 1, 28, 'Amateur', 7, '2026-06-17 13:27:36'),
(118, 1, 26, 'Trained', 8, '2026-06-17 13:27:36'),
(119, 1, 34, 'Amateur', 9, '2026-06-17 13:27:36'),
(120, 1, 26, 'Trained', 10, '2026-06-17 13:27:36'),
(121, 1, 34, 'Amateur', 1, '2026-06-17 13:27:36'),
(122, 1, 26, 'Trained', 2, '2026-06-17 13:27:36'),
(123, 1, 20, 'Amateur', 3, '2026-06-17 13:27:39'),
(124, 1, 26, 'Trained', 4, '2026-06-17 13:27:39'),
(125, 1, 26, 'Trained', 5, '2026-06-17 13:27:39'),
(126, 1, 19, 'Amateur', 6, '2026-06-17 13:27:39'),
(127, 1, 19, 'Amateur', 7, '2026-06-17 13:27:39'),
(128, 1, 34, 'Amateur', 8, '2026-06-17 13:27:39'),
(129, 1, 26, 'Trained', 9, '2026-06-17 13:27:39'),
(130, 1, 32, 'Amateur', 10, '2026-06-17 13:27:39'),
(131, 1, 28, 'Amateur', 1, '2026-06-17 13:27:39'),
(132, 1, 26, 'Trained', 2, '2026-06-17 13:27:39'),
(133, 1, 26, 'Trained', 3, '2026-06-17 13:32:44'),
(134, 1, 26, 'Trained', 4, '2026-06-17 13:32:44'),
(135, 1, 36, 'Amateur', 5, '2026-06-17 13:32:44'),
(136, 1, 37, 'Amateur', 6, '2026-06-17 13:32:44'),
(137, 1, 24, 'Amateur', 7, '2026-06-17 13:32:44'),
(138, 1, 31, 'Amateur', 8, '2026-06-17 13:32:44'),
(139, 1, 20, 'Amateur', 9, '2026-06-17 13:32:44'),
(140, 1, 26, 'Trained', 10, '2026-06-17 13:32:44'),
(141, 1, 26, 'Trained', 1, '2026-06-17 13:32:44'),
(142, 1, 26, 'Trained', 2, '2026-06-17 13:32:44'),
(143, 1, 21, 'Amateur', 3, '2026-06-17 13:32:52'),
(144, 1, 24, 'Amateur', 4, '2026-06-17 13:32:52'),
(145, 1, 28, 'Amateur', 5, '2026-06-17 13:32:52'),
(146, 1, 26, 'Trained', 6, '2026-06-17 13:32:52'),
(147, 1, 22, 'Amateur', 7, '2026-06-17 13:32:52'),
(148, 1, 26, 'Trained', 8, '2026-06-17 13:32:52'),
(149, 1, 36, 'Amateur', 9, '2026-06-17 13:32:52'),
(150, 1, 26, 'Trained', 10, '2026-06-17 13:32:52'),
(151, 1, 37, 'Amateur', 1, '2026-06-17 13:32:52'),
(152, 1, 24, 'Amateur', 2, '2026-06-17 13:32:52'),
(153, 1, 21, 'Amateur', 3, '2026-06-17 13:32:54'),
(154, 1, 26, 'Trained', 4, '2026-06-17 13:32:54'),
(155, 1, 25, 'Amateur', 5, '2026-06-17 13:32:54'),
(156, 1, 26, 'Trained', 6, '2026-06-17 13:32:54'),
(157, 1, 26, 'Trained', 7, '2026-06-17 13:32:54'),
(158, 1, 32, 'Amateur', 8, '2026-06-17 13:32:54'),
(159, 1, 26, 'Trained', 9, '2026-06-17 13:32:54'),
(160, 1, 26, 'Trained', 10, '2026-06-17 13:32:54'),
(161, 1, 26, 'Trained', 1, '2026-06-17 13:32:54'),
(162, 1, 26, 'Trained', 2, '2026-06-17 13:32:54'),
(163, 1, 26, 'Trained', 3, '2026-06-17 13:32:58'),
(164, 1, 26, 'Trained', 4, '2026-06-17 13:32:58'),
(165, 1, 26, 'Trained', 5, '2026-06-17 13:32:58'),
(166, 1, 26, 'Trained', 6, '2026-06-17 13:32:58'),
(167, 1, 27, 'Amateur', 7, '2026-06-17 13:32:58'),
(168, 1, 26, 'Trained', 8, '2026-06-17 13:32:58'),
(169, 1, 24, 'Amateur', 9, '2026-06-17 13:32:58'),
(170, 1, 26, 'Trained', 10, '2026-06-17 13:32:58'),
(171, 1, 26, 'Trained', 1, '2026-06-17 13:32:58'),
(172, 1, 34, 'Amateur', 2, '2026-06-17 13:32:58'),
(173, 1, 40, 'Trained', 3, '2026-06-18 02:27:35'),
(174, 1, 25, 'Amateur', 4, '2026-06-18 02:27:35'),
(175, 1, 26, 'Trained', 5, '2026-06-18 02:27:35'),
(176, 1, 41, 'Amateur', 6, '2026-06-18 02:27:35'),
(177, 1, 35, 'Amateur', 7, '2026-06-18 02:27:35'),
(178, 1, 20, 'Amateur', 8, '2026-06-18 02:27:35'),
(179, 1, 32, 'Amateur', 9, '2026-06-18 02:27:35'),
(180, 1, 40, 'Trained', 10, '2026-06-18 02:27:35'),
(181, 1, 40, 'Trained', 1, '2026-06-18 02:27:35'),
(182, 1, 29, 'Amateur', 2, '2026-06-18 02:27:35'),
(183, 1, 26, 'Trained', 3, '2026-06-18 02:27:54'),
(184, 1, 40, 'Trained', 4, '2026-06-18 02:27:54'),
(185, 1, 26, 'Trained', 5, '2026-06-18 02:27:54'),
(186, 1, 26, 'Trained', 6, '2026-06-18 02:27:54'),
(187, 1, 36, 'Amateur', 7, '2026-06-18 02:27:54'),
(188, 1, 26, 'Trained', 8, '2026-06-18 02:27:54'),
(189, 1, 26, 'Trained', 9, '2026-06-18 02:27:54'),
(190, 1, 40, 'Trained', 10, '2026-06-18 02:27:54'),
(191, 1, 20, 'Amateur', 1, '2026-06-18 02:27:54'),
(192, 1, 26, 'Trained', 2, '2026-06-18 02:27:54'),
(193, 1, 42, 'Amateur', 3, '2026-06-18 02:28:04'),
(194, 1, 32, 'Amateur', 4, '2026-06-18 02:28:04'),
(195, 1, 40, 'Trained', 5, '2026-06-18 02:28:04'),
(196, 1, 35, 'Amateur', 6, '2026-06-18 02:28:04'),
(197, 1, 23, 'Amateur', 7, '2026-06-18 02:28:04'),
(198, 1, 43, 'Amateur', 8, '2026-06-18 02:28:04'),
(199, 1, 40, 'Trained', 9, '2026-06-18 02:28:04'),
(200, 1, 40, 'Trained', 10, '2026-06-18 02:28:04'),
(201, 1, 26, 'Trained', 1, '2026-06-18 02:28:04'),
(202, 1, 44, 'Amateur', 2, '2026-06-18 02:28:04'),
(203, 1, 40, 'Trained', 3, '2026-06-18 02:28:12'),
(204, 1, 20, 'Amateur', 4, '2026-06-18 02:28:12'),
(205, 1, 40, 'Trained', 5, '2026-06-18 02:28:12'),
(206, 1, 40, 'Trained', 6, '2026-06-18 02:28:12'),
(207, 1, 40, 'Trained', 7, '2026-06-18 02:28:12'),
(208, 1, 23, 'Amateur', 8, '2026-06-18 02:28:12'),
(209, 1, 25, 'Amateur', 9, '2026-06-18 02:28:12'),
(210, 1, 26, 'Trained', 10, '2026-06-18 02:28:12'),
(211, 1, 26, 'Trained', 1, '2026-06-18 02:28:12'),
(212, 1, 40, 'Trained', 2, '2026-06-18 02:28:12'),
(213, 1, 246, 'Amateur', 3, '2026-06-18 03:09:29'),
(214, 1, 26, 'Trained', 4, '2026-06-18 03:09:29'),
(215, 1, 23, 'Amateur', 5, '2026-06-18 03:09:29'),
(216, 1, 38, 'Amateur', 6, '2026-06-18 03:09:29'),
(217, 1, 44, 'Amateur', 7, '2026-06-18 03:09:29'),
(218, 1, 40, 'Trained', 8, '2026-06-18 03:09:29'),
(219, 1, 26, 'Trained', 9, '2026-06-18 03:09:29'),
(220, 1, 26, 'Trained', 10, '2026-06-18 03:09:29'),
(221, 1, 34, 'Amateur', 1, '2026-06-18 03:09:29'),
(222, 1, 26, 'Trained', 2, '2026-06-18 03:09:29'),
(223, 1, 27, 'Amateur', 3, '2026-06-18 03:09:32'),
(224, 1, 38, 'Amateur', 4, '2026-06-18 03:09:32'),
(225, 1, 26, 'Trained', 5, '2026-06-18 03:09:32'),
(226, 1, 41, 'Amateur', 6, '2026-06-18 03:09:32'),
(227, 1, 22, 'Amateur', 7, '2026-06-18 03:09:32'),
(228, 1, 40, 'Trained', 8, '2026-06-18 03:09:32'),
(229, 1, 34, 'Amateur', 9, '2026-06-18 03:09:32'),
(230, 1, 26, 'Trained', 10, '2026-06-18 03:09:32'),
(231, 1, 22, 'Amateur', 1, '2026-06-18 03:09:32'),
(232, 1, 40, 'Trained', 2, '2026-06-18 03:09:32'),
(233, 1, 26, 'Trained', 3, '2026-06-18 03:09:34'),
(234, 1, 40, 'Trained', 4, '2026-06-18 03:09:34'),
(235, 1, 40, 'Trained', 5, '2026-06-18 03:09:34'),
(236, 1, 40, 'Trained', 6, '2026-06-18 03:09:34'),
(237, 1, 40, 'Trained', 7, '2026-06-18 03:09:34'),
(238, 1, 34, 'Amateur', 8, '2026-06-18 03:09:34'),
(239, 1, 40, 'Trained', 9, '2026-06-18 03:09:34'),
(240, 1, 40, 'Trained', 10, '2026-06-18 03:09:34'),
(241, 1, 26, 'Trained', 1, '2026-06-18 03:09:34'),
(242, 1, 40, 'Trained', 2, '2026-06-18 03:09:34'),
(243, 1, 40, 'Trained', 3, '2026-06-18 03:09:36'),
(244, 1, 40, 'Trained', 4, '2026-06-18 03:09:36'),
(245, 1, 26, 'Trained', 5, '2026-06-18 03:09:36'),
(246, 1, 26, 'Trained', 6, '2026-06-18 03:09:36'),
(247, 1, 40, 'Trained', 7, '2026-06-18 03:09:36'),
(248, 1, 40, 'Trained', 8, '2026-06-18 03:09:36'),
(249, 1, 26, 'Trained', 9, '2026-06-18 03:09:36'),
(250, 1, 40, 'Trained', 10, '2026-06-18 03:09:36'),
(251, 1, 38, 'Amateur', 1, '2026-06-18 03:09:36'),
(252, 1, 26, 'Trained', 2, '2026-06-18 03:09:36'),
(253, 1, 26, 'Trained', 3, '2026-06-18 03:09:38'),
(254, 1, 26, 'Trained', 4, '2026-06-18 03:09:38'),
(255, 1, 40, 'Trained', 5, '2026-06-18 03:09:38'),
(256, 1, 31, 'Amateur', 6, '2026-06-18 03:09:38'),
(257, 1, 21, 'Amateur', 7, '2026-06-18 03:09:38'),
(258, 1, 40, 'Trained', 8, '2026-06-18 03:09:38'),
(259, 1, 26, 'Trained', 9, '2026-06-18 03:09:38'),
(260, 1, 40, 'Trained', 10, '2026-06-18 03:09:38'),
(261, 1, 26, 'Trained', 1, '2026-06-18 03:09:38'),
(262, 1, 40, 'Trained', 2, '2026-06-18 03:09:38'),
(263, 1, 26, 'Trained', 3, '2026-06-18 03:09:40'),
(264, 1, 29, 'Amateur', 4, '2026-06-18 03:09:40'),
(265, 1, 38, 'Amateur', 5, '2026-06-18 03:09:40'),
(266, 1, 40, 'Trained', 6, '2026-06-18 03:09:40'),
(267, 1, 38, 'Amateur', 7, '2026-06-18 03:09:40'),
(268, 1, 34, 'Amateur', 8, '2026-06-18 03:09:40'),
(269, 1, 20, 'Amateur', 9, '2026-06-18 03:09:40'),
(270, 1, 40, 'Trained', 10, '2026-06-18 03:09:40'),
(271, 1, 40, 'Trained', 1, '2026-06-18 03:09:40'),
(272, 1, 26, 'Trained', 2, '2026-06-18 03:09:40'),
(273, 1, 32, 'Amateur', 3, '2026-06-18 03:10:37'),
(274, 1, 37, 'Amateur', 4, '2026-06-18 03:10:37'),
(275, 1, 40, 'Trained', 5, '2026-06-18 03:10:37'),
(276, 1, 40, 'Trained', 6, '2026-06-18 03:10:37'),
(277, 1, 246, 'Amateur', 7, '2026-06-18 03:10:37'),
(278, 1, 21, 'Amateur', 8, '2026-06-18 03:10:37'),
(279, 1, 37, 'Amateur', 9, '2026-06-18 03:10:37'),
(280, 1, 26, 'Trained', 10, '2026-06-18 03:10:37'),
(281, 1, 246, 'Amateur', 1, '2026-06-18 03:10:37'),
(282, 1, 20, 'Amateur', 2, '2026-06-18 03:10:37'),
(283, 1, 35, 'Amateur', 3, '2026-06-18 03:10:39'),
(284, 1, 21, 'Amateur', 4, '2026-06-18 03:10:39'),
(285, 1, 40, 'Trained', 5, '2026-06-18 03:10:39'),
(286, 1, 40, 'Trained', 6, '2026-06-18 03:10:39'),
(287, 1, 40, 'Trained', 7, '2026-06-18 03:10:39'),
(288, 1, 42, 'Amateur', 8, '2026-06-18 03:10:39'),
(289, 1, 40, 'Trained', 9, '2026-06-18 03:10:39'),
(290, 1, 40, 'Trained', 10, '2026-06-18 03:10:39'),
(291, 1, 20, 'Amateur', 1, '2026-06-18 03:10:39'),
(292, 1, 247, 'Amateur', 2, '2026-06-18 03:10:39'),
(293, 1, 26, 'Trained', 3, '2026-06-18 03:10:41'),
(294, 1, 26, 'Trained', 4, '2026-06-18 03:10:41'),
(295, 1, 40, 'Trained', 5, '2026-06-18 03:10:41'),
(296, 1, 26, 'Trained', 6, '2026-06-18 03:10:41'),
(297, 1, 26, 'Trained', 7, '2026-06-18 03:10:41'),
(298, 1, 26, 'Trained', 8, '2026-06-18 03:10:41'),
(299, 1, 248, 'Amateur', 9, '2026-06-18 03:10:41'),
(300, 1, 26, 'Trained', 10, '2026-06-18 03:10:41'),
(301, 1, 26, 'Trained', 1, '2026-06-18 03:10:41'),
(302, 1, 40, 'Trained', 2, '2026-06-18 03:10:41'),
(303, 1, 40, 'Trained', 3, '2026-06-18 03:10:43'),
(304, 1, 247, 'Amateur', 4, '2026-06-18 03:10:43'),
(305, 1, 40, 'Trained', 5, '2026-06-18 03:10:43'),
(306, 1, 40, 'Trained', 6, '2026-06-18 03:10:43'),
(307, 1, 42, 'Amateur', 7, '2026-06-18 03:10:43'),
(308, 1, 40, 'Trained', 8, '2026-06-18 03:10:43'),
(309, 1, 26, 'Trained', 9, '2026-06-18 03:10:43'),
(310, 1, 26, 'Trained', 10, '2026-06-18 03:10:43'),
(311, 1, 34, 'Amateur', 1, '2026-06-18 03:10:43'),
(312, 1, 23, 'Amateur', 2, '2026-06-18 03:10:43'),
(313, 1, 26, 'Trained', 3, '2026-06-18 03:10:45'),
(314, 1, 40, 'Trained', 4, '2026-06-18 03:10:45'),
(315, 1, 40, 'Trained', 5, '2026-06-18 03:10:45'),
(316, 1, 35, 'Amateur', 6, '2026-06-18 03:10:45'),
(317, 1, 26, 'Trained', 7, '2026-06-18 03:10:45'),
(318, 1, 20, 'Amateur', 8, '2026-06-18 03:10:45'),
(319, 1, 26, 'Trained', 9, '2026-06-18 03:10:45'),
(320, 1, 26, 'Trained', 10, '2026-06-18 03:10:45'),
(321, 1, 26, 'Trained', 1, '2026-06-18 03:10:45'),
(322, 1, 26, 'Trained', 2, '2026-06-18 03:10:45'),
(323, 1, 35, 'Amateur', 3, '2026-06-18 03:10:46'),
(324, 1, 40, 'Trained', 4, '2026-06-18 03:10:46'),
(325, 1, 40, 'Trained', 5, '2026-06-18 03:10:46'),
(326, 1, 40, 'Trained', 6, '2026-06-18 03:10:46'),
(327, 1, 26, 'Trained', 7, '2026-06-18 03:10:46'),
(328, 1, 44, 'Amateur', 8, '2026-06-18 03:10:46'),
(329, 1, 26, 'Trained', 9, '2026-06-18 03:10:46'),
(330, 1, 40, 'Trained', 10, '2026-06-18 03:10:46'),
(331, 1, 35, 'Amateur', 1, '2026-06-18 03:10:46'),
(332, 1, 35, 'Amateur', 2, '2026-06-18 03:10:46'),
(333, 1, 31, 'Amateur', 3, '2026-06-18 03:10:48'),
(334, 1, 26, 'Trained', 4, '2026-06-18 03:10:48'),
(335, 1, 22, 'Amateur', 5, '2026-06-18 03:10:48'),
(336, 1, 21, 'Amateur', 6, '2026-06-18 03:10:48'),
(337, 1, 40, 'Trained', 7, '2026-06-18 03:10:48'),
(338, 1, 26, 'Trained', 8, '2026-06-18 03:10:48'),
(339, 1, 26, 'Trained', 9, '2026-06-18 03:10:48'),
(340, 1, 26, 'Trained', 10, '2026-06-18 03:10:48'),
(341, 1, 23, 'Amateur', 1, '2026-06-18 03:10:48'),
(342, 1, 44, 'Amateur', 2, '2026-06-18 03:10:48'),
(343, 1, 42, 'Amateur', 3, '2026-06-18 03:10:50'),
(344, 1, 246, 'Amateur', 4, '2026-06-18 03:10:50'),
(345, 1, 27, 'Amateur', 5, '2026-06-18 03:10:50'),
(346, 1, 38, 'Amateur', 6, '2026-06-18 03:10:50'),
(347, 1, 248, 'Amateur', 7, '2026-06-18 03:10:50'),
(348, 1, 37, 'Amateur', 8, '2026-06-18 03:10:50'),
(349, 1, 26, 'Trained', 9, '2026-06-18 03:10:50'),
(350, 1, 40, 'Trained', 10, '2026-06-18 03:10:50'),
(351, 1, 32, 'Amateur', 1, '2026-06-18 03:10:50'),
(352, 1, 40, 'Trained', 2, '2026-06-18 03:10:50'),
(353, 1, 29, 'Amateur', 3, '2026-06-18 03:10:52'),
(354, 1, 40, 'Trained', 4, '2026-06-18 03:10:52'),
(355, 1, 40, 'Trained', 5, '2026-06-18 03:10:52'),
(356, 1, 26, 'Trained', 6, '2026-06-18 03:10:52'),
(357, 1, 40, 'Trained', 7, '2026-06-18 03:10:52'),
(358, 1, 28, 'Amateur', 8, '2026-06-18 03:10:52'),
(359, 1, 38, 'Amateur', 9, '2026-06-18 03:10:52'),
(360, 1, 40, 'Trained', 10, '2026-06-18 03:10:52'),
(361, 1, 40, 'Trained', 1, '2026-06-18 03:10:52'),
(362, 1, 27, 'Amateur', 2, '2026-06-18 03:10:52'),
(363, 1, 40, 'Trained', 3, '2026-06-18 03:10:53'),
(364, 1, 26, 'Trained', 4, '2026-06-18 03:10:53'),
(365, 1, 40, 'Trained', 5, '2026-06-18 03:10:53'),
(366, 1, 41, 'Amateur', 6, '2026-06-18 03:10:53'),
(367, 1, 40, 'Trained', 7, '2026-06-18 03:10:53'),
(368, 1, 26, 'Trained', 8, '2026-06-18 03:10:53'),
(369, 1, 31, 'Amateur', 9, '2026-06-18 03:10:53'),
(370, 1, 26, 'Trained', 10, '2026-06-18 03:10:53'),
(371, 1, 26, 'Trained', 1, '2026-06-18 03:10:53'),
(372, 1, 40, 'Trained', 2, '2026-06-18 03:10:53'),
(373, 1, 42, 'Amateur', 3, '2026-06-18 03:10:55'),
(374, 1, 26, 'Trained', 4, '2026-06-18 03:10:55'),
(375, 1, 26, 'Trained', 5, '2026-06-18 03:10:55'),
(376, 1, 24, 'Amateur', 6, '2026-06-18 03:10:55'),
(377, 1, 26, 'Trained', 7, '2026-06-18 03:10:55'),
(378, 1, 20, 'Amateur', 8, '2026-06-18 03:10:55'),
(379, 1, 38, 'Amateur', 9, '2026-06-18 03:10:55'),
(380, 1, 26, 'Trained', 10, '2026-06-18 03:10:55'),
(381, 1, 40, 'Trained', 1, '2026-06-18 03:10:55'),
(382, 1, 38, 'Amateur', 2, '2026-06-18 03:10:55'),
(383, 1, 26, 'Trained', 3, '2026-06-18 03:10:57'),
(384, 1, 37, 'Amateur', 4, '2026-06-18 03:10:57'),
(385, 1, 247, 'Amateur', 5, '2026-06-18 03:10:57'),
(386, 1, 40, 'Trained', 6, '2026-06-18 03:10:57'),
(387, 1, 26, 'Trained', 7, '2026-06-18 03:10:57'),
(388, 1, 35, 'Amateur', 8, '2026-06-18 03:10:57'),
(389, 1, 26, 'Trained', 9, '2026-06-18 03:10:57'),
(390, 1, 40, 'Trained', 10, '2026-06-18 03:10:57'),
(391, 1, 28, 'Amateur', 1, '2026-06-18 03:10:57'),
(392, 1, 40, 'Trained', 2, '2026-06-18 03:10:57'),
(393, 1, 40, 'Trained', 3, '2026-06-18 03:10:59'),
(394, 1, 35, 'Amateur', 4, '2026-06-18 03:10:59'),
(395, 1, 37, 'Amateur', 5, '2026-06-18 03:10:59'),
(396, 1, 40, 'Trained', 6, '2026-06-18 03:10:59'),
(397, 1, 25, 'Amateur', 7, '2026-06-18 03:10:59'),
(398, 1, 26, 'Trained', 8, '2026-06-18 03:10:59'),
(399, 1, 40, 'Trained', 9, '2026-06-18 03:10:59'),
(400, 1, 40, 'Trained', 10, '2026-06-18 03:10:59'),
(401, 1, 26, 'Trained', 1, '2026-06-18 03:10:59'),
(402, 1, 37, 'Amateur', 2, '2026-06-18 03:10:59'),
(403, 1, 22, 'Amateur', 3, '2026-06-18 03:11:01'),
(404, 1, 26, 'Trained', 4, '2026-06-18 03:11:01'),
(405, 1, 40, 'Trained', 5, '2026-06-18 03:11:01'),
(406, 1, 40, 'Trained', 6, '2026-06-18 03:11:01'),
(407, 1, 32, 'Amateur', 7, '2026-06-18 03:11:01'),
(408, 1, 40, 'Trained', 8, '2026-06-18 03:11:01'),
(409, 1, 44, 'Amateur', 9, '2026-06-18 03:11:01'),
(410, 1, 40, 'Trained', 10, '2026-06-18 03:11:01'),
(411, 1, 38, 'Amateur', 1, '2026-06-18 03:11:01'),
(412, 1, 26, 'Trained', 2, '2026-06-18 03:11:01'),
(413, 1, 40, 'Trained', 3, '2026-06-18 03:11:04'),
(414, 1, 40, 'Trained', 4, '2026-06-18 03:11:04'),
(415, 1, 29, 'Amateur', 5, '2026-06-18 03:11:04'),
(416, 1, 40, 'Trained', 6, '2026-06-18 03:11:04'),
(417, 1, 40, 'Trained', 7, '2026-06-18 03:11:04'),
(418, 1, 40, 'Trained', 8, '2026-06-18 03:11:04'),
(419, 1, 43, 'Amateur', 9, '2026-06-18 03:11:04'),
(420, 1, 40, 'Trained', 10, '2026-06-18 03:11:04'),
(421, 1, 246, 'Amateur', 1, '2026-06-18 03:11:04'),
(422, 1, 247, 'Amateur', 2, '2026-06-18 03:11:04'),
(423, 1, 26, 'Trained', 3, '2026-06-18 03:11:15'),
(424, 1, 26, 'Trained', 4, '2026-06-18 03:11:15'),
(425, 1, 26, 'Trained', 5, '2026-06-18 03:11:15'),
(426, 1, 26, 'Trained', 6, '2026-06-18 03:11:15'),
(427, 1, 40, 'Trained', 7, '2026-06-18 03:11:15'),
(428, 1, 40, 'Trained', 8, '2026-06-18 03:11:15'),
(429, 1, 26, 'Trained', 9, '2026-06-18 03:11:15'),
(430, 1, 40, 'Trained', 10, '2026-06-18 03:11:15'),
(431, 1, 31, 'Amateur', 1, '2026-06-18 03:11:15'),
(432, 1, 24, 'Amateur', 2, '2026-06-18 03:11:15'),
(433, 1, 40, 'Trained', 3, '2026-06-18 03:11:18'),
(434, 1, 29, 'Amateur', 4, '2026-06-18 03:11:21'),
(435, 1, 26, 'Trained', 5, '2026-06-18 03:11:22'),
(436, 1, 26, 'Trained', 6, '2026-06-18 03:11:23'),
(437, 1, 26, 'Trained', 7, '2026-06-18 03:11:23'),
(438, 1, 248, 'Amateur', 8, '2026-06-18 03:11:24'),
(439, 1, 40, 'Trained', 9, '2026-06-18 03:11:25'),
(440, 1, 26, 'Trained', 10, '2026-06-18 03:11:25'),
(441, 1, 40, 'Trained', 1, '2026-06-18 03:11:26'),
(442, 1, 26, 'Trained', 2, '2026-06-18 03:16:00'),
(443, 1, 29, 'Amateur', 3, '2026-06-18 03:16:00'),
(444, 1, 43, 'Amateur', 4, '2026-06-18 03:16:00'),
(445, 1, 26, 'Trained', 5, '2026-06-18 03:16:00'),
(446, 1, 40, 'Trained', 6, '2026-06-18 03:16:00'),
(447, 1, 130, 'Expert', 7, '2026-06-18 03:16:00'),
(448, 1, 241, 'Legendary', 8, '2026-06-18 03:16:00'),
(449, 1, 20, 'Amateur', 9, '2026-06-18 03:16:00'),
(450, 1, 191, 'Legendary', 10, '2026-06-18 03:16:00'),
(451, 1, 36, 'Amateur', 1, '2026-06-18 03:16:00'),
(452, 1, 26, 'Trained', 2, '2026-06-18 03:16:10'),
(453, 1, 40, 'Trained', 3, '2026-06-18 03:16:10'),
(454, 1, 19, 'Amateur', 4, '2026-06-18 03:16:10'),
(455, 1, 26, 'Trained', 5, '2026-06-18 03:16:10'),
(456, 1, 246, 'Amateur', 6, '2026-06-18 03:16:10'),
(457, 1, 40, 'Trained', 7, '2026-06-18 03:16:10'),
(458, 1, 26, 'Trained', 8, '2026-06-18 03:16:10'),
(459, 1, 40, 'Trained', 9, '2026-06-18 03:16:10'),
(460, 1, 115, 'Expert', 10, '2026-06-18 03:16:10'),
(461, 1, 134, 'Expert', 1, '2026-06-18 03:16:10'),
(462, 1, 34, 'Amateur', 2, '2026-06-18 03:16:14'),
(463, 1, 28, 'Amateur', 3, '2026-06-18 03:16:14'),
(464, 1, 40, 'Trained', 4, '2026-06-18 03:16:14'),
(465, 1, 29, 'Amateur', 5, '2026-06-18 03:16:14'),
(466, 1, 22, 'Amateur', 6, '2026-06-18 03:16:14'),
(467, 1, 42, 'Amateur', 7, '2026-06-18 03:16:14'),
(468, 1, 21, 'Amateur', 8, '2026-06-18 03:16:14'),
(469, 1, 26, 'Trained', 9, '2026-06-18 03:16:14'),
(470, 1, 114, 'Expert', 10, '2026-06-18 03:16:14'),
(471, 1, 32, 'Amateur', 1, '2026-06-18 03:16:14'),
(472, 1, 249, 'Trained', 2, '2026-06-18 03:21:40'),
(473, 2, 270, 'Trained', 1, '2026-06-18 09:53:37'),
(474, 2, 270, 'Trained', 2, '2026-06-18 09:53:43'),
(475, 2, 181, 'Legendary', 3, '2026-06-18 09:53:43'),
(476, 2, 250, 'Amateur', 4, '2026-06-18 09:53:43'),
(477, 2, 271, 'Amateur', 5, '2026-06-18 09:53:43'),
(478, 2, 40, 'Trained', 6, '2026-06-18 09:53:43'),
(479, 2, 108, 'Expert', 7, '2026-06-18 09:53:43'),
(480, 2, 272, 'Amateur', 8, '2026-06-18 09:53:43'),
(481, 2, 273, 'Amateur', 9, '2026-06-18 09:53:43'),
(482, 2, 92, 'Expert', 10, '2026-06-18 09:53:43'),
(483, 2, 274, 'Amateur', 1, '2026-06-18 09:53:43'),
(484, 2, 40, 'Trained', 2, '2026-06-18 09:54:05'),
(485, 2, 273, 'Amateur', 3, '2026-06-18 09:54:05'),
(486, 2, 249, 'Trained', 4, '2026-06-18 09:54:05'),
(487, 2, 26, 'Trained', 5, '2026-06-18 09:54:05'),
(488, 2, 26, 'Trained', 6, '2026-06-18 09:54:05'),
(489, 2, 275, 'Amateur', 7, '2026-06-18 09:54:05'),
(490, 2, 249, 'Trained', 8, '2026-06-18 09:54:05'),
(491, 2, 259, 'Amateur', 9, '2026-06-18 09:54:05'),
(492, 2, 230, 'Legendary', 10, '2026-06-18 09:54:05'),
(493, 2, 40, 'Trained', 1, '2026-06-18 09:54:05'),
(494, 2, 26, 'Trained', 2, '2026-06-18 09:54:09'),
(495, 2, 249, 'Trained', 3, '2026-06-18 09:54:09'),
(496, 2, 174, 'Legendary', 4, '2026-06-18 09:54:09'),
(497, 2, 251, 'Amateur', 5, '2026-06-18 09:54:09'),
(498, 2, 40, 'Trained', 6, '2026-06-18 09:54:09'),
(499, 2, 259, 'Amateur', 7, '2026-06-18 09:54:09'),
(500, 2, 270, 'Trained', 8, '2026-06-18 09:54:09'),
(501, 2, 250, 'Amateur', 9, '2026-06-18 09:54:09'),
(502, 2, 128, 'Expert', 10, '2026-06-18 09:54:09'),
(503, 2, 29, 'Amateur', 1, '2026-06-18 09:54:09'),
(504, 2, 249, 'Trained', 2, '2026-06-18 10:00:13'),
(505, 2, 277, 'Amateur', 3, '2026-06-18 10:00:13'),
(506, 2, 26, 'Trained', 4, '2026-06-18 10:00:13'),
(507, 2, 26, 'Trained', 5, '2026-06-18 10:00:13'),
(508, 2, 249, 'Trained', 6, '2026-06-18 10:00:13'),
(509, 2, 40, 'Trained', 7, '2026-06-18 10:00:13'),
(510, 2, 277, 'Amateur', 8, '2026-06-18 10:00:13'),
(511, 2, 249, 'Trained', 9, '2026-06-18 10:00:13'),
(512, 2, 217, 'Legendary', 10, '2026-06-18 10:00:13'),
(513, 2, 278, 'Amateur', 1, '2026-06-18 10:00:13'),
(514, 2, 279, 'Amateur', 2, '2026-06-18 10:00:17'),
(515, 2, 272, 'Amateur', 3, '2026-06-18 10:00:17'),
(516, 2, 249, 'Trained', 4, '2026-06-18 10:00:17'),
(517, 2, 280, 'Amateur', 5, '2026-06-18 10:00:17'),
(518, 2, 240, 'Legendary', 6, '2026-06-18 10:00:17'),
(519, 2, 193, 'Legendary', 7, '2026-06-18 10:00:17'),
(520, 2, 167, 'Legendary', 8, '2026-06-18 10:00:17'),
(521, 2, 26, 'Trained', 9, '2026-06-18 10:00:17'),
(522, 2, 133, 'Expert', 10, '2026-06-18 10:00:17'),
(523, 2, 40, 'Trained', 1, '2026-06-18 10:00:17'),
(524, 2, 281, 'Amateur', 2, '2026-06-18 10:00:20'),
(525, 2, 282, 'Amateur', 3, '2026-06-18 10:00:20'),
(526, 2, 24, 'Amateur', 4, '2026-06-18 10:00:20'),
(527, 2, 270, 'Trained', 5, '2026-06-18 10:00:20'),
(528, 2, 249, 'Trained', 6, '2026-06-18 10:00:20'),
(529, 2, 40, 'Trained', 7, '2026-06-18 10:00:20'),
(530, 2, 26, 'Trained', 8, '2026-06-18 10:00:20'),
(531, 2, 283, 'Amateur', 9, '2026-06-18 10:00:20'),
(532, 2, 140, 'Expert', 10, '2026-06-18 10:00:20'),
(533, 2, 284, 'Amateur', 1, '2026-06-18 10:00:20'),
(534, 2, 277, 'Amateur', 2, '2026-06-18 10:00:23'),
(535, 2, 281, 'Amateur', 3, '2026-06-18 10:00:23'),
(536, 2, 270, 'Trained', 4, '2026-06-18 10:00:23'),
(537, 2, 40, 'Trained', 5, '2026-06-18 10:00:23'),
(538, 2, 249, 'Trained', 6, '2026-06-18 10:00:23'),
(539, 2, 285, 'Amateur', 7, '2026-06-18 10:00:23'),
(540, 2, 286, 'Amateur', 8, '2026-06-18 10:00:23'),
(541, 2, 21, 'Amateur', 9, '2026-06-18 10:00:23'),
(542, 2, 48, 'Expert', 10, '2026-06-18 10:00:23'),
(543, 2, 26, 'Trained', 1, '2026-06-18 10:00:23'),
(544, 2, 270, 'Trained', 2, '2026-06-18 10:00:25'),
(545, 2, 40, 'Trained', 3, '2026-06-18 10:00:25'),
(546, 2, 286, 'Amateur', 4, '2026-06-18 10:00:25'),
(547, 2, 270, 'Trained', 5, '2026-06-18 10:00:25'),
(548, 2, 26, 'Trained', 6, '2026-06-18 10:00:25'),
(549, 2, 270, 'Trained', 7, '2026-06-18 10:00:25'),
(550, 2, 40, 'Trained', 8, '2026-06-18 10:00:25'),
(551, 2, 287, 'Amateur', 9, '2026-06-18 10:00:25'),
(552, 2, 202, 'Legendary', 10, '2026-06-18 10:00:25'),
(553, 2, 288, 'Amateur', 1, '2026-06-18 10:00:25'),
(554, 2, 249, 'Trained', 2, '2026-06-18 10:08:06'),
(555, 2, 270, 'Trained', 3, '2026-06-18 10:08:06'),
(556, 2, 40, 'Trained', 4, '2026-06-18 10:08:07'),
(557, 2, 249, 'Trained', 5, '2026-06-18 10:08:07'),
(558, 2, 274, 'Amateur', 6, '2026-06-18 10:08:07'),
(559, 2, 289, 'Amateur', 7, '2026-06-18 10:08:07'),
(560, 2, 270, 'Trained', 8, '2026-06-18 10:08:07'),
(561, 2, 290, 'Amateur', 9, '2026-06-18 10:08:07'),
(562, 2, 52, 'Expert', 10, '2026-06-18 10:08:07'),
(563, 2, 291, 'Amateur', 1, '2026-06-18 10:08:07'),
(564, 2, 292, 'Amateur', 2, '2026-06-18 10:08:13'),
(565, 2, 40, 'Trained', 3, '2026-06-18 10:08:15'),
(566, 2, 187, 'Legendary', 4, '2026-06-18 10:08:16'),
(567, 2, 249, 'Trained', 5, '2026-06-18 10:08:18'),
(568, 2, 249, 'Trained', 6, '2026-06-18 10:08:19'),
(569, 2, 23, 'Amateur', 7, '2026-06-18 16:31:04'),
(570, 2, 270, 'Trained', 8, '2026-06-18 16:31:04'),
(571, 2, 26, 'Trained', 9, '2026-06-18 16:31:04'),
(572, 2, 229, 'Legendary', 10, '2026-06-18 16:31:04'),
(573, 2, 270, 'Trained', 1, '2026-06-18 16:31:04'),
(574, 2, 26, 'Trained', 2, '2026-06-18 16:31:04'),
(575, 2, 31, 'Amateur', 3, '2026-06-18 16:31:04'),
(576, 2, 26, 'Trained', 4, '2026-06-18 16:31:04'),
(577, 2, 26, 'Trained', 5, '2026-06-18 16:31:04'),
(578, 2, 249, 'Trained', 6, '2026-06-18 16:31:04'),
(579, 2, 499, 'Amateur', 7, '2026-06-18 16:31:08'),
(580, 2, 43, 'Amateur', 8, '2026-06-18 16:31:08'),
(581, 2, 40, 'Trained', 9, '2026-06-18 16:31:08'),
(582, 2, 331, 'Expert', 10, '2026-06-18 16:31:08'),
(583, 2, 270, 'Trained', 1, '2026-06-18 16:31:08'),
(584, 2, 270, 'Trained', 2, '2026-06-18 16:31:08'),
(585, 2, 500, 'Amateur', 3, '2026-06-18 16:31:08'),
(586, 2, 501, 'Amateur', 4, '2026-06-18 16:31:08'),
(587, 2, 45, 'Expert', 5, '2026-06-18 16:31:08'),
(588, 2, 286, 'Amateur', 6, '2026-06-18 16:31:08'),
(589, 2, 40, 'Trained', 7, '2026-06-18 16:31:17'),
(590, 2, 249, 'Trained', 8, '2026-06-18 16:31:17'),
(591, 2, 249, 'Trained', 9, '2026-06-18 16:31:17'),
(592, 2, 212, 'Legendary', 10, '2026-06-18 16:31:17'),
(593, 2, 502, 'Amateur', 1, '2026-06-18 16:31:17'),
(594, 2, 503, 'Amateur', 2, '2026-06-18 16:31:17'),
(595, 2, 26, 'Trained', 3, '2026-06-18 16:31:17'),
(596, 2, 281, 'Amateur', 4, '2026-06-18 16:31:17'),
(597, 2, 270, 'Trained', 5, '2026-06-18 16:31:17'),
(598, 2, 254, 'Amateur', 6, '2026-06-18 16:31:17'),
(599, 2, 249, 'Trained', 7, '2026-06-18 16:31:19'),
(600, 2, 25, 'Amateur', 8, '2026-06-18 16:31:19'),
(601, 2, 270, 'Trained', 9, '2026-06-18 16:31:19'),
(602, 2, 440, 'Legendary', 10, '2026-06-18 16:31:19'),
(603, 2, 27, 'Amateur', 1, '2026-06-18 16:31:19'),
(604, 2, 503, 'Amateur', 2, '2026-06-18 16:31:19'),
(605, 2, 270, 'Trained', 3, '2026-06-18 16:31:19'),
(606, 2, 504, 'Amateur', 4, '2026-06-18 16:31:19'),
(607, 2, 505, 'Amateur', 5, '2026-06-18 16:31:19'),
(608, 2, 26, 'Trained', 6, '2026-06-18 16:31:19'),
(609, 2, 506, 'Amateur', 7, '2026-06-18 16:31:21'),
(610, 2, 99, 'Expert', 8, '2026-06-18 16:31:21'),
(611, 2, 270, 'Trained', 9, '2026-06-18 16:31:21'),
(612, 2, 120, 'Expert', 10, '2026-06-18 16:31:21'),
(613, 2, 26, 'Trained', 1, '2026-06-18 16:31:21'),
(614, 2, 270, 'Trained', 2, '2026-06-18 16:31:21'),
(615, 2, 248, 'Amateur', 3, '2026-06-18 16:31:21'),
(616, 2, 312, 'Expert', 4, '2026-06-18 16:31:21'),
(617, 2, 27, 'Amateur', 5, '2026-06-18 16:31:21'),
(618, 2, 507, 'Amateur', 6, '2026-06-18 16:31:21'),
(619, 2, 270, 'Trained', 7, '2026-06-18 16:31:25'),
(620, 2, 40, 'Trained', 8, '2026-06-18 16:31:25'),
(621, 2, 270, 'Trained', 9, '2026-06-18 16:31:25'),
(622, 2, 218, 'Legendary', 10, '2026-06-18 16:31:25'),
(623, 2, 40, 'Trained', 1, '2026-06-18 16:31:25'),
(624, 2, 260, 'Amateur', 2, '2026-06-18 16:31:25'),
(625, 2, 508, 'Amateur', 3, '2026-06-18 16:31:25'),
(626, 2, 288, 'Amateur', 4, '2026-06-18 16:31:25'),
(627, 2, 284, 'Amateur', 5, '2026-06-18 16:31:25'),
(628, 2, 270, 'Trained', 6, '2026-06-18 16:31:25'),
(629, 2, 26, 'Trained', 7, '2026-06-18 16:31:28'),
(630, 2, 84, 'Expert', 8, '2026-06-18 16:31:28'),
(631, 2, 38, 'Amateur', 9, '2026-06-18 16:31:28'),
(632, 2, 80, 'Expert', 10, '2026-06-18 16:31:28'),
(633, 2, 499, 'Amateur', 1, '2026-06-18 16:31:28'),
(634, 2, 504, 'Amateur', 2, '2026-06-18 16:31:28'),
(635, 2, 249, 'Trained', 3, '2026-06-18 16:31:28'),
(636, 2, 266, 'Amateur', 4, '2026-06-18 16:31:28'),
(637, 2, 270, 'Trained', 5, '2026-06-18 16:31:28'),
(638, 2, 40, 'Trained', 6, '2026-06-18 16:31:28'),
(639, 2, 278, 'Amateur', 7, '2026-06-18 16:48:41'),
(640, 2, 26, 'Trained', 8, '2026-06-18 16:48:41'),
(641, 2, 40, 'Trained', 9, '2026-06-18 16:48:41'),
(642, 2, 294, 'Expert', 10, '2026-06-18 16:48:41'),
(643, 2, 260, 'Amateur', 1, '2026-06-18 16:48:41'),
(644, 2, 249, 'Trained', 2, '2026-06-18 16:48:41'),
(645, 2, 504, 'Amateur', 3, '2026-06-18 16:48:41'),
(646, 2, 270, 'Trained', 4, '2026-06-18 16:48:41'),
(647, 2, 503, 'Amateur', 5, '2026-06-18 16:48:41'),
(648, 2, 281, 'Amateur', 6, '2026-06-18 16:48:41'),
(649, 2, 24, 'Amateur', 7, '2026-06-18 16:48:44'),
(650, 2, 26, 'Trained', 8, '2026-06-18 16:48:44'),
(651, 2, 509, 'Amateur', 9, '2026-06-18 16:48:44'),
(652, 2, 462, 'Legendary', 10, '2026-06-18 16:48:44'),
(653, 2, 510, 'Amateur', 1, '2026-06-18 16:48:44'),
(654, 2, 26, 'Trained', 2, '2026-06-18 16:48:44'),
(655, 2, 270, 'Trained', 3, '2026-06-18 16:48:44'),
(656, 2, 287, 'Amateur', 4, '2026-06-18 16:48:44'),
(657, 2, 40, 'Trained', 5, '2026-06-18 16:48:44'),
(658, 2, 270, 'Trained', 6, '2026-06-18 16:48:44'),
(659, 2, 26, 'Trained', 7, '2026-06-18 16:48:46'),
(660, 2, 26, 'Trained', 8, '2026-06-18 16:48:46'),
(661, 2, 38, 'Amateur', 9, '2026-06-18 16:48:46'),
(662, 2, 155, 'Legendary', 10, '2026-06-18 16:48:46'),
(663, 2, 505, 'Amateur', 1, '2026-06-18 16:48:46'),
(664, 2, 26, 'Trained', 2, '2026-06-18 16:48:46'),
(665, 2, 249, 'Trained', 3, '2026-06-18 16:48:46'),
(666, 2, 274, 'Amateur', 4, '2026-06-18 16:48:46'),
(667, 2, 40, 'Trained', 5, '2026-06-18 16:48:46'),
(668, 2, 40, 'Trained', 6, '2026-06-18 16:48:46'),
(669, 2, 26, 'Trained', 7, '2026-06-18 16:48:48'),
(670, 2, 249, 'Trained', 8, '2026-06-18 16:48:48'),
(671, 2, 40, 'Trained', 9, '2026-06-18 16:48:48'),
(672, 2, 457, 'Legendary', 10, '2026-06-18 16:48:48'),
(673, 2, 41, 'Amateur', 1, '2026-06-18 16:48:48'),
(674, 2, 511, 'Amateur', 2, '2026-06-18 16:48:48'),
(675, 2, 28, 'Amateur', 3, '2026-06-18 16:48:48'),
(676, 2, 26, 'Trained', 4, '2026-06-18 16:48:48'),
(677, 2, 270, 'Trained', 5, '2026-06-18 16:48:48'),
(678, 2, 270, 'Trained', 6, '2026-06-18 16:48:48'),
(679, 2, 512, 'Amateur', 7, '2026-06-18 16:48:49'),
(680, 2, 286, 'Amateur', 8, '2026-06-18 16:48:49'),
(681, 2, 40, 'Trained', 9, '2026-06-18 16:48:49'),
(682, 2, 359, 'Expert', 10, '2026-06-18 16:48:49'),
(683, 2, 26, 'Trained', 1, '2026-06-18 16:48:49'),
(684, 2, 249, 'Trained', 2, '2026-06-18 16:48:49'),
(685, 2, 259, 'Amateur', 3, '2026-06-18 16:48:49'),
(686, 2, 270, 'Trained', 4, '2026-06-18 16:48:49'),
(687, 2, 499, 'Amateur', 5, '2026-06-18 16:48:49'),
(688, 2, 322, 'Expert', 6, '2026-06-18 16:48:49'),
(689, 2, 272, 'Amateur', 7, '2026-06-18 16:50:42'),
(690, 2, 270, 'Trained', 8, '2026-06-18 16:50:42'),
(691, 2, 40, 'Trained', 9, '2026-06-18 16:50:42'),
(692, 2, 73, 'Expert', 10, '2026-06-18 16:50:42'),
(693, 2, 249, 'Trained', 1, '2026-06-18 16:50:42'),
(694, 2, 249, 'Trained', 2, '2026-06-18 16:50:42'),
(695, 2, 26, 'Trained', 3, '2026-06-18 16:50:42'),
(696, 2, 272, 'Amateur', 4, '2026-06-18 16:50:42'),
(697, 2, 270, 'Trained', 5, '2026-06-18 16:50:42'),
(698, 2, 41, 'Amateur', 6, '2026-06-18 16:50:42'),
(699, 2, 265, 'Amateur', 7, '2026-06-18 16:50:45'),
(700, 2, 475, 'Legendary', 8, '2026-06-18 16:50:45'),
(701, 2, 249, 'Trained', 9, '2026-06-18 16:50:45'),
(702, 2, 143, 'Expert', 10, '2026-06-18 16:50:45'),
(703, 2, 26, 'Trained', 1, '2026-06-18 16:50:45'),
(704, 2, 249, 'Trained', 2, '2026-06-18 16:50:45'),
(705, 2, 537, 'Amateur', 3, '2026-06-18 16:50:45'),
(706, 2, 40, 'Trained', 4, '2026-06-18 16:50:45'),
(707, 2, 538, 'Amateur', 5, '2026-06-18 16:50:45'),
(708, 2, 29, 'Amateur', 6, '2026-06-18 16:50:45'),
(709, 2, 270, 'Trained', 7, '2026-06-18 16:50:48'),
(710, 2, 43, 'Amateur', 8, '2026-06-18 16:50:48'),
(711, 2, 249, 'Trained', 9, '2026-06-18 16:50:48'),
(712, 2, 83, 'Expert', 10, '2026-06-18 16:50:48'),
(713, 2, 40, 'Trained', 1, '2026-06-18 16:50:48'),
(714, 2, 205, 'Legendary', 2, '2026-06-18 16:50:49'),
(715, 2, 270, 'Trained', 3, '2026-06-18 16:50:49'),
(716, 2, 249, 'Trained', 4, '2026-06-18 16:50:49'),
(717, 2, 278, 'Amateur', 5, '2026-06-18 16:50:49'),
(718, 2, 248, 'Amateur', 6, '2026-06-18 16:50:49'),
(719, 2, 249, 'Trained', 7, '2026-06-18 16:50:51'),
(720, 2, 26, 'Trained', 8, '2026-06-18 16:50:51'),
(721, 2, 270, 'Trained', 9, '2026-06-18 16:50:51'),
(722, 2, 93, 'Expert', 10, '2026-06-18 16:50:51'),
(723, 2, 539, 'Amateur', 1, '2026-06-18 16:50:51'),
(724, 2, 540, 'Amateur', 2, '2026-06-18 16:50:51'),
(725, 2, 24, 'Amateur', 3, '2026-06-18 16:50:51'),
(726, 2, 270, 'Trained', 4, '2026-06-18 16:50:51'),
(727, 2, 508, 'Amateur', 5, '2026-06-18 16:50:51'),
(728, 2, 541, 'Amateur', 6, '2026-06-18 16:50:51'),
(729, 2, 26, 'Trained', 7, '2026-06-18 16:50:53'),
(730, 2, 252, 'Amateur', 8, '2026-06-18 16:50:53'),
(731, 2, 171, 'Legendary', 9, '2026-06-18 16:50:53'),
(732, 2, 300, 'Expert', 10, '2026-06-18 16:50:53'),
(733, 2, 542, 'Amateur', 1, '2026-06-18 16:50:53'),
(734, 2, 270, 'Trained', 2, '2026-06-18 16:50:53'),
(735, 2, 280, 'Amateur', 3, '2026-06-18 16:50:53'),
(736, 2, 249, 'Trained', 4, '2026-06-18 16:50:53'),
(737, 2, 27, 'Amateur', 5, '2026-06-18 16:50:53'),
(738, 2, 249, 'Trained', 6, '2026-06-18 16:50:53'),
(739, 2, 285, 'Amateur', 7, '2026-06-18 16:50:55'),
(740, 2, 282, 'Amateur', 8, '2026-06-18 16:50:55'),
(741, 2, 509, 'Amateur', 9, '2026-06-18 16:50:55'),
(742, 2, 430, 'Legendary', 10, '2026-06-18 16:50:55'),
(743, 2, 543, 'Amateur', 1, '2026-06-18 16:50:55'),
(744, 2, 252, 'Amateur', 2, '2026-06-18 16:50:55'),
(745, 2, 26, 'Trained', 3, '2026-06-18 16:50:55'),
(746, 2, 127, 'Expert', 4, '2026-06-18 16:50:55'),
(747, 2, 278, 'Amateur', 5, '2026-06-18 16:50:55'),
(748, 2, 270, 'Trained', 6, '2026-06-18 16:50:55'),
(749, 2, 270, 'Trained', 7, '2026-06-18 16:50:58'),
(750, 2, 270, 'Trained', 8, '2026-06-18 16:50:58'),
(751, 2, 249, 'Trained', 9, '2026-06-18 16:50:58'),
(752, 2, 442, 'Legendary', 10, '2026-06-18 16:50:58'),
(753, 2, 43, 'Amateur', 1, '2026-06-18 16:50:58'),
(754, 2, 200, 'Legendary', 2, '2026-06-18 16:50:58'),
(755, 2, 248, 'Amateur', 3, '2026-06-18 16:50:58'),
(756, 2, 216, 'Legendary', 4, '2026-06-18 16:50:58'),
(757, 2, 40, 'Trained', 5, '2026-06-18 16:50:58'),
(758, 2, 288, 'Amateur', 6, '2026-06-18 16:50:58'),
(759, 2, 23, 'Amateur', 7, '2026-06-18 16:51:00'),
(760, 2, 502, 'Amateur', 8, '2026-06-18 16:51:00'),
(761, 2, 27, 'Amateur', 9, '2026-06-18 16:51:00'),
(762, 2, 295, 'Expert', 10, '2026-06-18 16:51:00'),
(763, 2, 24, 'Amateur', 1, '2026-06-18 16:51:00'),
(764, 2, 284, 'Amateur', 2, '2026-06-18 16:51:00'),
(765, 2, 270, 'Trained', 3, '2026-06-18 16:51:00'),
(766, 2, 28, 'Amateur', 4, '2026-06-18 16:51:00'),
(767, 2, 261, 'Amateur', 5, '2026-06-18 16:51:00'),
(768, 2, 289, 'Amateur', 6, '2026-06-18 16:51:00'),
(769, 2, 540, 'Amateur', 7, '2026-06-18 16:51:03'),
(770, 2, 258, 'Amateur', 8, '2026-06-18 16:51:03'),
(771, 2, 544, 'Amateur', 9, '2026-06-18 16:51:03'),
(772, 2, 334, 'Expert', 10, '2026-06-18 16:51:03'),
(773, 2, 254, 'Amateur', 1, '2026-06-18 16:51:03'),
(774, 2, 499, 'Amateur', 2, '2026-06-18 16:51:03'),
(775, 2, 249, 'Trained', 3, '2026-06-18 16:51:03'),
(776, 2, 270, 'Trained', 4, '2026-06-18 16:51:03'),
(777, 2, 545, 'Amateur', 5, '2026-06-18 16:51:03'),
(778, 2, 249, 'Trained', 6, '2026-06-18 16:51:03'),
(779, 2, 270, 'Trained', 7, '2026-06-18 16:51:05'),
(780, 2, 249, 'Trained', 8, '2026-06-18 16:51:05'),
(781, 2, 26, 'Trained', 9, '2026-06-18 16:51:05'),
(782, 2, 406, 'Legendary', 10, '2026-06-18 16:51:05'),
(783, 2, 266, 'Amateur', 1, '2026-06-18 16:51:05'),
(784, 2, 511, 'Amateur', 2, '2026-06-18 16:51:05'),
(785, 2, 26, 'Trained', 3, '2026-06-18 16:51:05'),
(786, 2, 28, 'Amateur', 4, '2026-06-18 16:51:05'),
(787, 2, 306, 'Expert', 5, '2026-06-18 16:51:05'),
(788, 2, 250, 'Amateur', 6, '2026-06-18 16:51:05'),
(789, 2, 277, 'Amateur', 7, '2026-06-18 16:51:10'),
(790, 2, 26, 'Trained', 8, '2026-06-18 16:51:10'),
(791, 2, 249, 'Trained', 9, '2026-06-18 16:51:10'),
(792, 2, 106, 'Expert', 10, '2026-06-18 16:51:10'),
(793, 2, 25, 'Amateur', 1, '2026-06-18 16:51:10'),
(794, 2, 32, 'Amateur', 2, '2026-06-18 16:51:10'),
(795, 2, 270, 'Trained', 3, '2026-06-18 16:51:10'),
(796, 2, 58, 'Expert', 4, '2026-06-18 16:51:10'),
(797, 2, 40, 'Trained', 5, '2026-06-18 16:51:10'),
(798, 2, 40, 'Trained', 6, '2026-06-18 16:51:10'),
(799, 2, 507, 'Amateur', 7, '2026-06-18 16:51:12'),
(800, 2, 270, 'Trained', 8, '2026-06-18 16:51:12'),
(801, 2, 274, 'Amateur', 9, '2026-06-18 16:51:12'),
(802, 2, 402, 'Legendary', 10, '2026-06-18 16:51:12'),
(803, 2, 25, 'Amateur', 1, '2026-06-18 16:51:12'),
(804, 2, 26, 'Trained', 2, '2026-06-18 16:51:12'),
(805, 2, 249, 'Trained', 3, '2026-06-18 16:51:12'),
(806, 2, 26, 'Trained', 4, '2026-06-18 16:51:12'),
(807, 2, 40, 'Trained', 5, '2026-06-18 16:51:12'),
(808, 2, 220, 'Legendary', 6, '2026-06-18 16:51:12'),
(809, 2, 546, 'Amateur', 7, '2026-06-18 16:51:14'),
(810, 2, 507, 'Amateur', 8, '2026-06-18 16:51:14'),
(811, 2, 20, 'Amateur', 9, '2026-06-18 16:51:14'),
(812, 2, 151, 'Legendary', 10, '2026-06-18 16:51:14'),
(813, 2, 249, 'Trained', 1, '2026-06-18 16:51:14'),
(814, 2, 544, 'Amateur', 2, '2026-06-18 16:51:14'),
(815, 2, 249, 'Trained', 3, '2026-06-18 16:51:14'),
(816, 2, 42, 'Amateur', 4, '2026-06-18 16:51:14'),
(817, 2, 270, 'Trained', 5, '2026-06-18 16:51:14'),
(818, 2, 40, 'Trained', 6, '2026-06-18 16:51:15'),
(819, 2, 270, 'Trained', 7, '2026-06-18 16:51:17'),
(820, 2, 35, 'Amateur', 8, '2026-06-18 16:51:17'),
(821, 2, 34, 'Amateur', 9, '2026-06-18 16:51:17'),
(822, 2, 396, 'Expert', 10, '2026-06-18 16:51:17'),
(823, 2, 270, 'Trained', 1, '2026-06-18 16:51:17'),
(824, 2, 285, 'Amateur', 2, '2026-06-18 16:51:17'),
(825, 2, 249, 'Trained', 3, '2026-06-18 16:51:17'),
(826, 2, 249, 'Trained', 4, '2026-06-18 16:51:17'),
(827, 2, 40, 'Trained', 5, '2026-06-18 16:51:17'),
(828, 2, 149, 'Legendary', 6, '2026-06-18 16:51:17'),
(829, 2, 284, 'Amateur', 7, '2026-06-18 16:51:22'),
(830, 2, 20, 'Amateur', 8, '2026-06-18 16:51:22'),
(831, 2, 280, 'Amateur', 9, '2026-06-18 16:51:22'),
(832, 2, 474, 'Legendary', 10, '2026-06-18 16:51:22'),
(833, 2, 289, 'Amateur', 1, '2026-06-18 16:51:22'),
(834, 2, 23, 'Amateur', 2, '2026-06-18 16:51:22'),
(835, 2, 256, 'Amateur', 3, '2026-06-18 16:51:22'),
(836, 2, 270, 'Trained', 4, '2026-06-18 16:51:22'),
(837, 2, 24, 'Amateur', 5, '2026-06-18 16:51:22'),
(838, 2, 287, 'Amateur', 6, '2026-06-18 16:51:22'),
(839, 2, 286, 'Amateur', 7, '2026-06-18 16:51:24'),
(840, 2, 539, 'Amateur', 8, '2026-06-18 16:51:24'),
(841, 2, 249, 'Trained', 9, '2026-06-18 16:51:24'),
(842, 2, 197, 'Legendary', 10, '2026-06-18 16:51:24'),
(843, 2, 541, 'Amateur', 1, '2026-06-18 16:51:24'),
(844, 2, 545, 'Amateur', 2, '2026-06-18 16:51:24'),
(845, 2, 249, 'Trained', 3, '2026-06-18 16:51:24'),
(846, 2, 362, 'Expert', 4, '2026-06-18 16:51:24'),
(847, 2, 284, 'Amateur', 5, '2026-06-18 16:51:24'),
(848, 2, 40, 'Trained', 6, '2026-06-18 16:51:24'),
(849, 2, 248, 'Amateur', 7, '2026-06-18 16:51:26'),
(850, 2, 40, 'Trained', 8, '2026-06-18 16:51:26'),
(851, 2, 275, 'Amateur', 9, '2026-06-18 16:51:26'),
(852, 2, 488, 'Legendary', 10, '2026-06-18 16:51:26'),
(853, 2, 284, 'Amateur', 1, '2026-06-18 16:51:26'),
(854, 2, 248, 'Amateur', 2, '2026-06-18 16:51:26'),
(855, 2, 40, 'Trained', 3, '2026-06-18 16:51:26'),
(856, 2, 249, 'Trained', 4, '2026-06-18 16:51:26'),
(857, 2, 34, 'Amateur', 5, '2026-06-18 16:51:26'),
(858, 2, 510, 'Amateur', 6, '2026-06-18 16:51:26'),
(859, 2, 38, 'Amateur', 7, '2026-06-18 16:51:28'),
(860, 2, 511, 'Amateur', 8, '2026-06-18 16:51:28'),
(861, 2, 26, 'Trained', 9, '2026-06-18 16:51:28'),
(862, 2, 436, 'Legendary', 10, '2026-06-18 16:51:28'),
(863, 2, 270, 'Trained', 1, '2026-06-18 16:51:28'),
(864, 2, 261, 'Amateur', 2, '2026-06-18 16:51:28'),
(865, 2, 547, 'Amateur', 3, '2026-06-18 16:51:28'),
(866, 2, 290, 'Amateur', 4, '2026-06-18 16:51:28'),
(867, 2, 40, 'Trained', 5, '2026-06-18 16:51:28'),
(868, 2, 23, 'Amateur', 6, '2026-06-18 16:51:28'),
(869, 2, 40, 'Trained', 7, '2026-06-18 16:51:30'),
(870, 2, 259, 'Amateur', 8, '2026-06-18 16:51:30'),
(871, 2, 538, 'Amateur', 9, '2026-06-18 16:51:30'),
(872, 2, 376, 'Expert', 10, '2026-06-18 16:51:30'),
(873, 2, 250, 'Amateur', 1, '2026-06-18 16:51:30'),
(874, 2, 291, 'Amateur', 2, '2026-06-18 16:51:30'),
(875, 2, 26, 'Trained', 3, '2026-06-18 16:51:30'),
(876, 2, 40, 'Trained', 4, '2026-06-18 16:51:30'),
(877, 2, 61, 'Expert', 5, '2026-06-18 16:51:30'),
(878, 2, 270, 'Trained', 6, '2026-06-18 16:51:30'),
(879, 2, 37, 'Amateur', 7, '2026-06-18 16:51:33'),
(880, 2, 40, 'Trained', 8, '2026-06-18 16:51:33'),
(881, 2, 426, 'Legendary', 9, '2026-06-18 16:51:33'),
(882, 2, 311, 'Expert', 10, '2026-06-18 16:51:33'),
(883, 2, 455, 'Legendary', 1, '2026-06-18 16:51:33'),
(884, 2, 37, 'Amateur', 2, '2026-06-18 16:51:33'),
(885, 2, 40, 'Trained', 3, '2026-06-18 16:51:33'),
(886, 2, 302, 'Expert', 4, '2026-06-18 16:51:33'),
(887, 2, 258, 'Amateur', 5, '2026-06-18 16:51:33'),
(888, 2, 254, 'Amateur', 6, '2026-06-18 16:51:33'),
(889, 2, 545, 'Amateur', 7, '2026-06-18 16:51:37'),
(890, 2, 507, 'Amateur', 8, '2026-06-18 16:51:37'),
(891, 2, 270, 'Trained', 9, '2026-06-18 16:51:37'),
(892, 2, 239, 'Legendary', 10, '2026-06-18 16:51:37'),
(893, 2, 29, 'Amateur', 1, '2026-06-18 16:51:37'),
(894, 2, 249, 'Trained', 2, '2026-06-18 16:51:37'),
(895, 2, 40, 'Trained', 3, '2026-06-18 16:51:37'),
(896, 2, 249, 'Trained', 4, '2026-06-18 16:51:37'),
(897, 2, 249, 'Trained', 5, '2026-06-18 16:51:37'),
(898, 2, 40, 'Trained', 6, '2026-06-18 16:51:37'),
(899, 2, 489, 'Legendary', 7, '2026-06-18 16:51:39'),
(900, 2, 270, 'Trained', 8, '2026-06-18 16:51:39'),
(901, 2, 40, 'Trained', 9, '2026-06-18 16:51:39'),
(902, 2, 458, 'Legendary', 10, '2026-06-18 16:51:39'),
(903, 2, 545, 'Amateur', 1, '2026-06-18 16:51:39'),
(904, 2, 506, 'Amateur', 2, '2026-06-18 16:51:39'),
(905, 2, 33, 'Amateur', 3, '2026-06-18 16:51:39'),
(906, 2, 38, 'Amateur', 4, '2026-06-18 16:51:39'),
(907, 2, 26, 'Trained', 5, '2026-06-18 16:51:39'),
(908, 2, 26, 'Trained', 6, '2026-06-18 16:51:39'),
(909, 2, 270, 'Trained', 7, '2026-06-18 16:51:41'),
(910, 2, 511, 'Amateur', 8, '2026-06-18 16:51:41'),
(911, 2, 507, 'Amateur', 9, '2026-06-18 16:51:41'),
(912, 2, 125, 'Expert', 10, '2026-06-18 16:51:41'),
(913, 2, 139, 'Expert', 1, '2026-06-18 16:51:41'),
(914, 2, 277, 'Amateur', 2, '2026-06-18 16:51:41'),
(915, 2, 26, 'Trained', 3, '2026-06-18 16:51:41'),
(916, 2, 40, 'Trained', 4, '2026-06-18 16:51:41'),
(917, 2, 270, 'Trained', 5, '2026-06-18 16:51:41'),
(918, 2, 198, 'Legendary', 6, '2026-06-18 16:51:41'),
(919, 2, 29, 'Amateur', 7, '2026-06-18 16:51:45'),
(920, 2, 509, 'Amateur', 8, '2026-06-18 16:51:45'),
(921, 2, 265, 'Amateur', 9, '2026-06-18 16:51:45'),
(922, 2, 49, 'Expert', 10, '2026-06-18 16:51:45'),
(923, 2, 26, 'Trained', 1, '2026-06-18 16:51:45'),
(924, 2, 249, 'Trained', 2, '2026-06-18 16:51:45'),
(925, 2, 43, 'Amateur', 3, '2026-06-18 16:51:45'),
(926, 2, 249, 'Trained', 4, '2026-06-18 16:51:45'),
(927, 2, 258, 'Amateur', 5, '2026-06-18 16:51:45'),
(928, 2, 26, 'Trained', 6, '2026-06-18 16:51:45'),
(929, 2, 249, 'Trained', 7, '2026-06-18 16:51:47'),
(930, 2, 287, 'Amateur', 8, '2026-06-18 16:51:47'),
(931, 2, 270, 'Trained', 9, '2026-06-18 16:51:47'),
(932, 2, 67, 'Expert', 10, '2026-06-18 16:51:47'),
(933, 2, 249, 'Trained', 1, '2026-06-18 16:51:47'),
(934, 2, 32, 'Amateur', 2, '2026-06-18 16:51:47'),
(935, 2, 26, 'Trained', 3, '2026-06-18 16:51:47'),
(936, 2, 40, 'Trained', 4, '2026-06-18 16:51:47'),
(937, 2, 26, 'Trained', 5, '2026-06-18 16:51:47'),
(938, 2, 40, 'Trained', 6, '2026-06-18 16:51:47'),
(939, 2, 37, 'Amateur', 7, '2026-06-18 16:51:48'),
(940, 2, 40, 'Trained', 8, '2026-06-18 16:51:48'),
(941, 2, 270, 'Trained', 9, '2026-06-18 16:51:48'),
(942, 2, 373, 'Expert', 10, '2026-06-18 16:51:48'),
(943, 2, 256, 'Amateur', 1, '2026-06-18 16:51:48'),
(944, 2, 215, 'Legendary', 2, '2026-06-18 16:51:48'),
(945, 2, 309, 'Expert', 3, '2026-06-18 16:51:48'),
(946, 2, 249, 'Trained', 4, '2026-06-18 16:51:48'),
(947, 2, 40, 'Trained', 5, '2026-06-18 16:51:48'),
(948, 2, 40, 'Trained', 6, '2026-06-18 16:51:48'),
(949, 2, 249, 'Trained', 7, '2026-06-18 16:51:52'),
(950, 2, 270, 'Trained', 8, '2026-06-18 16:51:52'),
(951, 2, 270, 'Trained', 9, '2026-06-18 16:51:52'),
(952, 2, 227, 'Legendary', 10, '2026-06-18 16:51:52'),
(953, 2, 270, 'Trained', 1, '2026-06-18 16:51:52'),
(954, 2, 86, 'Expert', 2, '2026-06-18 16:51:52'),
(955, 2, 270, 'Trained', 3, '2026-06-18 16:51:52'),
(956, 2, 249, 'Trained', 4, '2026-06-18 16:51:52'),
(957, 2, 249, 'Trained', 5, '2026-06-18 16:51:52'),
(958, 2, 26, 'Trained', 6, '2026-06-18 16:51:52'),
(959, 2, 249, 'Trained', 7, '2026-06-18 16:51:54'),
(960, 2, 20, 'Amateur', 8, '2026-06-18 16:51:54'),
(961, 2, 26, 'Trained', 9, '2026-06-18 16:51:54'),
(962, 2, 336, 'Expert', 10, '2026-06-18 16:51:54'),
(963, 2, 40, 'Trained', 1, '2026-06-18 16:51:54'),
(964, 2, 284, 'Amateur', 2, '2026-06-18 16:51:54'),
(965, 2, 348, 'Expert', 3, '2026-06-18 16:51:54'),
(966, 2, 26, 'Trained', 4, '2026-06-18 16:51:54'),
(967, 2, 40, 'Trained', 5, '2026-06-18 16:51:54'),
(968, 2, 541, 'Amateur', 6, '2026-06-18 16:51:54'),
(969, 2, 253, 'Amateur', 7, '2026-06-18 16:51:56'),
(970, 2, 249, 'Trained', 8, '2026-06-18 16:51:56'),
(971, 2, 26, 'Trained', 9, '2026-06-18 16:51:56'),
(972, 2, 328, 'Expert', 10, '2026-06-18 16:51:56'),
(973, 2, 255, 'Amateur', 1, '2026-06-18 16:51:56'),
(974, 2, 26, 'Trained', 2, '2026-06-18 16:51:56'),
(975, 2, 267, 'Amateur', 3, '2026-06-18 16:51:56'),
(976, 2, 499, 'Amateur', 4, '2026-06-18 16:51:56'),
(977, 2, 501, 'Amateur', 5, '2026-06-18 16:51:56'),
(978, 2, 249, 'Trained', 6, '2026-06-18 16:51:56'),
(979, 2, 357, 'Expert', 7, '2026-06-18 16:51:58'),
(980, 2, 26, 'Trained', 8, '2026-06-18 16:51:58'),
(981, 2, 40, 'Trained', 9, '2026-06-18 16:51:58'),
(982, 2, 124, 'Expert', 10, '2026-06-18 16:51:58'),
(983, 2, 38, 'Amateur', 1, '2026-06-18 16:51:58'),
(984, 2, 26, 'Trained', 2, '2026-06-18 16:51:58'),
(985, 2, 279, 'Amateur', 3, '2026-06-18 16:51:58'),
(986, 2, 249, 'Trained', 4, '2026-06-18 16:51:58'),
(987, 2, 249, 'Trained', 5, '2026-06-18 16:51:58'),
(988, 2, 499, 'Amateur', 6, '2026-06-18 16:51:58'),
(989, 2, 26, 'Trained', 7, '2026-06-18 16:52:00'),
(990, 2, 40, 'Trained', 8, '2026-06-18 16:52:00'),
(991, 2, 281, 'Amateur', 9, '2026-06-18 16:52:00'),
(992, 2, 389, 'Expert', 10, '2026-06-18 16:52:00'),
(993, 2, 270, 'Trained', 1, '2026-06-18 16:52:00'),
(994, 2, 40, 'Trained', 2, '2026-06-18 16:52:00'),
(995, 2, 24, 'Amateur', 3, '2026-06-18 16:52:00'),
(996, 2, 270, 'Trained', 4, '2026-06-18 16:52:00'),
(997, 2, 102, 'Expert', 5, '2026-06-18 16:52:00'),
(998, 2, 23, 'Amateur', 6, '2026-06-18 16:52:00'),
(999, 2, 270, 'Trained', 7, '2026-06-18 16:52:02'),
(1000, 2, 40, 'Trained', 8, '2026-06-18 16:52:02'),
(1001, 2, 249, 'Trained', 9, '2026-06-18 16:52:02'),
(1002, 2, 188, 'Legendary', 10, '2026-06-18 16:52:02'),
(1003, 2, 26, 'Trained', 1, '2026-06-18 16:52:02'),
(1004, 2, 270, 'Trained', 2, '2026-06-18 16:52:02'),
(1005, 2, 270, 'Trained', 3, '2026-06-18 16:52:02'),
(1006, 2, 20, 'Amateur', 4, '2026-06-18 16:52:02'),
(1007, 2, 249, 'Trained', 5, '2026-06-18 16:52:02'),
(1008, 2, 26, 'Trained', 6, '2026-06-18 16:52:02'),
(1009, 2, 40, 'Trained', 7, '2026-06-18 16:57:50'),
(1010, 2, 26, 'Trained', 8, '2026-06-18 16:57:50');
INSERT INTO `gacha_log` (`id`, `user_id`, `player_id`, `tier_result`, `pity_count`, `spun_at`) VALUES
(1011, 2, 40, 'Trained', 9, '2026-06-18 16:57:50'),
(1012, 2, 317, 'Expert', 10, '2026-06-18 16:57:50'),
(1013, 2, 40, 'Trained', 1, '2026-06-18 16:57:50'),
(1014, 2, 26, 'Trained', 2, '2026-06-18 16:57:50'),
(1015, 2, 38, 'Amateur', 3, '2026-06-18 16:57:50'),
(1016, 2, 259, 'Amateur', 4, '2026-06-18 16:57:50'),
(1017, 2, 250, 'Amateur', 5, '2026-06-18 16:57:50'),
(1018, 2, 26, 'Trained', 6, '2026-06-18 16:57:50'),
(1019, 2, 288, 'Amateur', 7, '2026-06-18 16:57:53'),
(1020, 2, 40, 'Trained', 8, '2026-06-18 16:57:53'),
(1021, 2, 40, 'Trained', 9, '2026-06-18 16:57:53'),
(1022, 2, 354, 'Expert', 10, '2026-06-18 16:57:53'),
(1023, 2, 250, 'Amateur', 1, '2026-06-18 16:57:53'),
(1024, 2, 254, 'Amateur', 2, '2026-06-18 16:57:53'),
(1025, 2, 40, 'Trained', 3, '2026-06-18 16:57:53'),
(1026, 2, 26, 'Trained', 4, '2026-06-18 16:57:53'),
(1027, 2, 43, 'Amateur', 5, '2026-06-18 16:57:53'),
(1028, 2, 40, 'Trained', 6, '2026-06-18 16:57:53'),
(1029, 2, 38, 'Amateur', 7, '2026-06-18 16:57:55'),
(1030, 2, 40, 'Trained', 8, '2026-06-18 16:57:55'),
(1031, 2, 266, 'Amateur', 9, '2026-06-18 16:57:55'),
(1032, 2, 196, 'Legendary', 10, '2026-06-18 16:57:55'),
(1033, 2, 26, 'Trained', 1, '2026-06-18 16:57:55'),
(1034, 2, 40, 'Trained', 2, '2026-06-18 16:57:55'),
(1035, 2, 392, 'Expert', 3, '2026-06-18 16:57:55'),
(1036, 2, 24, 'Amateur', 4, '2026-06-18 16:57:55'),
(1037, 2, 40, 'Trained', 5, '2026-06-18 16:57:55'),
(1038, 2, 548, 'Amateur', 6, '2026-06-18 16:57:55'),
(1039, 2, 26, 'Trained', 7, '2026-06-18 16:58:00'),
(1040, 2, 40, 'Trained', 8, '2026-06-18 16:58:00'),
(1041, 2, 282, 'Amateur', 9, '2026-06-18 16:58:00'),
(1042, 2, 199, 'Legendary', 10, '2026-06-18 16:58:00'),
(1043, 2, 26, 'Trained', 1, '2026-06-18 16:58:00'),
(1044, 2, 40, 'Trained', 2, '2026-06-18 16:58:00'),
(1045, 2, 40, 'Trained', 3, '2026-06-18 16:58:00'),
(1046, 2, 26, 'Trained', 4, '2026-06-18 16:58:00'),
(1047, 2, 19, 'Amateur', 5, '2026-06-18 16:58:00'),
(1048, 2, 40, 'Trained', 6, '2026-06-18 16:58:00'),
(1049, 2, 40, 'Trained', 7, '2026-06-18 16:58:02'),
(1050, 2, 20, 'Amateur', 8, '2026-06-18 16:58:02'),
(1051, 2, 40, 'Trained', 9, '2026-06-18 16:58:02'),
(1052, 2, 523, 'ASEAN Legend', 10, '2026-06-18 16:58:02'),
(1053, 2, 26, 'Trained', 1, '2026-06-18 16:58:02'),
(1054, 2, 26, 'Trained', 2, '2026-06-18 16:58:02'),
(1055, 2, 290, 'Amateur', 3, '2026-06-18 16:58:02'),
(1056, 2, 252, 'Amateur', 4, '2026-06-18 16:58:02'),
(1057, 2, 356, 'Expert', 5, '2026-06-18 16:58:02'),
(1058, 2, 290, 'Amateur', 6, '2026-06-18 16:58:02'),
(1059, 2, 285, 'Amateur', 7, '2026-06-18 17:06:41'),
(1060, 2, 26, 'Trained', 8, '2026-06-18 17:06:41'),
(1061, 2, 40, 'Trained', 9, '2026-06-18 17:06:41'),
(1062, 2, 480, 'Legendary', 10, '2026-06-18 17:06:41'),
(1063, 2, 40, 'Trained', 1, '2026-06-18 17:06:41'),
(1064, 2, 256, 'Amateur', 2, '2026-06-18 17:06:41'),
(1065, 2, 40, 'Trained', 3, '2026-06-18 17:06:41'),
(1066, 2, 340, 'Expert', 4, '2026-06-18 17:06:41'),
(1067, 2, 282, 'Amateur', 5, '2026-06-18 17:06:41'),
(1068, 2, 153, 'Legendary', 6, '2026-06-18 17:06:41'),
(1069, 2, 26, 'Trained', 7, '2026-06-18 17:06:43'),
(1070, 2, 40, 'Trained', 8, '2026-06-18 17:06:43'),
(1071, 2, 253, 'Amateur', 9, '2026-06-18 17:06:44'),
(1072, 2, 395, 'Expert', 10, '2026-06-18 17:06:44'),
(1073, 2, 26, 'Trained', 1, '2026-06-18 17:06:44'),
(1074, 2, 257, 'Amateur', 2, '2026-06-18 17:06:44'),
(1075, 2, 26, 'Trained', 3, '2026-06-18 17:06:44'),
(1076, 2, 159, 'Legendary', 4, '2026-06-18 17:06:44'),
(1077, 2, 269, 'Amateur', 5, '2026-06-18 17:06:44'),
(1078, 2, 40, 'Trained', 6, '2026-06-18 17:06:44'),
(1079, 2, 264, 'Amateur', 7, '2026-06-18 17:06:46'),
(1080, 2, 40, 'Trained', 8, '2026-06-18 17:06:46'),
(1081, 2, 40, 'Trained', 9, '2026-06-18 17:06:46'),
(1082, 2, 358, 'Expert', 10, '2026-06-18 17:06:46'),
(1083, 2, 266, 'Amateur', 1, '2026-06-18 17:06:46'),
(1084, 2, 190, 'Legendary', 2, '2026-06-18 17:06:46'),
(1085, 2, 40, 'Trained', 3, '2026-06-18 17:06:46'),
(1086, 2, 26, 'Trained', 4, '2026-06-18 17:06:46'),
(1087, 2, 287, 'Amateur', 5, '2026-06-18 17:06:46'),
(1088, 2, 252, 'Amateur', 6, '2026-06-18 17:06:46'),
(1089, 2, 292, 'Amateur', 7, '2026-06-18 17:06:48'),
(1090, 2, 23, 'Amateur', 8, '2026-06-18 17:06:48'),
(1091, 2, 304, 'Expert', 9, '2026-06-18 17:06:48'),
(1092, 2, 531, 'ASEAN Legend', 10, '2026-06-18 17:06:48'),
(1093, 2, 40, 'Trained', 1, '2026-06-18 17:06:48'),
(1094, 2, 40, 'Trained', 2, '2026-06-18 17:06:48'),
(1095, 2, 486, 'Legendary', 3, '2026-06-18 17:06:48'),
(1096, 2, 258, 'Amateur', 4, '2026-06-18 17:06:48'),
(1097, 2, 287, 'Amateur', 5, '2026-06-18 17:06:48'),
(1098, 2, 40, 'Trained', 6, '2026-06-18 17:06:48'),
(1099, 2, 110, 'Expert', 7, '2026-06-18 17:06:50'),
(1100, 2, 40, 'Trained', 8, '2026-06-18 17:06:50'),
(1101, 2, 40, 'Trained', 9, '2026-06-18 17:06:50'),
(1102, 2, 384, 'Expert', 10, '2026-06-18 17:06:50'),
(1103, 2, 26, 'Trained', 1, '2026-06-18 17:06:50'),
(1104, 2, 263, 'Amateur', 2, '2026-06-18 17:06:50'),
(1105, 2, 257, 'Amateur', 3, '2026-06-18 17:06:50'),
(1106, 2, 23, 'Amateur', 4, '2026-06-18 17:06:50'),
(1107, 2, 285, 'Amateur', 5, '2026-06-18 17:06:50'),
(1108, 2, 40, 'Trained', 6, '2026-06-18 17:06:50'),
(1109, 2, 263, 'Amateur', 7, '2026-06-18 17:06:52'),
(1110, 2, 260, 'Amateur', 8, '2026-06-18 17:06:52'),
(1111, 2, 290, 'Amateur', 9, '2026-06-18 17:06:52'),
(1112, 2, 305, 'Expert', 10, '2026-06-18 17:06:52'),
(1113, 2, 254, 'Amateur', 1, '2026-06-18 17:06:52'),
(1114, 2, 263, 'Amateur', 2, '2026-06-18 17:06:52'),
(1115, 2, 40, 'Trained', 3, '2026-06-18 17:06:52'),
(1116, 2, 22, 'Amateur', 4, '2026-06-18 17:06:52'),
(1117, 2, 26, 'Trained', 5, '2026-06-18 17:06:52'),
(1118, 2, 40, 'Trained', 6, '2026-06-18 17:06:52'),
(1119, 2, 283, 'Amateur', 7, '2026-06-18 17:06:54'),
(1120, 2, 26, 'Trained', 8, '2026-06-18 17:06:54'),
(1121, 2, 40, 'Trained', 9, '2026-06-18 17:06:54'),
(1122, 2, 90, 'Expert', 10, '2026-06-18 17:06:54'),
(1123, 2, 252, 'Amateur', 1, '2026-06-18 17:06:54'),
(1124, 2, 268, 'Amateur', 2, '2026-06-18 17:06:54'),
(1125, 2, 250, 'Amateur', 3, '2026-06-18 17:06:54'),
(1126, 2, 260, 'Amateur', 4, '2026-06-18 17:06:54'),
(1127, 2, 40, 'Trained', 5, '2026-06-18 17:06:54'),
(1128, 2, 22, 'Amateur', 6, '2026-06-18 17:06:54'),
(1129, 2, 265, 'Amateur', 7, '2026-06-18 17:06:56'),
(1130, 2, 263, 'Amateur', 8, '2026-06-18 17:06:56'),
(1131, 2, 40, 'Trained', 9, '2026-06-18 17:06:56'),
(1132, 2, 75, 'Expert', 10, '2026-06-18 17:06:56'),
(1133, 2, 286, 'Amateur', 1, '2026-06-18 17:06:56'),
(1134, 2, 40, 'Trained', 2, '2026-06-18 17:06:56'),
(1135, 2, 26, 'Trained', 3, '2026-06-18 17:06:56'),
(1136, 2, 40, 'Trained', 4, '2026-06-18 17:06:56'),
(1137, 2, 40, 'Trained', 5, '2026-06-18 17:06:56'),
(1138, 2, 26, 'Trained', 6, '2026-06-18 17:06:56'),
(1139, 2, 23, 'Amateur', 7, '2026-06-19 04:15:13'),
(1140, 2, 26, 'Trained', 8, '2026-06-19 04:15:15'),
(1141, 2, 40, 'Trained', 9, '2026-06-19 04:15:17'),
(1142, 2, 71, 'Expert', 10, '2026-06-19 04:15:18'),
(1143, 2, 208, 'Legendary', 1, '2026-06-19 04:15:19'),
(1144, 2, 364, 'Expert', 2, '2026-06-19 04:15:19'),
(1145, 2, 260, 'Amateur', 3, '2026-06-19 04:15:26'),
(1146, 2, 264, 'Amateur', 4, '2026-06-19 04:15:26'),
(1147, 2, 554, 'Amateur', 5, '2026-06-19 04:15:26'),
(1148, 2, 24, 'Amateur', 6, '2026-06-19 04:15:26'),
(1149, 2, 89, 'Expert', 7, '2026-06-19 04:15:26'),
(1150, 2, 555, 'Amateur', 8, '2026-06-19 04:15:26'),
(1151, 2, 280, 'Amateur', 9, '2026-06-19 04:15:26'),
(1152, 2, 529, 'ASEAN Legend', 10, '2026-06-19 04:15:26'),
(1153, 2, 23, 'Amateur', 1, '2026-06-19 04:15:26'),
(1154, 2, 40, 'Trained', 2, '2026-06-19 04:15:26'),
(1155, 2, 47, 'Expert', 3, '2026-06-19 04:15:45'),
(1156, 2, 556, 'Amateur', 4, '2026-06-19 04:15:45'),
(1157, 2, 26, 'Trained', 5, '2026-06-19 04:15:45'),
(1158, 2, 256, 'Amateur', 6, '2026-06-19 04:15:45'),
(1159, 2, 40, 'Trained', 7, '2026-06-19 04:15:45'),
(1160, 2, 292, 'Amateur', 8, '2026-06-19 04:15:45'),
(1161, 2, 355, 'Expert', 9, '2026-06-19 04:15:45'),
(1162, 2, 112, 'Expert', 10, '2026-06-19 04:15:45'),
(1163, 2, 26, 'Trained', 1, '2026-06-19 04:15:45'),
(1164, 2, 26, 'Trained', 2, '2026-06-19 04:15:45'),
(1165, 2, 350, 'Expert', 3, '2026-06-19 04:15:48'),
(1166, 2, 253, 'Amateur', 4, '2026-06-19 04:15:48'),
(1167, 2, 490, 'Legendary', 5, '2026-06-19 04:15:48'),
(1168, 2, 40, 'Trained', 6, '2026-06-19 04:15:48'),
(1169, 2, 341, 'Expert', 7, '2026-06-19 04:15:48'),
(1170, 2, 429, 'Legendary', 8, '2026-06-19 04:15:48'),
(1171, 2, 26, 'Trained', 9, '2026-06-19 04:15:48'),
(1172, 2, 82, 'Expert', 10, '2026-06-19 04:15:48'),
(1173, 2, 26, 'Trained', 1, '2026-06-19 04:15:48'),
(1174, 2, 26, 'Trained', 2, '2026-06-19 04:15:48'),
(1175, 2, 500, 'Amateur', 3, '2026-06-19 04:15:52'),
(1176, 2, 292, 'Amateur', 4, '2026-06-19 04:15:52'),
(1177, 2, 26, 'Trained', 5, '2026-06-19 04:15:52'),
(1178, 2, 40, 'Trained', 6, '2026-06-19 04:15:52'),
(1179, 2, 26, 'Trained', 7, '2026-06-19 04:15:52'),
(1180, 2, 20, 'Amateur', 8, '2026-06-19 04:15:52'),
(1181, 2, 286, 'Amateur', 9, '2026-06-19 04:15:52'),
(1182, 2, 321, 'Expert', 10, '2026-06-19 04:15:52'),
(1183, 2, 267, 'Amateur', 1, '2026-06-19 04:15:52'),
(1184, 2, 502, 'Amateur', 2, '2026-06-19 04:15:52'),
(1185, 2, 22, 'Amateur', 3, '2026-06-19 04:15:54'),
(1186, 2, 285, 'Amateur', 4, '2026-06-19 04:15:54'),
(1187, 2, 285, 'Amateur', 5, '2026-06-19 04:15:54'),
(1188, 2, 40, 'Trained', 6, '2026-06-19 04:15:54'),
(1189, 2, 325, 'Expert', 7, '2026-06-19 04:15:54'),
(1190, 2, 22, 'Amateur', 8, '2026-06-19 04:15:54'),
(1191, 2, 40, 'Trained', 9, '2026-06-19 04:15:54'),
(1192, 2, 95, 'Expert', 10, '2026-06-19 04:15:54'),
(1193, 2, 286, 'Amateur', 1, '2026-06-19 04:15:54'),
(1194, 2, 40, 'Trained', 2, '2026-06-19 04:15:54'),
(1195, 2, 285, 'Amateur', 3, '2026-06-19 04:15:56'),
(1196, 2, 40, 'Trained', 4, '2026-06-19 04:15:56'),
(1197, 2, 26, 'Trained', 5, '2026-06-19 04:15:56'),
(1198, 2, 40, 'Trained', 6, '2026-06-19 04:15:56'),
(1199, 2, 283, 'Amateur', 7, '2026-06-19 04:15:56'),
(1200, 2, 292, 'Amateur', 8, '2026-06-19 04:15:56'),
(1201, 2, 267, 'Amateur', 9, '2026-06-19 04:15:56'),
(1202, 2, 316, 'Expert', 10, '2026-06-19 04:15:56'),
(1203, 2, 290, 'Amateur', 1, '2026-06-19 04:15:56'),
(1204, 2, 280, 'Amateur', 2, '2026-06-19 04:15:56'),
(1205, 2, 254, 'Amateur', 3, '2026-06-19 04:15:59'),
(1206, 2, 256, 'Amateur', 4, '2026-06-19 04:15:59'),
(1207, 2, 40, 'Trained', 5, '2026-06-19 04:15:59'),
(1208, 2, 287, 'Amateur', 6, '2026-06-19 04:15:59'),
(1209, 2, 20, 'Amateur', 7, '2026-06-19 04:15:59'),
(1210, 2, 26, 'Trained', 8, '2026-06-19 04:15:59'),
(1211, 2, 43, 'Amateur', 9, '2026-06-19 04:15:59'),
(1212, 2, 119, 'Expert', 10, '2026-06-19 04:15:59'),
(1213, 2, 26, 'Trained', 1, '2026-06-19 04:15:59'),
(1214, 2, 40, 'Trained', 2, '2026-06-19 04:15:59'),
(1215, 2, 26, 'Trained', 3, '2026-06-19 04:16:01'),
(1216, 2, 280, 'Amateur', 4, '2026-06-19 04:16:01'),
(1217, 2, 24, 'Amateur', 5, '2026-06-19 04:16:01'),
(1218, 2, 40, 'Trained', 6, '2026-06-19 04:16:01'),
(1219, 2, 259, 'Amateur', 7, '2026-06-19 04:16:01'),
(1220, 2, 250, 'Amateur', 8, '2026-06-19 04:16:01'),
(1221, 2, 289, 'Amateur', 9, '2026-06-19 04:16:01'),
(1222, 2, 97, 'Expert', 10, '2026-06-19 04:16:01'),
(1223, 2, 445, 'Legendary', 1, '2026-06-19 04:16:01'),
(1224, 2, 40, 'Trained', 2, '2026-06-19 04:16:01'),
(1225, 2, 26, 'Trained', 3, '2026-06-19 04:16:03'),
(1226, 2, 256, 'Amateur', 4, '2026-06-19 04:16:03'),
(1227, 2, 253, 'Amateur', 5, '2026-06-19 04:16:03'),
(1228, 2, 40, 'Trained', 6, '2026-06-19 04:16:03'),
(1229, 2, 251, 'Amateur', 7, '2026-06-19 04:16:03'),
(1230, 2, 264, 'Amateur', 8, '2026-06-19 04:16:03'),
(1231, 2, 260, 'Amateur', 9, '2026-06-19 04:16:03'),
(1232, 2, 525, 'ASEAN Legend', 10, '2026-06-19 04:16:03'),
(1233, 2, 40, 'Trained', 1, '2026-06-19 04:16:03'),
(1234, 2, 26, 'Trained', 2, '2026-06-19 04:16:03'),
(1235, 2, 26, 'Trained', 3, '2026-06-19 04:16:07'),
(1236, 2, 283, 'Amateur', 4, '2026-06-19 04:16:07'),
(1237, 2, 258, 'Amateur', 5, '2026-06-19 04:16:07'),
(1238, 2, 267, 'Amateur', 6, '2026-06-19 04:16:07'),
(1239, 2, 135, 'Expert', 7, '2026-06-19 04:16:07'),
(1240, 2, 263, 'Amateur', 8, '2026-06-19 04:16:07'),
(1241, 2, 40, 'Trained', 9, '2026-06-19 04:16:07'),
(1242, 2, 375, 'Expert', 10, '2026-06-19 04:16:07'),
(1243, 2, 26, 'Trained', 1, '2026-06-19 04:16:07'),
(1244, 2, 267, 'Amateur', 2, '2026-06-19 04:16:07'),
(1245, 2, 557, 'Amateur', 3, '2026-06-19 04:16:09'),
(1246, 2, 26, 'Trained', 4, '2026-06-19 04:16:09'),
(1247, 2, 289, 'Amateur', 5, '2026-06-19 04:16:09'),
(1248, 2, 26, 'Trained', 6, '2026-06-19 04:16:09'),
(1249, 2, 258, 'Amateur', 7, '2026-06-19 04:16:09'),
(1250, 2, 250, 'Amateur', 8, '2026-06-19 04:16:09'),
(1251, 2, 26, 'Trained', 9, '2026-06-19 04:16:09'),
(1252, 2, 77, 'Expert', 10, '2026-06-19 04:16:09'),
(1253, 2, 213, 'Legendary', 1, '2026-06-19 04:16:09'),
(1254, 2, 40, 'Trained', 2, '2026-06-19 04:16:09'),
(1255, 2, 288, 'Amateur', 3, '2026-06-19 04:16:11'),
(1256, 2, 40, 'Trained', 4, '2026-06-19 04:16:11'),
(1257, 2, 40, 'Trained', 5, '2026-06-19 04:16:11'),
(1258, 2, 43, 'Amateur', 6, '2026-06-19 04:16:11'),
(1259, 2, 26, 'Trained', 7, '2026-06-19 04:16:11'),
(1260, 2, 431, 'Legendary', 8, '2026-06-19 04:16:11'),
(1261, 2, 500, 'Amateur', 9, '2026-06-19 04:16:11'),
(1262, 2, 50, 'Expert', 10, '2026-06-19 04:16:11'),
(1263, 2, 40, 'Trained', 1, '2026-06-19 04:16:11'),
(1264, 2, 253, 'Amateur', 2, '2026-06-19 04:16:11'),
(1265, 2, 26, 'Trained', 3, '2026-06-19 04:16:12'),
(1266, 2, 280, 'Amateur', 4, '2026-06-19 04:16:12'),
(1267, 2, 266, 'Amateur', 5, '2026-06-19 04:16:12'),
(1268, 2, 283, 'Amateur', 6, '2026-06-19 04:16:12'),
(1269, 2, 26, 'Trained', 7, '2026-06-19 04:16:12'),
(1270, 2, 289, 'Amateur', 8, '2026-06-19 04:16:12'),
(1271, 2, 40, 'Trained', 9, '2026-06-19 04:16:12'),
(1272, 2, 107, 'Expert', 10, '2026-06-19 04:16:12'),
(1273, 2, 40, 'Trained', 1, '2026-06-19 04:16:12'),
(1274, 2, 448, 'Legendary', 2, '2026-06-19 04:16:12'),
(1275, 2, 502, 'Amateur', 3, '2026-06-19 04:16:14'),
(1276, 2, 40, 'Trained', 4, '2026-06-19 04:16:14'),
(1277, 2, 26, 'Trained', 5, '2026-06-19 04:16:14'),
(1278, 2, 261, 'Amateur', 6, '2026-06-19 04:16:14'),
(1279, 2, 40, 'Trained', 7, '2026-06-19 04:16:14'),
(1280, 2, 40, 'Trained', 8, '2026-06-19 04:16:14'),
(1281, 2, 26, 'Trained', 9, '2026-06-19 04:16:14'),
(1282, 2, 123, 'Expert', 10, '2026-06-19 04:16:14'),
(1283, 2, 26, 'Trained', 1, '2026-06-19 04:16:14'),
(1284, 2, 26, 'Trained', 2, '2026-06-19 04:16:14'),
(1285, 2, 40, 'Trained', 3, '2026-06-19 04:16:16'),
(1286, 2, 26, 'Trained', 4, '2026-06-19 04:16:16'),
(1287, 2, 290, 'Amateur', 5, '2026-06-19 04:16:16'),
(1288, 2, 413, 'Legendary', 6, '2026-06-19 04:16:16'),
(1289, 2, 162, 'Legendary', 7, '2026-06-19 04:16:16'),
(1290, 2, 26, 'Trained', 8, '2026-06-19 04:16:16'),
(1291, 2, 40, 'Trained', 9, '2026-06-19 04:16:16'),
(1292, 2, 381, 'Expert', 10, '2026-06-19 04:16:16'),
(1293, 2, 91, 'Expert', 1, '2026-06-19 04:16:16'),
(1294, 2, 263, 'Amateur', 2, '2026-06-19 04:16:16'),
(1295, 2, 263, 'Amateur', 3, '2026-06-19 04:16:18'),
(1296, 2, 40, 'Trained', 4, '2026-06-19 04:16:18'),
(1297, 2, 26, 'Trained', 5, '2026-06-19 04:16:18'),
(1298, 2, 269, 'Amateur', 6, '2026-06-19 04:16:18'),
(1299, 2, 26, 'Trained', 7, '2026-06-19 04:16:18'),
(1300, 2, 40, 'Trained', 8, '2026-06-19 04:16:18'),
(1301, 2, 40, 'Trained', 9, '2026-06-19 04:16:18'),
(1302, 2, 530, 'ASEAN Legend', 10, '2026-06-19 04:16:18'),
(1303, 2, 40, 'Trained', 1, '2026-06-19 04:16:18'),
(1304, 2, 40, 'Trained', 2, '2026-06-19 04:16:18'),
(1305, 2, 26, 'Trained', 3, '2026-06-19 04:16:20'),
(1306, 2, 40, 'Trained', 4, '2026-06-19 04:16:20'),
(1307, 2, 268, 'Amateur', 5, '2026-06-19 04:16:20'),
(1308, 2, 26, 'Trained', 6, '2026-06-19 04:16:20'),
(1309, 2, 40, 'Trained', 7, '2026-06-19 04:16:20'),
(1310, 2, 292, 'Amateur', 8, '2026-06-19 04:16:20'),
(1311, 2, 258, 'Amateur', 9, '2026-06-19 04:16:20'),
(1312, 2, 439, 'Legendary', 10, '2026-06-19 04:16:20'),
(1313, 2, 261, 'Amateur', 1, '2026-06-19 04:16:20'),
(1314, 2, 283, 'Amateur', 2, '2026-06-19 04:16:20'),
(1315, 2, 269, 'Amateur', 3, '2026-06-19 04:16:22'),
(1316, 2, 40, 'Trained', 4, '2026-06-19 04:16:22'),
(1317, 2, 43, 'Amateur', 5, '2026-06-19 04:16:22'),
(1318, 2, 26, 'Trained', 6, '2026-06-19 04:16:22'),
(1319, 2, 26, 'Trained', 7, '2026-06-19 04:16:22'),
(1320, 2, 256, 'Amateur', 8, '2026-06-19 04:16:22'),
(1321, 2, 287, 'Amateur', 9, '2026-06-19 04:16:22'),
(1322, 2, 211, 'Legendary', 10, '2026-06-19 04:16:22'),
(1323, 2, 40, 'Trained', 1, '2026-06-19 04:16:22'),
(1324, 2, 22, 'Amateur', 2, '2026-06-19 04:16:22'),
(1325, 2, 26, 'Trained', 3, '2026-06-19 04:16:24'),
(1326, 2, 26, 'Trained', 4, '2026-06-19 04:16:24'),
(1327, 2, 265, 'Amateur', 5, '2026-06-19 04:16:24'),
(1328, 2, 26, 'Trained', 6, '2026-06-19 04:16:24'),
(1329, 2, 40, 'Trained', 7, '2026-06-19 04:16:24'),
(1330, 2, 379, 'Expert', 8, '2026-06-19 04:16:24'),
(1331, 2, 19, 'Amateur', 9, '2026-06-19 04:16:24'),
(1332, 2, 150, 'Legendary', 10, '2026-06-19 04:16:24'),
(1333, 2, 26, 'Trained', 1, '2026-06-19 04:16:24'),
(1334, 2, 26, 'Trained', 2, '2026-06-19 04:16:24'),
(1335, 2, 393, 'Expert', 3, '2026-06-19 04:16:26'),
(1336, 2, 285, 'Amateur', 4, '2026-06-19 04:16:26'),
(1337, 2, 26, 'Trained', 5, '2026-06-19 04:16:26'),
(1338, 2, 23, 'Amateur', 6, '2026-06-19 04:16:26'),
(1339, 2, 257, 'Amateur', 7, '2026-06-19 04:16:26'),
(1340, 2, 502, 'Amateur', 8, '2026-06-19 04:16:26'),
(1341, 2, 22, 'Amateur', 9, '2026-06-19 04:16:26'),
(1342, 2, 527, 'ASEAN Legend', 10, '2026-06-19 04:16:26'),
(1343, 2, 26, 'Trained', 1, '2026-06-19 04:16:26'),
(1344, 2, 500, 'Amateur', 2, '2026-06-19 04:16:26'),
(1345, 2, 40, 'Trained', 3, '2026-06-19 04:16:29'),
(1346, 2, 26, 'Trained', 4, '2026-06-19 04:16:29'),
(1347, 2, 40, 'Trained', 5, '2026-06-19 04:16:29'),
(1348, 2, 40, 'Trained', 6, '2026-06-19 04:16:29'),
(1349, 2, 26, 'Trained', 7, '2026-06-19 04:16:29'),
(1350, 2, 285, 'Amateur', 8, '2026-06-19 04:16:29'),
(1351, 2, 23, 'Amateur', 9, '2026-06-19 04:16:29'),
(1352, 2, 513, 'ASEAN Legend', 10, '2026-06-19 04:16:29'),
(1353, 2, 24, 'Amateur', 1, '2026-06-19 04:16:29'),
(1354, 2, 26, 'Trained', 2, '2026-06-19 04:16:29'),
(1355, 2, 26, 'Trained', 3, '2026-06-19 04:16:32'),
(1356, 2, 383, 'Expert', 4, '2026-06-19 04:16:32'),
(1357, 2, 24, 'Amateur', 5, '2026-06-19 04:16:32'),
(1358, 2, 447, 'Legendary', 6, '2026-06-19 04:16:32'),
(1359, 2, 502, 'Amateur', 7, '2026-06-19 04:16:32'),
(1360, 2, 40, 'Trained', 8, '2026-06-19 04:16:32'),
(1361, 2, 257, 'Amateur', 9, '2026-06-19 04:16:32'),
(1362, 2, 387, 'Expert', 10, '2026-06-19 04:16:32'),
(1363, 2, 40, 'Trained', 1, '2026-06-19 04:16:32'),
(1364, 2, 250, 'Amateur', 2, '2026-06-19 04:16:32'),
(1365, 2, 266, 'Amateur', 3, '2026-06-19 04:16:34'),
(1366, 2, 20, 'Amateur', 4, '2026-06-19 04:16:34'),
(1367, 2, 257, 'Amateur', 5, '2026-06-19 04:16:34'),
(1368, 2, 26, 'Trained', 6, '2026-06-19 04:16:34'),
(1369, 2, 22, 'Amateur', 7, '2026-06-19 04:16:34'),
(1370, 2, 26, 'Trained', 8, '2026-06-19 04:16:34'),
(1371, 2, 26, 'Trained', 9, '2026-06-19 04:16:34'),
(1372, 2, 307, 'Expert', 10, '2026-06-19 04:16:34'),
(1373, 2, 26, 'Trained', 1, '2026-06-19 04:16:34'),
(1374, 2, 374, 'Expert', 2, '2026-06-19 04:16:34'),
(1375, 2, 43, 'Amateur', 3, '2026-06-19 04:16:36'),
(1376, 2, 40, 'Trained', 4, '2026-06-19 04:16:36'),
(1377, 2, 444, 'Legendary', 5, '2026-06-19 04:16:36'),
(1378, 2, 26, 'Trained', 6, '2026-06-19 04:16:36'),
(1379, 2, 264, 'Amateur', 7, '2026-06-19 04:16:36'),
(1380, 2, 26, 'Trained', 8, '2026-06-19 04:16:36'),
(1381, 2, 40, 'Trained', 9, '2026-06-19 04:16:36'),
(1382, 2, 136, 'Expert', 10, '2026-06-19 04:16:36'),
(1383, 2, 40, 'Trained', 1, '2026-06-19 04:16:36'),
(1384, 2, 450, 'Legendary', 2, '2026-06-19 04:16:36'),
(1385, 2, 161, 'Legendary', 3, '2026-06-19 04:16:38'),
(1386, 2, 26, 'Trained', 4, '2026-06-19 04:16:38'),
(1387, 2, 26, 'Trained', 5, '2026-06-19 04:16:38'),
(1388, 2, 21, 'Amateur', 6, '2026-06-19 04:16:38'),
(1389, 2, 26, 'Trained', 7, '2026-06-19 04:16:38'),
(1390, 2, 40, 'Trained', 8, '2026-06-19 04:16:38'),
(1391, 2, 283, 'Amateur', 9, '2026-06-19 04:16:38'),
(1392, 2, 521, 'ASEAN Legend', 10, '2026-06-19 04:16:38'),
(1393, 2, 255, 'Amateur', 1, '2026-06-19 04:16:38'),
(1394, 2, 189, 'Legendary', 2, '2026-06-19 04:16:38'),
(1395, 2, 26, 'Trained', 3, '2026-06-19 04:16:42'),
(1396, 2, 70, 'Expert', 4, '2026-06-19 04:16:42'),
(1397, 2, 266, 'Amateur', 5, '2026-06-19 04:16:42'),
(1398, 2, 40, 'Trained', 6, '2026-06-19 04:16:42'),
(1399, 2, 251, 'Amateur', 7, '2026-06-19 04:16:42'),
(1400, 2, 19, 'Amateur', 8, '2026-06-19 04:16:42'),
(1401, 2, 265, 'Amateur', 9, '2026-06-19 04:16:42'),
(1402, 2, 327, 'Expert', 10, '2026-06-19 04:16:42'),
(1403, 2, 26, 'Trained', 1, '2026-06-19 04:16:42'),
(1404, 2, 250, 'Amateur', 2, '2026-06-19 04:16:42'),
(1405, 2, 260, 'Amateur', 3, '2026-06-19 04:16:45'),
(1406, 2, 26, 'Trained', 4, '2026-06-19 04:16:45'),
(1407, 2, 252, 'Amateur', 5, '2026-06-19 04:16:45'),
(1408, 2, 26, 'Trained', 6, '2026-06-19 04:16:45'),
(1409, 2, 252, 'Amateur', 7, '2026-06-19 04:16:45'),
(1410, 2, 26, 'Trained', 8, '2026-06-19 04:16:45'),
(1411, 2, 40, 'Trained', 9, '2026-06-19 04:16:45'),
(1412, 2, 514, 'ASEAN Legend', 10, '2026-06-19 04:16:45'),
(1413, 2, 40, 'Trained', 1, '2026-06-19 04:16:45'),
(1414, 2, 40, 'Trained', 2, '2026-06-19 04:16:45'),
(1415, 2, 24, 'Amateur', 3, '2026-06-19 04:16:48'),
(1416, 2, 260, 'Amateur', 4, '2026-06-19 04:16:48'),
(1417, 2, 26, 'Trained', 5, '2026-06-19 04:16:48'),
(1418, 2, 259, 'Amateur', 6, '2026-06-19 04:16:48'),
(1419, 2, 21, 'Amateur', 7, '2026-06-19 04:16:48'),
(1420, 2, 24, 'Amateur', 8, '2026-06-19 04:16:48'),
(1421, 2, 40, 'Trained', 9, '2026-06-19 04:16:48'),
(1422, 2, 342, 'Expert', 10, '2026-06-19 04:16:48'),
(1423, 2, 256, 'Amateur', 1, '2026-06-19 04:16:48'),
(1424, 2, 257, 'Amateur', 2, '2026-06-19 04:16:48'),
(1425, 2, 26, 'Trained', 3, '2026-06-19 04:16:51'),
(1426, 2, 255, 'Amateur', 4, '2026-06-19 04:16:51'),
(1427, 2, 361, 'Expert', 5, '2026-06-19 04:16:51'),
(1428, 2, 40, 'Trained', 6, '2026-06-19 04:16:51'),
(1429, 2, 40, 'Trained', 7, '2026-06-19 04:16:51'),
(1430, 2, 72, 'Expert', 8, '2026-06-19 04:16:51'),
(1431, 2, 501, 'Amateur', 9, '2026-06-19 04:16:51'),
(1432, 2, 349, 'Expert', 10, '2026-06-19 04:16:51'),
(1433, 2, 26, 'Trained', 1, '2026-06-19 04:16:51'),
(1434, 2, 40, 'Trained', 2, '2026-06-19 04:16:51'),
(1435, 2, 26, 'Trained', 3, '2026-06-19 04:16:53'),
(1436, 2, 254, 'Amateur', 4, '2026-06-19 04:16:53'),
(1437, 2, 285, 'Amateur', 5, '2026-06-19 04:16:53'),
(1438, 2, 40, 'Trained', 6, '2026-06-19 04:16:53'),
(1439, 2, 252, 'Amateur', 7, '2026-06-19 04:16:53'),
(1440, 2, 40, 'Trained', 8, '2026-06-19 04:16:53'),
(1441, 2, 40, 'Trained', 9, '2026-06-19 04:16:53'),
(1442, 2, 324, 'Expert', 10, '2026-06-19 04:16:53'),
(1443, 2, 250, 'Amateur', 1, '2026-06-19 04:16:53'),
(1444, 2, 267, 'Amateur', 2, '2026-06-19 04:16:53'),
(1445, 2, 26, 'Trained', 3, '2026-06-19 04:16:56'),
(1446, 2, 266, 'Amateur', 4, '2026-06-19 04:16:56'),
(1447, 2, 299, 'Expert', 5, '2026-06-19 04:16:56'),
(1448, 2, 40, 'Trained', 6, '2026-06-19 04:16:56'),
(1449, 2, 40, 'Trained', 7, '2026-06-19 04:16:56'),
(1450, 2, 26, 'Trained', 8, '2026-06-19 04:16:56'),
(1451, 2, 262, 'Amateur', 9, '2026-06-19 04:16:56'),
(1452, 2, 397, 'Expert', 10, '2026-06-19 04:16:56'),
(1453, 2, 250, 'Amateur', 1, '2026-06-19 04:16:56'),
(1454, 2, 290, 'Amateur', 2, '2026-06-19 04:16:56'),
(1455, 2, 500, 'Amateur', 3, '2026-06-19 04:16:58'),
(1456, 2, 26, 'Trained', 4, '2026-06-19 04:16:58'),
(1457, 2, 26, 'Trained', 5, '2026-06-19 04:16:58'),
(1458, 2, 252, 'Amateur', 6, '2026-06-19 04:16:58'),
(1459, 2, 290, 'Amateur', 7, '2026-06-19 04:16:58'),
(1460, 2, 40, 'Trained', 8, '2026-06-19 04:16:58'),
(1461, 2, 40, 'Trained', 9, '2026-06-19 04:16:58'),
(1462, 2, 398, 'Expert', 10, '2026-06-19 04:16:58'),
(1463, 2, 26, 'Trained', 1, '2026-06-19 04:16:58'),
(1464, 2, 289, 'Amateur', 2, '2026-06-19 04:16:58'),
(1465, 2, 40, 'Trained', 3, '2026-06-19 04:17:01'),
(1466, 2, 292, 'Amateur', 4, '2026-06-19 04:17:01'),
(1467, 2, 262, 'Amateur', 5, '2026-06-19 04:17:01'),
(1468, 2, 26, 'Trained', 6, '2026-06-19 04:17:01'),
(1469, 2, 251, 'Amateur', 7, '2026-06-19 04:17:01'),
(1470, 2, 26, 'Trained', 8, '2026-06-19 04:17:01'),
(1471, 2, 26, 'Trained', 9, '2026-06-19 04:17:01'),
(1472, 2, 301, 'Expert', 10, '2026-06-19 04:17:01'),
(1473, 2, 21, 'Amateur', 1, '2026-06-19 04:17:01'),
(1474, 2, 269, 'Amateur', 2, '2026-06-19 04:17:01'),
(1475, 2, 250, 'Amateur', 3, '2026-06-19 04:17:03'),
(1476, 2, 290, 'Amateur', 4, '2026-06-19 04:17:03'),
(1477, 2, 257, 'Amateur', 5, '2026-06-19 04:17:03'),
(1478, 2, 26, 'Trained', 6, '2026-06-19 04:17:03'),
(1479, 2, 26, 'Trained', 7, '2026-06-19 04:17:03'),
(1480, 2, 391, 'Expert', 8, '2026-06-19 04:17:03'),
(1481, 2, 26, 'Trained', 9, '2026-06-19 04:17:03'),
(1482, 2, 471, 'Legendary', 10, '2026-06-19 04:17:03'),
(1483, 2, 23, 'Amateur', 1, '2026-06-19 04:17:03'),
(1484, 2, 266, 'Amateur', 2, '2026-06-19 04:17:03'),
(1485, 2, 26, 'Trained', 3, '2026-06-19 04:17:05'),
(1486, 2, 347, 'Expert', 4, '2026-06-19 04:17:05'),
(1487, 2, 500, 'Amateur', 5, '2026-06-19 04:17:05'),
(1488, 2, 26, 'Trained', 6, '2026-06-19 04:17:05'),
(1489, 2, 22, 'Amateur', 7, '2026-06-19 04:17:05'),
(1490, 2, 40, 'Trained', 8, '2026-06-19 04:17:05'),
(1491, 2, 288, 'Amateur', 9, '2026-06-19 04:17:05'),
(1492, 2, 209, 'Legendary', 10, '2026-06-19 04:17:05'),
(1493, 2, 254, 'Amateur', 1, '2026-06-19 04:17:05'),
(1494, 2, 269, 'Amateur', 2, '2026-06-19 04:17:05'),
(1495, 2, 20, 'Amateur', 3, '2026-06-19 04:17:07'),
(1496, 2, 256, 'Amateur', 4, '2026-06-19 04:17:07'),
(1497, 2, 26, 'Trained', 5, '2026-06-19 04:17:07'),
(1498, 2, 24, 'Amateur', 6, '2026-06-19 04:17:07'),
(1499, 2, 19, 'Amateur', 7, '2026-06-19 04:17:07'),
(1500, 2, 40, 'Trained', 8, '2026-06-19 04:17:07'),
(1501, 2, 251, 'Amateur', 9, '2026-06-19 04:17:07'),
(1502, 2, 313, 'Expert', 10, '2026-06-19 04:17:07'),
(1503, 2, 253, 'Amateur', 1, '2026-06-19 04:17:07'),
(1504, 2, 40, 'Trained', 2, '2026-06-19 04:17:07'),
(1505, 2, 286, 'Amateur', 3, '2026-06-19 04:17:09'),
(1506, 2, 26, 'Trained', 4, '2026-06-19 04:17:09'),
(1507, 2, 290, 'Amateur', 5, '2026-06-19 04:17:09'),
(1508, 2, 250, 'Amateur', 6, '2026-06-19 04:17:09'),
(1509, 2, 19, 'Amateur', 7, '2026-06-19 04:17:09'),
(1510, 2, 285, 'Amateur', 8, '2026-06-19 04:17:09'),
(1511, 2, 43, 'Amateur', 9, '2026-06-19 04:17:09'),
(1512, 2, 64, 'Expert', 10, '2026-06-19 04:17:09'),
(1513, 2, 40, 'Trained', 1, '2026-06-19 04:17:09'),
(1514, 2, 253, 'Amateur', 2, '2026-06-19 04:17:09'),
(1515, 2, 288, 'Amateur', 3, '2026-06-19 04:17:11'),
(1516, 2, 26, 'Trained', 4, '2026-06-19 04:17:11'),
(1517, 2, 104, 'Expert', 5, '2026-06-19 04:17:11'),
(1518, 2, 259, 'Amateur', 6, '2026-06-19 04:17:11'),
(1519, 2, 40, 'Trained', 7, '2026-06-19 04:17:11'),
(1520, 2, 417, 'Legendary', 8, '2026-06-19 04:17:11'),
(1521, 2, 26, 'Trained', 9, '2026-06-19 04:17:11'),
(1522, 2, 477, 'Legendary', 10, '2026-06-19 04:17:11'),
(1523, 2, 26, 'Trained', 1, '2026-06-19 04:17:11'),
(1524, 2, 262, 'Amateur', 2, '2026-06-19 04:17:11'),
(1525, 2, 40, 'Trained', 3, '2026-06-19 04:17:15'),
(1526, 2, 26, 'Trained', 4, '2026-06-19 04:17:15'),
(1527, 2, 258, 'Amateur', 5, '2026-06-19 04:17:15'),
(1528, 2, 250, 'Amateur', 6, '2026-06-19 04:17:15'),
(1529, 2, 40, 'Trained', 7, '2026-06-19 04:17:15'),
(1530, 2, 26, 'Trained', 8, '2026-06-19 04:17:15'),
(1531, 2, 38, 'Amateur', 9, '2026-06-19 04:17:15'),
(1532, 2, 160, 'Legendary', 10, '2026-06-19 04:17:15'),
(1533, 2, 292, 'Amateur', 1, '2026-06-19 04:17:15'),
(1534, 2, 23, 'Amateur', 2, '2026-06-19 04:17:15'),
(1535, 2, 26, 'Trained', 3, '2026-06-19 04:17:17'),
(1536, 2, 40, 'Trained', 4, '2026-06-19 04:17:17'),
(1537, 2, 262, 'Amateur', 5, '2026-06-19 04:17:17'),
(1538, 2, 26, 'Trained', 6, '2026-06-19 04:17:17'),
(1539, 2, 26, 'Trained', 7, '2026-06-19 04:17:17'),
(1540, 2, 451, 'Legendary', 8, '2026-06-19 04:17:17'),
(1541, 2, 40, 'Trained', 9, '2026-06-19 04:17:17'),
(1542, 2, 461, 'Legendary', 10, '2026-06-19 04:17:17'),
(1543, 2, 269, 'Amateur', 1, '2026-06-19 04:17:17'),
(1544, 2, 253, 'Amateur', 2, '2026-06-19 04:17:17'),
(1545, 4, 601, 'Trained', 1, '2026-06-19 17:13:25'),
(1546, 4, 26, 'Trained', 2, '2026-06-19 17:13:31'),
(1547, 4, 26, 'Trained', 3, '2026-06-19 17:13:31'),
(1548, 4, 26, 'Trained', 4, '2026-06-19 17:13:31'),
(1549, 4, 26, 'Trained', 5, '2026-06-19 17:13:31'),
(1550, 4, 26, 'Trained', 6, '2026-06-19 17:13:31'),
(1551, 4, 40, 'Trained', 7, '2026-06-19 17:13:31'),
(1552, 4, 26, 'Trained', 8, '2026-06-19 17:13:31'),
(1553, 4, 502, 'Amateur', 9, '2026-06-19 17:13:31'),
(1554, 4, 519, 'ASEAN Legend', 10, '2026-06-19 17:13:31'),
(1555, 4, 602, 'Amateur', 1, '2026-06-19 17:13:31'),
(1556, 4, 26, 'Trained', 2, '2026-06-19 17:13:34'),
(1557, 4, 292, 'Amateur', 3, '2026-06-19 17:13:34'),
(1558, 4, 283, 'Amateur', 4, '2026-06-19 17:13:34'),
(1559, 4, 287, 'Amateur', 5, '2026-06-19 17:13:34'),
(1560, 4, 40, 'Trained', 6, '2026-06-19 17:13:34'),
(1561, 4, 118, 'Expert', 7, '2026-06-19 17:13:34'),
(1562, 4, 289, 'Amateur', 8, '2026-06-19 17:13:34'),
(1563, 4, 26, 'Trained', 9, '2026-06-19 17:13:34'),
(1564, 4, 465, 'Legendary', 10, '2026-06-19 17:13:34'),
(1565, 4, 40, 'Trained', 1, '2026-06-19 17:13:34'),
(1566, 4, 285, 'Amateur', 2, '2026-06-19 17:13:37'),
(1567, 4, 500, 'Amateur', 3, '2026-06-19 17:13:37'),
(1568, 4, 280, 'Amateur', 4, '2026-06-19 17:13:37'),
(1569, 4, 292, 'Amateur', 5, '2026-06-19 17:13:37'),
(1570, 4, 40, 'Trained', 6, '2026-06-19 17:13:37'),
(1571, 4, 40, 'Trained', 7, '2026-06-19 17:13:37'),
(1572, 4, 26, 'Trained', 8, '2026-06-19 17:13:37'),
(1573, 4, 261, 'Amateur', 9, '2026-06-19 17:13:37'),
(1574, 4, 526, 'ASEAN Legend', 10, '2026-06-19 17:13:37'),
(1575, 4, 290, 'Amateur', 1, '2026-06-19 17:13:37'),
(1576, 4, 40, 'Trained', 2, '2026-06-19 17:13:38'),
(1577, 4, 283, 'Amateur', 3, '2026-06-19 17:13:38'),
(1578, 4, 40, 'Trained', 4, '2026-06-19 17:13:38'),
(1579, 4, 360, 'Expert', 5, '2026-06-19 17:13:38'),
(1580, 4, 40, 'Trained', 6, '2026-06-19 17:13:38'),
(1581, 4, 268, 'Amateur', 7, '2026-06-19 17:13:38'),
(1582, 4, 59, 'Expert', 8, '2026-06-19 17:13:38'),
(1583, 4, 282, 'Amateur', 9, '2026-06-19 17:13:38'),
(1584, 4, 76, 'Expert', 10, '2026-06-19 17:13:38'),
(1585, 4, 40, 'Trained', 1, '2026-06-19 17:13:38'),
(1586, 4, 252, 'Amateur', 2, '2026-06-19 17:13:40'),
(1587, 4, 289, 'Amateur', 3, '2026-06-19 17:13:40'),
(1588, 4, 69, 'Expert', 4, '2026-06-19 17:13:40'),
(1589, 4, 40, 'Trained', 5, '2026-06-19 17:13:40'),
(1590, 4, 26, 'Trained', 6, '2026-06-19 17:13:40'),
(1591, 4, 283, 'Amateur', 7, '2026-06-19 17:13:40'),
(1592, 4, 254, 'Amateur', 8, '2026-06-19 17:13:40'),
(1593, 4, 40, 'Trained', 9, '2026-06-19 17:13:40'),
(1594, 4, 370, 'Expert', 10, '2026-06-19 17:13:40'),
(1595, 4, 40, 'Trained', 1, '2026-06-19 17:13:40'),
(1596, 4, 255, 'Amateur', 2, '2026-06-19 17:13:40'),
(1597, 4, 26, 'Trained', 3, '2026-06-19 17:13:40'),
(1598, 4, 40, 'Trained', 4, '2026-06-19 17:13:40'),
(1599, 4, 285, 'Amateur', 5, '2026-06-19 17:13:40'),
(1600, 4, 26, 'Trained', 6, '2026-06-19 17:13:40'),
(1601, 4, 40, 'Trained', 7, '2026-06-19 17:13:40'),
(1602, 4, 603, 'Amateur', 8, '2026-06-19 17:13:40'),
(1603, 4, 40, 'Trained', 9, '2026-06-19 17:13:40'),
(1604, 4, 432, 'Legendary', 10, '2026-06-19 17:13:40'),
(1605, 4, 290, 'Amateur', 1, '2026-06-19 17:13:40'),
(1606, 4, 604, 'Amateur', 2, '2026-06-19 17:13:41'),
(1607, 4, 40, 'Trained', 3, '2026-06-19 17:13:41'),
(1608, 4, 26, 'Trained', 4, '2026-06-19 17:13:41'),
(1609, 4, 132, 'Expert', 5, '2026-06-19 17:13:41'),
(1610, 4, 269, 'Amateur', 6, '2026-06-19 17:13:41'),
(1611, 4, 21, 'Amateur', 7, '2026-06-19 17:13:41'),
(1612, 4, 499, 'Amateur', 8, '2026-06-19 17:13:41'),
(1613, 4, 40, 'Trained', 9, '2026-06-19 17:13:41'),
(1614, 4, 225, 'Legendary', 10, '2026-06-19 17:13:41'),
(1615, 4, 96, 'Expert', 1, '2026-06-19 17:13:41'),
(1616, 4, 40, 'Trained', 2, '2026-06-19 17:13:43'),
(1617, 4, 288, 'Amateur', 3, '2026-06-19 17:13:43'),
(1618, 4, 40, 'Trained', 4, '2026-06-19 17:13:43'),
(1619, 4, 40, 'Trained', 5, '2026-06-19 17:13:43'),
(1620, 4, 26, 'Trained', 6, '2026-06-19 17:13:43'),
(1621, 4, 40, 'Trained', 7, '2026-06-19 17:13:43'),
(1622, 4, 268, 'Amateur', 8, '2026-06-19 17:13:43'),
(1623, 4, 164, 'Legendary', 9, '2026-06-19 17:13:43'),
(1624, 4, 308, 'Expert', 10, '2026-06-19 17:13:43'),
(1625, 4, 138, 'Expert', 1, '2026-06-19 17:13:43'),
(1626, 4, 40, 'Trained', 2, '2026-06-19 17:13:44'),
(1627, 4, 26, 'Trained', 3, '2026-06-19 17:13:44'),
(1628, 4, 289, 'Amateur', 4, '2026-06-19 17:13:44'),
(1629, 4, 280, 'Amateur', 5, '2026-06-19 17:13:44'),
(1630, 4, 101, 'Expert', 6, '2026-06-19 17:13:45'),
(1631, 4, 40, 'Trained', 7, '2026-06-19 17:13:45'),
(1632, 4, 499, 'Amateur', 8, '2026-06-19 17:13:45'),
(1633, 4, 26, 'Trained', 9, '2026-06-19 17:13:45'),
(1634, 4, 152, 'Legendary', 10, '2026-06-19 17:13:45'),
(1635, 4, 26, 'Trained', 1, '2026-06-19 17:13:45'),
(1636, 4, 252, 'Amateur', 2, '2026-06-19 17:13:47'),
(1637, 4, 40, 'Trained', 3, '2026-06-19 17:13:47'),
(1638, 4, 26, 'Trained', 4, '2026-06-19 17:13:47'),
(1639, 4, 55, 'Expert', 5, '2026-06-19 17:13:47'),
(1640, 4, 40, 'Trained', 6, '2026-06-19 17:13:47'),
(1641, 4, 131, 'Expert', 7, '2026-06-19 17:13:47'),
(1642, 4, 287, 'Amateur', 8, '2026-06-19 17:13:47'),
(1643, 4, 26, 'Trained', 9, '2026-06-19 17:13:47'),
(1644, 4, 233, 'Legendary', 10, '2026-06-19 17:13:47'),
(1645, 4, 26, 'Trained', 1, '2026-06-19 17:13:47'),
(1646, 3, 263, 'Amateur', 1, '2026-06-19 17:18:47'),
(1647, 3, 605, 'Trained', 2, '2026-06-19 17:18:52'),
(1648, 3, 26, 'Trained', 3, '2026-06-19 17:18:52'),
(1649, 3, 499, 'Amateur', 4, '2026-06-19 17:18:52'),
(1650, 3, 499, 'Amateur', 5, '2026-06-19 17:18:52'),
(1651, 3, 289, 'Amateur', 6, '2026-06-19 17:18:52'),
(1652, 3, 26, 'Trained', 7, '2026-06-19 17:18:52'),
(1653, 3, 257, 'Amateur', 8, '2026-06-19 17:18:52'),
(1654, 3, 40, 'Trained', 9, '2026-06-19 17:18:52'),
(1655, 3, 369, 'Expert', 10, '2026-06-19 17:18:52'),
(1656, 3, 289, 'Amateur', 1, '2026-06-19 17:18:52'),
(1657, 3, 26, 'Trained', 2, '2026-06-19 17:18:54'),
(1658, 3, 280, 'Amateur', 3, '2026-06-19 17:18:54'),
(1659, 3, 40, 'Trained', 4, '2026-06-19 17:18:54'),
(1660, 3, 26, 'Trained', 5, '2026-06-19 17:18:54'),
(1661, 3, 606, 'Amateur', 6, '2026-06-19 17:18:54'),
(1662, 3, 251, 'Amateur', 7, '2026-06-19 17:18:54'),
(1663, 3, 267, 'Amateur', 8, '2026-06-19 17:18:54'),
(1664, 3, 289, 'Amateur', 9, '2026-06-19 17:18:54'),
(1665, 3, 88, 'Expert', 10, '2026-06-19 17:18:54'),
(1666, 3, 40, 'Trained', 1, '2026-06-19 17:18:54'),
(1667, 3, 500, 'Amateur', 2, '2026-06-19 17:18:56'),
(1668, 3, 26, 'Trained', 3, '2026-06-19 17:18:56'),
(1669, 3, 40, 'Trained', 4, '2026-06-19 17:18:56'),
(1670, 3, 502, 'Amateur', 5, '2026-06-19 17:18:56'),
(1671, 3, 148, 'Legendary', 6, '2026-06-19 17:18:56'),
(1672, 3, 256, 'Amateur', 7, '2026-06-19 17:18:56'),
(1673, 3, 26, 'Trained', 8, '2026-06-19 17:18:56'),
(1674, 3, 40, 'Trained', 9, '2026-06-19 17:18:56'),
(1675, 3, 121, 'Expert', 10, '2026-06-19 17:18:56'),
(1676, 3, 500, 'Amateur', 1, '2026-06-19 17:18:56'),
(1677, 3, 40, 'Trained', 2, '2026-06-19 17:18:59'),
(1678, 3, 40, 'Trained', 3, '2026-06-19 17:18:59'),
(1679, 3, 26, 'Trained', 4, '2026-06-19 17:18:59'),
(1680, 3, 607, 'Amateur', 5, '2026-06-19 17:18:59'),
(1681, 3, 26, 'Trained', 6, '2026-06-19 17:18:59'),
(1682, 3, 499, 'Amateur', 7, '2026-06-19 17:18:59'),
(1683, 3, 26, 'Trained', 8, '2026-06-19 17:18:59'),
(1684, 3, 78, 'Expert', 9, '2026-06-19 17:18:59'),
(1685, 3, 524, 'ASEAN Legend', 10, '2026-06-19 17:18:59'),
(1686, 3, 499, 'Amateur', 1, '2026-06-19 17:18:59'),
(1687, 3, 40, 'Trained', 2, '2026-06-19 17:19:01'),
(1688, 3, 337, 'Expert', 3, '2026-06-19 17:19:01'),
(1689, 3, 26, 'Trained', 4, '2026-06-19 17:19:01'),
(1690, 3, 207, 'Legendary', 5, '2026-06-19 17:19:01'),
(1691, 3, 26, 'Trained', 6, '2026-06-19 17:19:01'),
(1692, 3, 266, 'Amateur', 7, '2026-06-19 17:19:01'),
(1693, 3, 26, 'Trained', 8, '2026-06-19 17:19:01'),
(1694, 3, 40, 'Trained', 9, '2026-06-19 17:19:01'),
(1695, 3, 116, 'Expert', 10, '2026-06-19 17:19:01'),
(1696, 3, 40, 'Trained', 1, '2026-06-19 17:19:01'),
(1697, 3, 251, 'Amateur', 2, '2026-06-19 17:19:03'),
(1698, 3, 500, 'Amateur', 3, '2026-06-19 17:19:03'),
(1699, 3, 26, 'Trained', 4, '2026-06-19 17:19:03'),
(1700, 3, 40, 'Trained', 5, '2026-06-19 17:19:03'),
(1701, 3, 26, 'Trained', 6, '2026-06-19 17:19:03'),
(1702, 3, 254, 'Amateur', 7, '2026-06-19 17:19:03'),
(1703, 3, 38, 'Amateur', 8, '2026-06-19 17:19:03'),
(1704, 3, 282, 'Amateur', 9, '2026-06-19 17:19:03'),
(1705, 3, 372, 'Expert', 10, '2026-06-19 17:19:03'),
(1706, 3, 26, 'Trained', 1, '2026-06-19 17:19:03'),
(1707, 3, 38, 'Amateur', 2, '2026-06-19 17:19:05'),
(1708, 3, 290, 'Amateur', 3, '2026-06-19 17:19:05'),
(1709, 3, 26, 'Trained', 4, '2026-06-19 17:19:05'),
(1710, 3, 40, 'Trained', 5, '2026-06-19 17:19:05'),
(1711, 3, 40, 'Trained', 6, '2026-06-19 17:19:05'),
(1712, 3, 501, 'Amateur', 7, '2026-06-19 17:19:05'),
(1713, 3, 43, 'Amateur', 8, '2026-06-19 17:19:05'),
(1714, 3, 43, 'Amateur', 9, '2026-06-19 17:19:05'),
(1715, 3, 482, 'Legendary', 10, '2026-06-19 17:19:05'),
(1716, 3, 499, 'Amateur', 1, '2026-06-19 17:19:05'),
(1717, 3, 26, 'Trained', 2, '2026-06-19 17:19:07'),
(1718, 3, 259, 'Amateur', 3, '2026-06-19 17:19:07'),
(1719, 3, 40, 'Trained', 4, '2026-06-19 17:19:07'),
(1720, 3, 267, 'Amateur', 5, '2026-06-19 17:19:07'),
(1721, 3, 43, 'Amateur', 6, '2026-06-19 17:19:07'),
(1722, 3, 419, 'Legendary', 7, '2026-06-19 17:19:07'),
(1723, 3, 252, 'Amateur', 8, '2026-06-19 17:19:07'),
(1724, 3, 40, 'Trained', 9, '2026-06-19 17:19:07'),
(1725, 3, 515, 'ASEAN Legend', 10, '2026-06-19 17:19:07'),
(1726, 3, 224, 'Legendary', 1, '2026-06-19 17:19:07'),
(1727, 3, 287, 'Amateur', 2, '2026-06-19 17:19:09'),
(1728, 3, 250, 'Amateur', 3, '2026-06-19 17:19:09'),
(1729, 3, 26, 'Trained', 4, '2026-06-19 17:19:09'),
(1730, 3, 40, 'Trained', 5, '2026-06-19 17:19:09'),
(1731, 3, 264, 'Amateur', 6, '2026-06-19 17:19:09'),
(1732, 3, 285, 'Amateur', 7, '2026-06-19 17:19:09'),
(1733, 3, 40, 'Trained', 8, '2026-06-19 17:19:09'),
(1734, 3, 26, 'Trained', 9, '2026-06-19 17:19:09'),
(1735, 3, 54, 'Expert', 10, '2026-06-19 17:19:09'),
(1736, 3, 500, 'Amateur', 1, '2026-06-19 17:19:09'),
(1737, 3, 40, 'Trained', 2, '2026-06-19 17:19:11'),
(1738, 3, 257, 'Amateur', 3, '2026-06-19 17:19:11'),
(1739, 3, 26, 'Trained', 4, '2026-06-19 17:19:11'),
(1740, 3, 26, 'Trained', 5, '2026-06-19 17:19:11'),
(1741, 3, 252, 'Amateur', 6, '2026-06-19 17:19:11'),
(1742, 3, 40, 'Trained', 7, '2026-06-19 17:19:11'),
(1743, 3, 26, 'Trained', 8, '2026-06-19 17:19:11'),
(1744, 3, 23, 'Amateur', 9, '2026-06-19 17:19:11'),
(1745, 3, 144, 'Expert', 10, '2026-06-19 17:19:11'),
(1746, 3, 40, 'Trained', 1, '2026-06-19 17:19:11'),
(1747, 1, 608, 'Amateur', 3, '2026-06-19 17:22:20'),
(1748, 1, 609, 'Amateur', 4, '2026-06-19 17:22:20'),
(1749, 1, 40, 'Trained', 5, '2026-06-19 17:22:20'),
(1750, 1, 26, 'Trained', 6, '2026-06-19 17:22:20'),
(1751, 1, 610, 'Amateur', 7, '2026-06-19 17:22:20'),
(1752, 1, 611, 'Amateur', 8, '2026-06-19 17:22:20'),
(1753, 1, 26, 'Trained', 9, '2026-06-19 17:22:20'),
(1754, 1, 351, 'Expert', 10, '2026-06-19 17:22:20'),
(1755, 1, 612, 'Amateur', 1, '2026-06-19 17:22:20'),
(1756, 1, 613, 'Amateur', 2, '2026-06-19 17:22:20'),
(1757, 1, 24, 'Amateur', 3, '2026-06-19 17:22:23'),
(1758, 1, 614, 'Amateur', 4, '2026-06-19 17:22:23'),
(1759, 1, 615, 'Amateur', 5, '2026-06-19 17:22:23'),
(1760, 1, 250, 'Amateur', 6, '2026-06-19 17:22:23'),
(1761, 1, 40, 'Trained', 7, '2026-06-19 17:22:23'),
(1762, 1, 616, 'Amateur', 8, '2026-06-19 17:22:23'),
(1763, 1, 617, 'Amateur', 9, '2026-06-19 17:22:23'),
(1764, 1, 343, 'Expert', 10, '2026-06-19 17:22:23'),
(1765, 1, 501, 'Amateur', 1, '2026-06-19 17:22:23'),
(1766, 1, 26, 'Trained', 2, '2026-06-19 17:22:23'),
(1767, 1, 26, 'Trained', 3, '2026-06-19 17:22:25'),
(1768, 1, 26, 'Trained', 4, '2026-06-19 17:22:25'),
(1769, 1, 618, 'Amateur', 5, '2026-06-19 17:22:25'),
(1770, 1, 261, 'Amateur', 6, '2026-06-19 17:22:25'),
(1771, 1, 40, 'Trained', 7, '2026-06-19 17:22:25'),
(1772, 1, 289, 'Amateur', 8, '2026-06-19 17:22:25'),
(1773, 1, 40, 'Trained', 9, '2026-06-19 17:22:25'),
(1774, 1, 169, 'Legendary', 10, '2026-06-19 17:22:25'),
(1775, 1, 26, 'Trained', 1, '2026-06-19 17:22:25'),
(1776, 1, 26, 'Trained', 2, '2026-06-19 17:22:25'),
(1777, 1, 26, 'Trained', 3, '2026-06-19 17:22:27'),
(1778, 1, 40, 'Trained', 4, '2026-06-19 17:22:27'),
(1779, 1, 501, 'Amateur', 5, '2026-06-19 17:22:27'),
(1780, 1, 619, 'Amateur', 6, '2026-06-19 17:22:27'),
(1781, 1, 40, 'Trained', 7, '2026-06-19 17:22:27'),
(1782, 1, 256, 'Amateur', 8, '2026-06-19 17:22:27'),
(1783, 1, 260, 'Amateur', 9, '2026-06-19 17:22:27'),
(1784, 1, 367, 'Expert', 10, '2026-06-19 17:22:27'),
(1785, 1, 26, 'Trained', 1, '2026-06-19 17:22:27'),
(1786, 1, 40, 'Trained', 2, '2026-06-19 17:22:27'),
(1787, 1, 288, 'Amateur', 3, '2026-06-19 17:22:28'),
(1788, 1, 43, 'Amateur', 4, '2026-06-19 17:22:28'),
(1789, 1, 620, 'Amateur', 5, '2026-06-19 17:22:28'),
(1790, 1, 26, 'Trained', 6, '2026-06-19 17:22:28'),
(1791, 1, 40, 'Trained', 7, '2026-06-19 17:22:28'),
(1792, 1, 285, 'Amateur', 8, '2026-06-19 17:22:28'),
(1793, 1, 43, 'Amateur', 9, '2026-06-19 17:22:28'),
(1794, 1, 380, 'Expert', 10, '2026-06-19 17:22:28'),
(1795, 1, 621, 'Amateur', 1, '2026-06-19 17:22:28'),
(1796, 1, 622, 'Amateur', 2, '2026-06-19 17:22:28'),
(1797, 1, 260, 'Amateur', 3, '2026-06-19 17:22:30'),
(1798, 1, 26, 'Trained', 4, '2026-06-19 17:22:30'),
(1799, 1, 40, 'Trained', 5, '2026-06-19 17:22:30'),
(1800, 1, 267, 'Amateur', 6, '2026-06-19 17:22:30'),
(1801, 1, 40, 'Trained', 7, '2026-06-19 17:22:30'),
(1802, 1, 500, 'Amateur', 8, '2026-06-19 17:22:30'),
(1803, 1, 19, 'Amateur', 9, '2026-06-19 17:22:30'),
(1804, 1, 323, 'Expert', 10, '2026-06-19 17:22:30'),
(1805, 1, 288, 'Amateur', 1, '2026-06-19 17:22:30'),
(1806, 1, 338, 'Expert', 2, '2026-06-19 17:22:30'),
(1807, 1, 40, 'Trained', 3, '2026-06-19 17:22:32'),
(1808, 1, 257, 'Amateur', 4, '2026-06-19 17:22:32'),
(1809, 1, 282, 'Amateur', 5, '2026-06-19 17:22:32'),
(1810, 1, 26, 'Trained', 6, '2026-06-19 17:22:32'),
(1811, 1, 26, 'Trained', 7, '2026-06-19 17:22:32'),
(1812, 1, 26, 'Trained', 8, '2026-06-19 17:22:32'),
(1813, 1, 623, 'Amateur', 9, '2026-06-19 17:22:32'),
(1814, 1, 520, 'ASEAN Legend', 10, '2026-06-19 17:22:32'),
(1815, 1, 330, 'Expert', 1, '2026-06-19 17:22:32'),
(1816, 1, 256, 'Amateur', 2, '2026-06-19 17:22:32'),
(1817, 1, 40, 'Trained', 3, '2026-06-19 17:22:35'),
(1818, 1, 264, 'Amateur', 4, '2026-06-19 17:22:35'),
(1819, 1, 26, 'Trained', 5, '2026-06-19 17:22:35'),
(1820, 1, 265, 'Amateur', 6, '2026-06-19 17:22:35'),
(1821, 1, 21, 'Amateur', 7, '2026-06-19 17:22:35'),
(1822, 1, 26, 'Trained', 8, '2026-06-19 17:22:35'),
(1823, 1, 26, 'Trained', 9, '2026-06-19 17:22:35'),
(1824, 1, 534, 'ASEAN Legend', 10, '2026-06-19 17:22:35'),
(1825, 1, 40, 'Trained', 1, '2026-06-19 17:22:35'),
(1826, 1, 26, 'Trained', 2, '2026-06-19 17:22:35'),
(1827, 1, 297, 'Expert', 3, '2026-06-19 17:22:39'),
(1828, 1, 501, 'Amateur', 4, '2026-06-19 17:22:39'),
(1829, 1, 283, 'Amateur', 5, '2026-06-19 17:22:39'),
(1830, 1, 26, 'Trained', 6, '2026-06-19 17:22:39'),
(1831, 1, 26, 'Trained', 7, '2026-06-19 17:22:39'),
(1832, 1, 26, 'Trained', 8, '2026-06-19 17:22:39'),
(1833, 1, 394, 'Expert', 9, '2026-06-19 17:22:39'),
(1834, 1, 63, 'Expert', 10, '2026-06-19 17:22:39'),
(1835, 1, 257, 'Amateur', 1, '2026-06-19 17:22:39'),
(1836, 1, 267, 'Amateur', 2, '2026-06-19 17:22:39'),
(1837, 5, 644, 'Trained', 1, '2026-06-20 05:50:42'),
(1838, 5, 26, 'Trained', 2, '2026-06-20 05:52:10'),
(1839, 5, 40, 'Trained', 3, '2026-06-20 05:52:10'),
(1840, 5, 40, 'Trained', 4, '2026-06-20 05:52:10'),
(1841, 5, 40, 'Trained', 5, '2026-06-20 05:52:10'),
(1842, 5, 287, 'Amateur', 6, '2026-06-20 05:52:10'),
(1843, 5, 268, 'Amateur', 7, '2026-06-20 05:52:10'),
(1844, 5, 645, 'Amateur', 8, '2026-06-20 05:52:10'),
(1845, 5, 40, 'Trained', 9, '2026-06-20 05:52:10'),
(1846, 5, 103, 'Expert', 10, '2026-06-20 05:52:10'),
(1847, 5, 250, 'Amateur', 1, '2026-06-20 05:52:10'),
(1848, 5, 214, 'Legendary', 2, '2026-06-20 05:52:13'),
(1849, 5, 40, 'Trained', 3, '2026-06-20 05:52:13'),
(1850, 5, 117, 'Expert', 4, '2026-06-20 05:52:13'),
(1851, 5, 258, 'Amateur', 5, '2026-06-20 05:52:13'),
(1852, 5, 21, 'Amateur', 6, '2026-06-20 05:52:13'),
(1853, 5, 258, 'Amateur', 7, '2026-06-20 05:52:13'),
(1854, 5, 26, 'Trained', 8, '2026-06-20 05:52:13'),
(1855, 5, 252, 'Amateur', 9, '2026-06-20 05:52:13'),
(1856, 5, 172, 'Legendary', 10, '2026-06-20 05:52:13'),
(1857, 5, 268, 'Amateur', 1, '2026-06-20 05:52:13'),
(1858, 5, 145, 'Expert', 2, '2026-06-20 05:52:15'),
(1859, 5, 258, 'Amateur', 3, '2026-06-20 05:52:15'),
(1860, 5, 40, 'Trained', 4, '2026-06-20 05:52:15'),
(1861, 5, 185, 'Legendary', 5, '2026-06-20 05:52:15'),
(1862, 5, 40, 'Trained', 6, '2026-06-20 05:52:15'),
(1863, 5, 502, 'Amateur', 7, '2026-06-20 05:52:15'),
(1864, 5, 283, 'Amateur', 8, '2026-06-20 05:52:15'),
(1865, 5, 280, 'Amateur', 9, '2026-06-20 05:52:15'),
(1866, 5, 378, 'Expert', 10, '2026-06-20 05:52:15'),
(1867, 5, 646, 'Amateur', 1, '2026-06-20 05:52:15'),
(1868, 5, 252, 'Amateur', 2, '2026-06-20 05:52:18'),
(1869, 5, 255, 'Amateur', 3, '2026-06-20 05:52:18'),
(1870, 5, 256, 'Amateur', 4, '2026-06-20 05:52:18'),
(1871, 5, 647, 'Amateur', 5, '2026-06-20 05:52:18'),
(1872, 5, 254, 'Amateur', 6, '2026-06-20 05:52:18'),
(1873, 5, 40, 'Trained', 7, '2026-06-20 05:52:18'),
(1874, 5, 26, 'Trained', 8, '2026-06-20 05:52:18'),
(1875, 5, 648, 'Amateur', 9, '2026-06-20 05:52:18'),
(1876, 5, 98, 'Expert', 10, '2026-06-20 05:52:18'),
(1877, 5, 24, 'Amateur', 1, '2026-06-20 05:52:18'),
(1878, 5, 289, 'Amateur', 2, '2026-06-20 05:52:20'),
(1879, 5, 26, 'Trained', 3, '2026-06-20 05:52:20'),
(1880, 5, 405, 'Legendary', 4, '2026-06-20 05:52:20'),
(1881, 5, 259, 'Amateur', 5, '2026-06-20 05:52:20'),
(1882, 5, 263, 'Amateur', 6, '2026-06-20 05:52:20'),
(1883, 5, 51, 'Expert', 7, '2026-06-20 05:52:20'),
(1884, 5, 40, 'Trained', 8, '2026-06-20 05:52:20'),
(1885, 5, 40, 'Trained', 9, '2026-06-20 05:52:20'),
(1886, 5, 390, 'Expert', 10, '2026-06-20 05:52:20'),
(1887, 5, 266, 'Amateur', 1, '2026-06-20 05:52:20'),
(1888, 5, 258, 'Amateur', 2, '2026-06-20 05:52:22'),
(1889, 5, 43, 'Amateur', 3, '2026-06-20 05:52:22'),
(1890, 5, 26, 'Trained', 4, '2026-06-20 05:52:22'),
(1891, 5, 43, 'Amateur', 5, '2026-06-20 05:52:22'),
(1892, 5, 40, 'Trained', 6, '2026-06-20 05:52:22'),
(1893, 5, 40, 'Trained', 7, '2026-06-20 05:52:22'),
(1894, 5, 26, 'Trained', 8, '2026-06-20 05:52:22'),
(1895, 5, 267, 'Amateur', 9, '2026-06-20 05:52:22'),
(1896, 5, 468, 'Legendary', 10, '2026-06-20 05:52:22'),
(1897, 5, 261, 'Amateur', 1, '2026-06-20 05:52:22'),
(1898, 5, 26, 'Trained', 2, '2026-06-20 05:52:24'),
(1899, 5, 500, 'Amateur', 3, '2026-06-20 05:52:24'),
(1900, 5, 26, 'Trained', 4, '2026-06-20 05:52:24'),
(1901, 5, 260, 'Amateur', 5, '2026-06-20 05:52:24'),
(1902, 5, 265, 'Amateur', 6, '2026-06-20 05:52:24'),
(1903, 5, 266, 'Amateur', 7, '2026-06-20 05:52:24'),
(1904, 5, 40, 'Trained', 8, '2026-06-20 05:52:24'),
(1905, 5, 26, 'Trained', 9, '2026-06-20 05:52:24'),
(1906, 5, 385, 'Expert', 10, '2026-06-20 05:52:24'),
(1907, 5, 79, 'Expert', 1, '2026-06-20 05:52:24'),
(1908, 5, 501, 'Amateur', 2, '2026-06-20 05:52:26'),
(1909, 5, 40, 'Trained', 3, '2026-06-20 05:52:26'),
(1910, 5, 251, 'Amateur', 4, '2026-06-20 05:52:26'),
(1911, 5, 40, 'Trained', 5, '2026-06-20 05:52:26'),
(1912, 5, 253, 'Amateur', 6, '2026-06-20 05:52:26'),
(1913, 5, 250, 'Amateur', 7, '2026-06-20 05:52:26'),
(1914, 5, 649, 'Amateur', 8, '2026-06-20 05:52:26'),
(1915, 5, 266, 'Amateur', 9, '2026-06-20 05:52:26'),
(1916, 5, 420, 'Legendary', 10, '2026-06-20 05:52:26'),
(1917, 5, 289, 'Amateur', 1, '2026-06-20 05:52:26'),
(1918, 5, 264, 'Amateur', 2, '2026-06-20 05:52:28'),
(1919, 5, 40, 'Trained', 3, '2026-06-20 05:52:28'),
(1920, 5, 26, 'Trained', 4, '2026-06-20 05:52:28'),
(1921, 5, 650, 'Amateur', 5, '2026-06-20 05:52:28'),
(1922, 5, 20, 'Amateur', 6, '2026-06-20 05:52:28'),
(1923, 5, 26, 'Trained', 7, '2026-06-20 05:52:28'),
(1924, 5, 267, 'Amateur', 8, '2026-06-20 05:52:28'),
(1925, 5, 40, 'Trained', 9, '2026-06-20 05:52:28'),
(1926, 5, 498, 'Legendary', 10, '2026-06-20 05:52:28'),
(1927, 5, 250, 'Amateur', 1, '2026-06-20 05:52:28'),
(1928, 5, 288, 'Amateur', 2, '2026-06-20 05:52:30'),
(1929, 5, 19, 'Amateur', 3, '2026-06-20 05:52:30'),
(1930, 5, 43, 'Amateur', 4, '2026-06-20 05:52:30'),
(1931, 5, 253, 'Amateur', 5, '2026-06-20 05:52:30'),
(1932, 5, 26, 'Trained', 6, '2026-06-20 05:52:30'),
(1933, 5, 40, 'Trained', 7, '2026-06-20 05:52:30'),
(1934, 5, 253, 'Amateur', 8, '2026-06-20 05:52:30'),
(1935, 5, 251, 'Amateur', 9, '2026-06-20 05:52:30'),
(1936, 5, 517, 'ASEAN Legend', 10, '2026-06-20 05:52:30'),
(1937, 5, 500, 'Amateur', 1, '2026-06-20 05:52:30'),
(1938, 5, 265, 'Amateur', 2, '2026-06-20 05:52:31'),
(1939, 5, 40, 'Trained', 3, '2026-06-20 05:52:31'),
(1940, 5, 255, 'Amateur', 4, '2026-06-20 05:52:31'),
(1941, 5, 261, 'Amateur', 5, '2026-06-20 05:52:31'),
(1942, 5, 40, 'Trained', 6, '2026-06-20 05:52:31'),
(1943, 5, 382, 'Expert', 7, '2026-06-20 05:52:31'),
(1944, 5, 258, 'Amateur', 8, '2026-06-20 05:52:31'),
(1945, 5, 40, 'Trained', 9, '2026-06-20 05:52:31'),
(1946, 5, 454, 'Legendary', 10, '2026-06-20 05:52:31'),
(1947, 5, 40, 'Trained', 1, '2026-06-20 05:52:31'),
(1948, 5, 282, 'Amateur', 2, '2026-06-20 05:52:33'),
(1949, 5, 40, 'Trained', 3, '2026-06-20 05:52:33'),
(1950, 5, 40, 'Trained', 4, '2026-06-20 05:52:33'),
(1951, 5, 256, 'Amateur', 5, '2026-06-20 05:52:33'),
(1952, 5, 287, 'Amateur', 6, '2026-06-20 05:52:33'),
(1953, 5, 283, 'Amateur', 7, '2026-06-20 05:52:33'),
(1954, 5, 40, 'Trained', 8, '2026-06-20 05:52:33'),
(1955, 5, 286, 'Amateur', 9, '2026-06-20 05:52:33'),
(1956, 5, 335, 'Expert', 10, '2026-06-20 05:52:33'),
(1957, 5, 499, 'Amateur', 1, '2026-06-20 05:52:33'),
(1958, 5, 261, 'Amateur', 2, '2026-06-20 05:52:35'),
(1959, 5, 26, 'Trained', 3, '2026-06-20 05:52:35'),
(1960, 5, 288, 'Amateur', 4, '2026-06-20 05:52:35'),
(1961, 5, 26, 'Trained', 5, '2026-06-20 05:52:35'),
(1962, 5, 259, 'Amateur', 6, '2026-06-20 05:52:35'),
(1963, 5, 264, 'Amateur', 7, '2026-06-20 05:52:35'),
(1964, 5, 262, 'Amateur', 8, '2026-06-20 05:52:35'),
(1965, 5, 261, 'Amateur', 9, '2026-06-20 05:52:35'),
(1966, 5, 53, 'Expert', 10, '2026-06-20 05:52:35'),
(1967, 5, 26, 'Trained', 1, '2026-06-20 05:52:35'),
(1968, 5, 26, 'Trained', 2, '2026-06-20 05:52:37'),
(1969, 5, 40, 'Trained', 3, '2026-06-20 05:52:37'),
(1970, 5, 40, 'Trained', 4, '2026-06-20 05:52:37'),
(1971, 5, 250, 'Amateur', 5, '2026-06-20 05:52:37'),
(1972, 5, 40, 'Trained', 6, '2026-06-20 05:52:37'),
(1973, 5, 26, 'Trained', 7, '2026-06-20 05:52:37'),
(1974, 5, 292, 'Amateur', 8, '2026-06-20 05:52:37'),
(1975, 5, 26, 'Trained', 9, '2026-06-20 05:52:37'),
(1976, 5, 154, 'Legendary', 10, '2026-06-20 05:52:37'),
(1977, 5, 40, 'Trained', 1, '2026-06-20 05:52:37'),
(1978, 5, 170, 'Legendary', 2, '2026-06-20 05:52:39'),
(1979, 5, 366, 'Expert', 3, '2026-06-20 05:52:39'),
(1980, 5, 292, 'Amateur', 4, '2026-06-20 05:52:39'),
(1981, 5, 473, 'Legendary', 5, '2026-06-20 05:52:39'),
(1982, 5, 40, 'Trained', 6, '2026-06-20 05:52:39'),
(1983, 5, 329, 'Expert', 7, '2026-06-20 05:52:39'),
(1984, 5, 261, 'Amateur', 8, '2026-06-20 05:52:39'),
(1985, 5, 288, 'Amateur', 9, '2026-06-20 05:52:39'),
(1986, 5, 46, 'Expert', 10, '2026-06-20 05:52:39'),
(1987, 5, 261, 'Amateur', 1, '2026-06-20 05:52:39'),
(1988, 5, 40, 'Trained', 2, '2026-06-20 05:52:40'),
(1989, 5, 26, 'Trained', 3, '2026-06-20 05:52:40'),
(1990, 5, 20, 'Amateur', 4, '2026-06-20 05:52:40'),
(1991, 5, 282, 'Amateur', 5, '2026-06-20 05:52:40'),
(1992, 5, 40, 'Trained', 6, '2026-06-20 05:52:40'),
(1993, 5, 26, 'Trained', 7, '2026-06-20 05:52:40'),
(1994, 5, 258, 'Amateur', 8, '2026-06-20 05:52:40');
INSERT INTO `gacha_log` (`id`, `user_id`, `player_id`, `tier_result`, `pity_count`, `spun_at`) VALUES
(1995, 5, 26, 'Trained', 9, '2026-06-20 05:52:40'),
(1996, 5, 232, 'Legendary', 10, '2026-06-20 05:52:40'),
(1997, 5, 26, 'Trained', 1, '2026-06-20 05:52:40'),
(1998, 5, 26, 'Trained', 2, '2026-06-20 05:52:42'),
(1999, 5, 22, 'Amateur', 3, '2026-06-20 05:52:42'),
(2000, 5, 26, 'Trained', 4, '2026-06-20 05:52:42'),
(2001, 5, 266, 'Amateur', 5, '2026-06-20 05:52:42'),
(2002, 5, 257, 'Amateur', 6, '2026-06-20 05:52:42'),
(2003, 5, 26, 'Trained', 7, '2026-06-20 05:52:42'),
(2004, 5, 20, 'Amateur', 8, '2026-06-20 05:52:42'),
(2005, 5, 261, 'Amateur', 9, '2026-06-20 05:52:42'),
(2006, 5, 315, 'Expert', 10, '2026-06-20 05:52:42'),
(2007, 5, 289, 'Amateur', 1, '2026-06-20 05:52:42'),
(2008, 5, 266, 'Amateur', 2, '2026-06-20 05:57:38'),
(2009, 5, 24, 'Amateur', 3, '2026-06-20 05:57:38'),
(2010, 5, 258, 'Amateur', 4, '2026-06-20 05:57:38'),
(2011, 5, 26, 'Trained', 5, '2026-06-20 05:57:38'),
(2012, 5, 26, 'Trained', 6, '2026-06-20 05:57:38'),
(2013, 5, 26, 'Trained', 7, '2026-06-20 05:57:38'),
(2014, 5, 280, 'Amateur', 8, '2026-06-20 05:57:38'),
(2015, 5, 26, 'Trained', 9, '2026-06-20 05:57:38'),
(2016, 5, 310, 'Expert', 10, '2026-06-20 05:57:38'),
(2017, 5, 651, 'Amateur', 1, '2026-06-20 05:57:38'),
(2018, 5, 20, 'Amateur', 2, '2026-06-20 05:57:42'),
(2019, 5, 40, 'Trained', 3, '2026-06-20 05:57:42'),
(2020, 5, 290, 'Amateur', 4, '2026-06-20 05:57:42'),
(2021, 5, 265, 'Amateur', 5, '2026-06-20 05:57:42'),
(2022, 5, 40, 'Trained', 6, '2026-06-20 05:57:42'),
(2023, 5, 40, 'Trained', 7, '2026-06-20 05:57:42'),
(2024, 5, 26, 'Trained', 8, '2026-06-20 05:57:42'),
(2025, 5, 40, 'Trained', 9, '2026-06-20 05:57:42'),
(2026, 5, 438, 'Legendary', 10, '2026-06-20 05:57:42'),
(2027, 5, 26, 'Trained', 1, '2026-06-20 05:57:42'),
(2028, 5, 500, 'Amateur', 2, '2026-06-20 05:57:44'),
(2029, 5, 289, 'Amateur', 3, '2026-06-20 05:57:44'),
(2030, 5, 259, 'Amateur', 4, '2026-06-20 05:57:44'),
(2031, 5, 255, 'Amateur', 5, '2026-06-20 05:57:44'),
(2032, 5, 40, 'Trained', 6, '2026-06-20 05:57:44'),
(2033, 5, 20, 'Amateur', 7, '2026-06-20 05:57:44'),
(2034, 5, 288, 'Amateur', 8, '2026-06-20 05:57:44'),
(2035, 5, 26, 'Trained', 9, '2026-06-20 05:57:44'),
(2036, 5, 320, 'Expert', 10, '2026-06-20 05:57:44'),
(2037, 5, 26, 'Trained', 1, '2026-06-20 05:57:44'),
(2038, 5, 26, 'Trained', 2, '2026-06-20 05:57:46'),
(2039, 5, 283, 'Amateur', 3, '2026-06-20 05:57:46'),
(2040, 5, 267, 'Amateur', 4, '2026-06-20 05:57:46'),
(2041, 5, 290, 'Amateur', 5, '2026-06-20 05:57:46'),
(2042, 5, 260, 'Amateur', 6, '2026-06-20 05:57:46'),
(2043, 5, 26, 'Trained', 7, '2026-06-20 05:57:46'),
(2044, 5, 251, 'Amateur', 8, '2026-06-20 05:57:46'),
(2045, 5, 40, 'Trained', 9, '2026-06-20 05:57:46'),
(2046, 5, 352, 'Expert', 10, '2026-06-20 05:57:46'),
(2047, 5, 481, 'Legendary', 1, '2026-06-20 05:57:46'),
(2048, 1, 255, 'Amateur', 3, '2026-06-20 06:03:56'),
(2049, 1, 40, 'Trained', 4, '2026-06-20 06:03:56'),
(2050, 1, 26, 'Trained', 5, '2026-06-20 06:03:56'),
(2051, 1, 21, 'Amateur', 6, '2026-06-20 06:03:56'),
(2052, 1, 40, 'Trained', 7, '2026-06-20 06:03:56'),
(2053, 1, 261, 'Amateur', 8, '2026-06-20 06:03:56'),
(2054, 1, 26, 'Trained', 9, '2026-06-20 06:03:56'),
(2055, 1, 528, 'ASEAN Legend', 10, '2026-06-20 06:03:56'),
(2056, 1, 264, 'Amateur', 1, '2026-06-20 06:03:56'),
(2057, 1, 26, 'Trained', 2, '2026-06-20 06:03:56'),
(2058, 1, 256, 'Amateur', 3, '2026-06-20 06:03:58'),
(2059, 1, 26, 'Trained', 4, '2026-06-20 06:03:58'),
(2060, 1, 26, 'Trained', 5, '2026-06-20 06:03:58'),
(2061, 1, 40, 'Trained', 6, '2026-06-20 06:03:58'),
(2062, 1, 26, 'Trained', 7, '2026-06-20 06:03:58'),
(2063, 1, 250, 'Amateur', 8, '2026-06-20 06:03:58'),
(2064, 1, 250, 'Amateur', 9, '2026-06-20 06:03:58'),
(2065, 1, 533, 'ASEAN Legend', 10, '2026-06-20 06:03:58'),
(2066, 1, 26, 'Trained', 1, '2026-06-20 06:03:58'),
(2067, 1, 26, 'Trained', 2, '2026-06-20 06:03:58'),
(2068, 1, 21, 'Amateur', 3, '2026-06-20 06:03:59'),
(2069, 1, 26, 'Trained', 4, '2026-06-20 06:03:59'),
(2070, 1, 26, 'Trained', 5, '2026-06-20 06:03:59'),
(2071, 1, 40, 'Trained', 6, '2026-06-20 06:03:59'),
(2072, 1, 26, 'Trained', 7, '2026-06-20 06:03:59'),
(2073, 1, 26, 'Trained', 8, '2026-06-20 06:03:59'),
(2074, 1, 319, 'Expert', 9, '2026-06-20 06:03:59'),
(2075, 1, 303, 'Expert', 10, '2026-06-20 06:03:59'),
(2076, 1, 26, 'Trained', 1, '2026-06-20 06:03:59'),
(2077, 1, 40, 'Trained', 2, '2026-06-20 06:03:59'),
(2078, 1, 26, 'Trained', 3, '2026-06-20 06:04:01'),
(2079, 1, 40, 'Trained', 4, '2026-06-20 06:04:01'),
(2080, 1, 26, 'Trained', 5, '2026-06-20 06:04:01'),
(2081, 1, 269, 'Amateur', 6, '2026-06-20 06:04:01'),
(2082, 1, 26, 'Trained', 7, '2026-06-20 06:04:01'),
(2083, 1, 40, 'Trained', 8, '2026-06-20 06:04:01'),
(2084, 1, 113, 'Expert', 9, '2026-06-20 06:04:01'),
(2085, 1, 353, 'Expert', 10, '2026-06-20 06:04:01'),
(2086, 1, 137, 'Expert', 1, '2026-06-20 06:04:01'),
(2087, 1, 40, 'Trained', 2, '2026-06-20 06:04:01'),
(2088, 1, 40, 'Trained', 3, '2026-06-20 06:04:02'),
(2089, 1, 40, 'Trained', 4, '2026-06-20 06:04:02'),
(2090, 1, 40, 'Trained', 5, '2026-06-20 06:04:02'),
(2091, 1, 289, 'Amateur', 6, '2026-06-20 06:04:02'),
(2092, 1, 26, 'Trained', 7, '2026-06-20 06:04:02'),
(2093, 1, 269, 'Amateur', 8, '2026-06-20 06:04:02'),
(2094, 1, 40, 'Trained', 9, '2026-06-20 06:04:02'),
(2095, 1, 516, 'ASEAN Legend', 10, '2026-06-20 06:04:02'),
(2096, 1, 255, 'Amateur', 1, '2026-06-20 06:04:02'),
(2097, 1, 252, 'Amateur', 2, '2026-06-20 06:04:02'),
(2098, 1, 264, 'Amateur', 3, '2026-06-20 06:04:04'),
(2099, 1, 290, 'Amateur', 4, '2026-06-20 06:04:04'),
(2100, 1, 260, 'Amateur', 5, '2026-06-20 06:04:04'),
(2101, 1, 43, 'Amateur', 6, '2026-06-20 06:04:04'),
(2102, 1, 269, 'Amateur', 7, '2026-06-20 06:04:04'),
(2103, 1, 500, 'Amateur', 8, '2026-06-20 06:04:04'),
(2104, 1, 40, 'Trained', 9, '2026-06-20 06:04:04'),
(2105, 1, 94, 'Expert', 10, '2026-06-20 06:04:04'),
(2106, 1, 24, 'Amateur', 1, '2026-06-20 06:04:04'),
(2107, 1, 40, 'Trained', 2, '2026-06-20 06:04:04'),
(2108, 1, 24, 'Amateur', 3, '2026-06-20 06:04:05'),
(2109, 1, 252, 'Amateur', 4, '2026-06-20 06:04:05'),
(2110, 1, 653, 'Amateur', 5, '2026-06-20 06:04:05'),
(2111, 1, 26, 'Trained', 6, '2026-06-20 06:04:05'),
(2112, 1, 280, 'Amateur', 7, '2026-06-20 06:04:05'),
(2113, 1, 26, 'Trained', 8, '2026-06-20 06:04:05'),
(2114, 1, 40, 'Trained', 9, '2026-06-20 06:04:05'),
(2115, 1, 142, 'Expert', 10, '2026-06-20 06:04:05'),
(2116, 1, 261, 'Amateur', 1, '2026-06-20 06:04:05'),
(2117, 1, 257, 'Amateur', 2, '2026-06-20 06:04:05'),
(2118, 1, 40, 'Trained', 3, '2026-06-20 06:04:07'),
(2119, 1, 269, 'Amateur', 4, '2026-06-20 06:04:07'),
(2120, 1, 40, 'Trained', 5, '2026-06-20 06:04:07'),
(2121, 1, 43, 'Amateur', 6, '2026-06-20 06:04:07'),
(2122, 1, 255, 'Amateur', 7, '2026-06-20 06:04:07'),
(2123, 1, 26, 'Trained', 8, '2026-06-20 06:04:07'),
(2124, 1, 40, 'Trained', 9, '2026-06-20 06:04:07'),
(2125, 1, 368, 'Expert', 10, '2026-06-20 06:04:07'),
(2126, 1, 26, 'Trained', 1, '2026-06-20 06:04:07'),
(2127, 1, 500, 'Amateur', 2, '2026-06-20 06:04:07'),
(2128, 1, 290, 'Amateur', 3, '2026-06-20 06:04:08'),
(2129, 1, 265, 'Amateur', 4, '2026-06-20 06:04:08'),
(2130, 1, 265, 'Amateur', 5, '2026-06-20 06:04:08'),
(2131, 1, 40, 'Trained', 6, '2026-06-20 06:04:08'),
(2132, 1, 287, 'Amateur', 7, '2026-06-20 06:04:08'),
(2133, 1, 654, 'Amateur', 8, '2026-06-20 06:04:08'),
(2134, 1, 286, 'Amateur', 9, '2026-06-20 06:04:08'),
(2135, 1, 141, 'Expert', 10, '2026-06-20 06:04:08'),
(2136, 1, 40, 'Trained', 1, '2026-06-20 06:04:08'),
(2137, 1, 62, 'Expert', 2, '2026-06-20 06:04:08'),
(2138, 1, 26, 'Trained', 3, '2026-06-20 06:04:09'),
(2139, 1, 40, 'Trained', 4, '2026-06-20 06:04:09'),
(2140, 1, 333, 'Expert', 5, '2026-06-20 06:04:09'),
(2141, 1, 40, 'Trained', 6, '2026-06-20 06:04:09'),
(2142, 1, 655, 'Amateur', 7, '2026-06-20 06:04:09'),
(2143, 1, 40, 'Trained', 8, '2026-06-20 06:04:09'),
(2144, 1, 256, 'Amateur', 9, '2026-06-20 06:04:09'),
(2145, 1, 122, 'Expert', 10, '2026-06-20 06:04:09'),
(2146, 1, 26, 'Trained', 1, '2026-06-20 06:04:09'),
(2147, 1, 345, 'Expert', 2, '2026-06-20 06:04:09'),
(2148, 1, 280, 'Amateur', 3, '2026-06-20 06:04:10'),
(2149, 1, 40, 'Trained', 4, '2026-06-20 06:04:10'),
(2150, 1, 254, 'Amateur', 5, '2026-06-20 06:04:10'),
(2151, 1, 74, 'Expert', 6, '2026-06-20 06:04:10'),
(2152, 1, 290, 'Amateur', 7, '2026-06-20 06:04:10'),
(2153, 1, 40, 'Trained', 8, '2026-06-20 06:04:10'),
(2154, 1, 262, 'Amateur', 9, '2026-06-20 06:04:10'),
(2155, 1, 56, 'Expert', 10, '2026-06-20 06:04:10'),
(2156, 1, 499, 'Amateur', 1, '2026-06-20 06:04:10'),
(2157, 1, 26, 'Trained', 2, '2026-06-20 06:04:10'),
(2158, 1, 20, 'Amateur', 3, '2026-06-20 06:04:15'),
(2159, 1, 20, 'Amateur', 4, '2026-06-20 06:04:16'),
(2160, 1, 38, 'Amateur', 5, '2026-06-20 06:04:17'),
(2161, 2, 656, 'Trained', 3, '2026-06-20 09:57:24'),
(2162, 2, 292, 'Amateur', 4, '2026-06-20 09:57:24'),
(2163, 2, 254, 'Amateur', 5, '2026-06-20 09:57:24'),
(2164, 2, 259, 'Amateur', 6, '2026-06-20 09:57:24'),
(2165, 2, 255, 'Amateur', 7, '2026-06-20 09:57:24'),
(2166, 2, 40, 'Trained', 8, '2026-06-20 09:57:24'),
(2167, 2, 40, 'Trained', 9, '2026-06-20 09:57:24'),
(2168, 2, 109, 'Expert', 10, '2026-06-20 09:57:24'),
(2169, 2, 147, 'Legendary', 1, '2026-06-20 09:57:24'),
(2170, 2, 26, 'Trained', 2, '2026-06-20 09:57:24'),
(2171, 2, 288, 'Amateur', 3, '2026-06-20 09:57:28'),
(2172, 2, 40, 'Trained', 4, '2026-06-20 09:57:28'),
(2173, 2, 40, 'Trained', 5, '2026-06-20 09:57:28'),
(2174, 2, 38, 'Amateur', 6, '2026-06-20 09:57:28'),
(2175, 2, 452, 'Legendary', 7, '2026-06-20 09:57:28'),
(2176, 2, 26, 'Trained', 8, '2026-06-20 09:57:28'),
(2177, 2, 268, 'Amateur', 9, '2026-06-20 09:57:28'),
(2178, 2, 535, 'ASEAN Legend', 10, '2026-06-20 09:57:28'),
(2179, 2, 23, 'Amateur', 1, '2026-06-20 09:57:28'),
(2180, 2, 251, 'Amateur', 2, '2026-06-20 09:57:28'),
(2181, 2, 40, 'Trained', 3, '2026-06-20 09:57:30'),
(2182, 2, 502, 'Amateur', 4, '2026-06-20 09:57:30'),
(2183, 2, 344, 'Expert', 5, '2026-06-20 09:57:30'),
(2184, 2, 26, 'Trained', 6, '2026-06-20 09:57:30'),
(2185, 2, 40, 'Trained', 7, '2026-06-20 09:57:30'),
(2186, 2, 40, 'Trained', 8, '2026-06-20 09:57:30'),
(2187, 2, 40, 'Trained', 9, '2026-06-20 09:57:30'),
(2188, 2, 129, 'Expert', 10, '2026-06-20 09:57:30'),
(2189, 2, 179, 'Legendary', 1, '2026-06-20 09:57:30'),
(2190, 2, 283, 'Amateur', 2, '2026-06-20 09:57:30'),
(2191, 2, 289, 'Amateur', 3, '2026-06-20 09:57:32'),
(2192, 2, 68, 'Expert', 4, '2026-06-20 09:57:32'),
(2193, 2, 253, 'Amateur', 5, '2026-06-20 09:57:32'),
(2194, 2, 267, 'Amateur', 6, '2026-06-20 09:57:32'),
(2195, 2, 22, 'Amateur', 7, '2026-06-20 09:57:32'),
(2196, 2, 40, 'Trained', 8, '2026-06-20 09:57:32'),
(2197, 2, 26, 'Trained', 9, '2026-06-20 09:57:32'),
(2198, 2, 518, 'ASEAN Legend', 10, '2026-06-20 09:57:32'),
(2199, 2, 40, 'Trained', 1, '2026-06-20 09:57:32'),
(2200, 2, 258, 'Amateur', 2, '2026-06-20 09:57:32'),
(2201, 2, 40, 'Trained', 3, '2026-06-20 19:21:23'),
(2202, 2, 251, 'Amateur', 4, '2026-06-20 19:21:23'),
(2203, 2, 262, 'Amateur', 5, '2026-06-20 19:21:23'),
(2204, 2, 40, 'Trained', 6, '2026-06-20 19:21:23'),
(2205, 2, 40, 'Trained', 7, '2026-06-20 19:21:23'),
(2206, 2, 261, 'Amateur', 8, '2026-06-20 19:21:23'),
(2207, 2, 40, 'Trained', 9, '2026-06-20 19:21:23'),
(2208, 2, 532, 'ASEAN Legend', 10, '2026-06-20 19:21:23'),
(2209, 2, 26, 'Trained', 1, '2026-06-20 19:21:23'),
(2210, 2, 26, 'Trained', 2, '2026-06-20 19:21:23'),
(2211, 2, 290, 'Amateur', 3, '2026-06-20 19:21:26'),
(2212, 2, 26, 'Trained', 4, '2026-06-20 19:21:26'),
(2213, 2, 266, 'Amateur', 5, '2026-06-20 19:21:26'),
(2214, 2, 427, 'Legendary', 6, '2026-06-20 19:21:26'),
(2215, 2, 26, 'Trained', 7, '2026-06-20 19:21:26'),
(2216, 2, 24, 'Amateur', 8, '2026-06-20 19:21:26'),
(2217, 2, 40, 'Trained', 9, '2026-06-20 19:21:26'),
(2218, 2, 298, 'Expert', 10, '2026-06-20 19:21:26'),
(2219, 2, 258, 'Amateur', 1, '2026-06-20 19:21:26'),
(2220, 2, 263, 'Amateur', 2, '2026-06-20 19:21:26'),
(2221, 2, 253, 'Amateur', 3, '2026-06-20 19:21:28'),
(2222, 2, 26, 'Trained', 4, '2026-06-20 19:21:28'),
(2223, 2, 501, 'Amateur', 5, '2026-06-20 19:21:28'),
(2224, 2, 26, 'Trained', 6, '2026-06-20 19:21:28'),
(2225, 2, 288, 'Amateur', 7, '2026-06-20 19:21:28'),
(2226, 2, 257, 'Amateur', 8, '2026-06-20 19:21:28'),
(2227, 2, 269, 'Amateur', 9, '2026-06-20 19:21:28'),
(2228, 2, 65, 'Expert', 10, '2026-06-20 19:21:28'),
(2229, 2, 26, 'Trained', 1, '2026-06-20 19:21:28'),
(2230, 2, 501, 'Amateur', 2, '2026-06-20 19:21:28'),
(2231, 2, 40, 'Trained', 3, '2026-06-20 19:21:31'),
(2232, 2, 256, 'Amateur', 4, '2026-06-20 19:21:31'),
(2233, 2, 26, 'Trained', 5, '2026-06-20 19:21:31'),
(2234, 2, 26, 'Trained', 6, '2026-06-20 19:21:31'),
(2235, 2, 253, 'Amateur', 7, '2026-06-20 19:21:31'),
(2236, 2, 287, 'Amateur', 8, '2026-06-20 19:21:31'),
(2237, 2, 20, 'Amateur', 9, '2026-06-20 19:21:31'),
(2238, 2, 111, 'Expert', 10, '2026-06-20 19:21:31'),
(2239, 2, 26, 'Trained', 1, '2026-06-20 19:21:31'),
(2240, 2, 262, 'Amateur', 2, '2026-06-20 19:21:31'),
(2241, 2, 332, 'Expert', 3, '2026-06-20 19:21:32'),
(2242, 2, 268, 'Amateur', 4, '2026-06-20 19:21:32'),
(2243, 2, 40, 'Trained', 5, '2026-06-20 19:21:32'),
(2244, 2, 40, 'Trained', 6, '2026-06-20 19:21:32'),
(2245, 2, 26, 'Trained', 7, '2026-06-20 19:21:32'),
(2246, 2, 23, 'Amateur', 8, '2026-06-20 19:21:33'),
(2247, 2, 26, 'Trained', 9, '2026-06-20 19:21:33'),
(2248, 2, 66, 'Expert', 10, '2026-06-20 19:21:33'),
(2249, 2, 40, 'Trained', 1, '2026-06-20 19:21:33'),
(2250, 2, 231, 'Legendary', 2, '2026-06-20 19:21:33'),
(2251, 2, 26, 'Trained', 3, '2026-06-20 19:21:34'),
(2252, 2, 26, 'Trained', 4, '2026-06-20 19:21:34'),
(2253, 2, 40, 'Trained', 5, '2026-06-20 19:21:34'),
(2254, 2, 250, 'Amateur', 6, '2026-06-20 19:21:34'),
(2255, 2, 501, 'Amateur', 7, '2026-06-20 19:21:34'),
(2256, 2, 258, 'Amateur', 8, '2026-06-20 19:21:34'),
(2257, 2, 371, 'Expert', 9, '2026-06-20 19:21:34'),
(2258, 2, 146, 'Legendary', 10, '2026-06-20 19:21:34'),
(2259, 2, 500, 'Amateur', 1, '2026-06-20 19:21:34'),
(2260, 2, 399, 'Legendary', 2, '2026-06-20 19:21:34'),
(2261, 2, 40, 'Trained', 3, '2026-06-20 19:21:36'),
(2262, 2, 221, 'Legendary', 4, '2026-06-20 19:21:36'),
(2263, 2, 19, 'Amateur', 5, '2026-06-20 19:21:36'),
(2264, 2, 40, 'Trained', 6, '2026-06-20 19:21:36'),
(2265, 2, 265, 'Amateur', 7, '2026-06-20 19:21:36'),
(2266, 2, 263, 'Amateur', 8, '2026-06-20 19:21:36'),
(2267, 2, 40, 'Trained', 9, '2026-06-20 19:21:36'),
(2268, 2, 411, 'Legendary', 10, '2026-06-20 19:21:36'),
(2269, 2, 40, 'Trained', 1, '2026-06-20 19:21:36'),
(2270, 2, 26, 'Trained', 2, '2026-06-20 19:21:36'),
(2271, 2, 40, 'Trained', 3, '2026-06-20 19:21:38'),
(2272, 2, 499, 'Amateur', 4, '2026-06-20 19:21:38'),
(2273, 2, 250, 'Amateur', 5, '2026-06-20 19:21:38'),
(2274, 2, 40, 'Trained', 6, '2026-06-20 19:21:38'),
(2275, 2, 264, 'Amateur', 7, '2026-06-20 19:21:38'),
(2276, 2, 26, 'Trained', 8, '2026-06-20 19:21:38'),
(2277, 2, 287, 'Amateur', 9, '2026-06-20 19:21:38'),
(2278, 2, 81, 'Expert', 10, '2026-06-20 19:21:38'),
(2279, 2, 286, 'Amateur', 1, '2026-06-20 19:21:38'),
(2280, 2, 289, 'Amateur', 2, '2026-06-20 19:21:38'),
(2281, 2, 26, 'Trained', 3, '2026-06-20 19:21:39'),
(2282, 2, 412, 'Legendary', 4, '2026-06-20 19:21:39'),
(2283, 2, 26, 'Trained', 5, '2026-06-20 19:21:39'),
(2284, 2, 40, 'Trained', 6, '2026-06-20 19:21:39'),
(2285, 2, 280, 'Amateur', 7, '2026-06-20 19:21:39'),
(2286, 2, 26, 'Trained', 8, '2026-06-20 19:21:39'),
(2287, 2, 40, 'Trained', 9, '2026-06-20 19:21:39'),
(2288, 2, 377, 'Expert', 10, '2026-06-20 19:21:39'),
(2289, 2, 22, 'Amateur', 1, '2026-06-20 19:21:39'),
(2290, 2, 40, 'Trained', 2, '2026-06-20 19:21:39'),
(2291, 2, 501, 'Amateur', 3, '2026-06-20 19:21:41'),
(2292, 2, 268, 'Amateur', 4, '2026-06-20 19:21:41'),
(2293, 2, 24, 'Amateur', 5, '2026-06-20 19:21:41'),
(2294, 2, 40, 'Trained', 6, '2026-06-20 19:21:41'),
(2295, 2, 26, 'Trained', 7, '2026-06-20 19:21:41'),
(2296, 2, 296, 'Expert', 8, '2026-06-20 19:21:41'),
(2297, 2, 100, 'Expert', 9, '2026-06-20 19:21:41'),
(2298, 2, 57, 'Expert', 10, '2026-06-20 19:21:41'),
(2299, 2, 85, 'Expert', 1, '2026-06-20 19:21:41'),
(2300, 2, 491, 'Legendary', 2, '2026-06-20 19:21:41'),
(2301, 2, 500, 'Amateur', 3, '2026-06-20 19:21:42'),
(2302, 2, 267, 'Amateur', 4, '2026-06-20 19:21:42'),
(2303, 2, 261, 'Amateur', 5, '2026-06-20 19:21:42'),
(2304, 2, 289, 'Amateur', 6, '2026-06-20 19:21:42'),
(2305, 2, 250, 'Amateur', 7, '2026-06-20 19:21:42'),
(2306, 2, 252, 'Amateur', 8, '2026-06-20 19:21:42'),
(2307, 2, 264, 'Amateur', 9, '2026-06-20 19:21:42'),
(2308, 2, 222, 'Legendary', 10, '2026-06-20 19:21:42'),
(2309, 2, 26, 'Trained', 1, '2026-06-20 19:21:42'),
(2310, 2, 318, 'Expert', 2, '2026-06-20 19:21:42'),
(2311, 2, 22, 'Amateur', 3, '2026-06-20 19:21:44'),
(2312, 2, 19, 'Amateur', 4, '2026-06-20 19:21:44'),
(2313, 2, 260, 'Amateur', 5, '2026-06-20 19:21:44'),
(2314, 2, 26, 'Trained', 6, '2026-06-20 19:21:44'),
(2315, 2, 250, 'Amateur', 7, '2026-06-20 19:21:44'),
(2316, 2, 26, 'Trained', 8, '2026-06-20 19:21:44'),
(2317, 2, 105, 'Expert', 9, '2026-06-20 19:21:44'),
(2318, 2, 87, 'Expert', 10, '2026-06-20 19:21:44'),
(2319, 2, 180, 'Legendary', 1, '2026-06-20 19:21:44'),
(2320, 2, 288, 'Amateur', 2, '2026-06-20 19:21:44'),
(2321, 2, 268, 'Amateur', 3, '2026-06-20 19:21:46'),
(2322, 2, 259, 'Amateur', 4, '2026-06-20 19:21:46'),
(2323, 2, 40, 'Trained', 5, '2026-06-20 19:21:46'),
(2324, 2, 43, 'Amateur', 6, '2026-06-20 19:21:46'),
(2325, 2, 261, 'Amateur', 7, '2026-06-20 19:21:46'),
(2326, 2, 38, 'Amateur', 8, '2026-06-20 19:21:46'),
(2327, 2, 26, 'Trained', 9, '2026-06-20 19:21:46'),
(2328, 2, 536, 'ASEAN Legend', 10, '2026-06-20 19:21:46'),
(2329, 2, 26, 'Trained', 1, '2026-06-20 19:21:46'),
(2330, 2, 283, 'Amateur', 2, '2026-06-20 19:21:46'),
(2331, 2, 259, 'Amateur', 3, '2026-06-20 19:21:47'),
(2332, 2, 26, 'Trained', 4, '2026-06-20 19:21:47'),
(2333, 2, 263, 'Amateur', 5, '2026-06-20 19:21:47'),
(2334, 2, 40, 'Trained', 6, '2026-06-20 19:21:47'),
(2335, 2, 285, 'Amateur', 7, '2026-06-20 19:21:47'),
(2336, 2, 40, 'Trained', 8, '2026-06-20 19:21:47'),
(2337, 2, 261, 'Amateur', 9, '2026-06-20 19:21:47'),
(2338, 2, 522, 'ASEAN Legend', 10, '2026-06-20 19:21:47'),
(2339, 2, 26, 'Trained', 1, '2026-06-20 19:21:47'),
(2340, 2, 253, 'Amateur', 2, '2026-06-20 19:21:47'),
(2341, 2, 280, 'Amateur', 3, '2026-06-20 19:21:49'),
(2342, 2, 40, 'Trained', 4, '2026-06-20 19:21:49'),
(2343, 2, 26, 'Trained', 5, '2026-06-20 19:21:49'),
(2344, 2, 258, 'Amateur', 6, '2026-06-20 19:21:49'),
(2345, 2, 502, 'Amateur', 7, '2026-06-20 19:21:49'),
(2346, 2, 257, 'Amateur', 8, '2026-06-20 19:21:49'),
(2347, 2, 269, 'Amateur', 9, '2026-06-20 19:21:49'),
(2348, 2, 326, 'Expert', 10, '2026-06-20 19:21:49'),
(2349, 2, 40, 'Trained', 1, '2026-06-20 19:21:49'),
(2350, 2, 500, 'Amateur', 2, '2026-06-20 19:21:49'),
(2351, 2, 40, 'Trained', 3, '2026-06-20 19:21:51'),
(2352, 2, 287, 'Amateur', 4, '2026-06-20 19:21:51'),
(2353, 2, 40, 'Trained', 5, '2026-06-20 19:21:51'),
(2354, 2, 285, 'Amateur', 6, '2026-06-20 19:21:51'),
(2355, 2, 26, 'Trained', 7, '2026-06-20 19:21:51'),
(2356, 2, 263, 'Amateur', 8, '2026-06-20 19:21:51'),
(2357, 2, 262, 'Amateur', 9, '2026-06-20 19:21:51'),
(2358, 2, 365, 'Expert', 10, '2026-06-20 19:21:51'),
(2359, 2, 251, 'Amateur', 1, '2026-06-20 19:21:51'),
(2360, 2, 40, 'Trained', 2, '2026-06-20 19:21:51'),
(2361, 2, 22, 'Amateur', 3, '2026-06-20 19:21:54'),
(2362, 2, 40, 'Trained', 4, '2026-06-20 19:21:54'),
(2363, 2, 251, 'Amateur', 5, '2026-06-20 19:21:54'),
(2364, 2, 501, 'Amateur', 6, '2026-06-20 19:21:54'),
(2365, 2, 26, 'Trained', 7, '2026-06-20 19:21:54'),
(2366, 2, 26, 'Trained', 8, '2026-06-20 19:21:54'),
(2367, 2, 40, 'Trained', 9, '2026-06-20 19:21:54'),
(2368, 2, 386, 'Expert', 10, '2026-06-20 19:21:54'),
(2369, 2, 40, 'Trained', 1, '2026-06-20 19:21:54'),
(2370, 2, 26, 'Trained', 2, '2026-06-20 19:21:54'),
(2371, 2, 346, 'Expert', 3, '2026-06-20 19:21:56'),
(2372, 2, 40, 'Trained', 4, '2026-06-20 19:21:56'),
(2373, 2, 269, 'Amateur', 5, '2026-06-20 19:21:56'),
(2374, 2, 40, 'Trained', 6, '2026-06-20 19:21:56'),
(2375, 2, 40, 'Trained', 7, '2026-06-20 19:21:56'),
(2376, 2, 263, 'Amateur', 8, '2026-06-20 19:21:56'),
(2377, 2, 26, 'Trained', 9, '2026-06-20 19:21:56'),
(2378, 2, 237, 'Legendary', 10, '2026-06-20 19:21:56'),
(2379, 2, 292, 'Amateur', 1, '2026-06-20 19:21:56'),
(2380, 2, 339, 'Expert', 2, '2026-06-20 19:21:56'),
(2381, 2, 26, 'Trained', 3, '2026-06-20 19:21:58'),
(2382, 2, 40, 'Trained', 4, '2026-06-20 19:21:58'),
(2383, 2, 19, 'Amateur', 5, '2026-06-20 19:21:58'),
(2384, 2, 26, 'Trained', 6, '2026-06-20 19:21:58'),
(2385, 2, 26, 'Trained', 7, '2026-06-20 19:21:58'),
(2386, 2, 288, 'Amateur', 8, '2026-06-20 19:21:58'),
(2387, 2, 469, 'Legendary', 9, '2026-06-20 19:21:58'),
(2388, 2, 314, 'Expert', 10, '2026-06-20 19:21:58'),
(2389, 2, 250, 'Amateur', 1, '2026-06-20 19:21:58'),
(2390, 2, 289, 'Amateur', 2, '2026-06-20 19:21:58'),
(2391, 2, 26, 'Trained', 3, '2026-06-20 19:21:59'),
(2392, 2, 38, 'Amateur', 4, '2026-06-20 19:21:59'),
(2393, 2, 26, 'Trained', 5, '2026-06-20 19:21:59'),
(2394, 2, 267, 'Amateur', 6, '2026-06-20 19:21:59'),
(2395, 2, 260, 'Amateur', 7, '2026-06-20 19:21:59'),
(2396, 2, 126, 'Expert', 8, '2026-06-20 19:21:59'),
(2397, 2, 40, 'Trained', 9, '2026-06-20 19:21:59'),
(2398, 2, 183, 'Legendary', 10, '2026-06-20 19:21:59'),
(2399, 2, 40, 'Trained', 1, '2026-06-20 19:21:59'),
(2400, 2, 268, 'Amateur', 2, '2026-06-20 19:21:59'),
(2401, 2, 268, 'Amateur', 3, '2026-06-20 19:22:01'),
(2402, 2, 40, 'Trained', 4, '2026-06-20 19:22:01'),
(2403, 2, 363, 'Expert', 5, '2026-06-20 19:22:01'),
(2404, 2, 253, 'Amateur', 6, '2026-06-20 19:22:01'),
(2405, 2, 19, 'Amateur', 7, '2026-06-20 19:22:01'),
(2406, 2, 251, 'Amateur', 8, '2026-06-20 19:22:01'),
(2407, 2, 252, 'Amateur', 9, '2026-06-20 19:22:01'),
(2408, 2, 60, 'Expert', 10, '2026-06-20 19:22:01'),
(2409, 2, 40, 'Trained', 1, '2026-06-20 19:22:01'),
(2410, 2, 40, 'Trained', 2, '2026-06-20 19:22:01'),
(2411, 2, 283, 'Amateur', 3, '2026-06-20 19:22:03'),
(2412, 2, 40, 'Trained', 4, '2026-06-20 19:22:03'),
(2413, 2, 40, 'Trained', 5, '2026-06-20 19:22:03'),
(2414, 2, 26, 'Trained', 6, '2026-06-20 19:22:03'),
(2415, 2, 40, 'Trained', 7, '2026-06-20 19:22:03'),
(2416, 2, 252, 'Amateur', 8, '2026-06-20 19:22:03'),
(2417, 2, 500, 'Amateur', 9, '2026-06-20 19:22:03'),
(2418, 2, 388, 'Expert', 10, '2026-06-20 19:22:03'),
(2419, 2, 26, 'Trained', 1, '2026-06-20 19:22:03'),
(2420, 2, 261, 'Amateur', 2, '2026-06-20 19:22:03'),
(2421, 2, 26, 'Trained', 3, '2026-06-20 19:22:05'),
(2422, 2, 287, 'Amateur', 4, '2026-06-20 19:22:05'),
(2423, 2, 26, 'Trained', 5, '2026-06-20 19:22:05'),
(2424, 2, 40, 'Trained', 6, '2026-06-20 19:22:05'),
(2425, 2, 26, 'Trained', 7, '2026-06-20 19:22:05'),
(2426, 2, 40, 'Trained', 8, '2026-06-20 19:22:05'),
(2427, 2, 20, 'Amateur', 9, '2026-06-20 19:22:05'),
(2428, 2, 26, 'Trained', 10, '2026-06-20 19:22:05'),
(2429, 2, 267, 'Amateur', 1, '2026-06-20 19:22:05'),
(2430, 2, 268, 'Amateur', 2, '2026-06-20 19:22:05'),
(2431, 2, 22, 'Amateur', 3, '2026-06-20 19:22:06'),
(2432, 2, 26, 'Trained', 4, '2026-06-20 19:22:06'),
(2433, 2, 266, 'Amateur', 5, '2026-06-20 19:22:06'),
(2434, 2, 26, 'Trained', 6, '2026-06-20 19:22:06'),
(2435, 2, 21, 'Amateur', 7, '2026-06-20 19:22:06'),
(2436, 2, 26, 'Trained', 8, '2026-06-20 19:22:06'),
(2437, 2, 26, 'Trained', 9, '2026-06-20 19:22:06'),
(2438, 2, 40, 'Trained', 10, '2026-06-20 19:22:06'),
(2439, 2, 500, 'Amateur', 1, '2026-06-20 19:22:06'),
(2440, 2, 264, 'Amateur', 2, '2026-06-20 19:22:06'),
(2441, 2, 38, 'Amateur', 3, '2026-06-20 19:22:08'),
(2442, 2, 23, 'Amateur', 4, '2026-06-20 19:22:08'),
(2443, 2, 40, 'Trained', 5, '2026-06-20 19:22:08'),
(2444, 2, 255, 'Amateur', 6, '2026-06-20 19:22:08'),
(2445, 2, 290, 'Amateur', 7, '2026-06-20 19:22:08'),
(2446, 2, 20, 'Amateur', 8, '2026-06-20 19:22:08'),
(2447, 2, 40, 'Trained', 9, '2026-06-20 19:22:08'),
(2448, 2, 40, 'Trained', 10, '2026-06-20 19:22:08'),
(2449, 2, 40, 'Trained', 1, '2026-06-20 19:22:08'),
(2450, 2, 40, 'Trained', 2, '2026-06-20 19:22:08'),
(2451, 2, 259, 'Amateur', 3, '2026-06-20 19:22:10'),
(2452, 2, 40, 'Trained', 4, '2026-06-20 19:22:10'),
(2453, 2, 26, 'Trained', 5, '2026-06-20 19:22:10'),
(2454, 2, 262, 'Amateur', 6, '2026-06-20 19:22:10'),
(2455, 2, 26, 'Trained', 7, '2026-06-20 19:22:10'),
(2456, 2, 292, 'Amateur', 8, '2026-06-20 19:22:10'),
(2457, 2, 264, 'Amateur', 9, '2026-06-20 19:22:10'),
(2458, 2, 40, 'Trained', 10, '2026-06-20 19:22:10'),
(2459, 2, 263, 'Amateur', 1, '2026-06-20 19:22:10'),
(2460, 2, 40, 'Trained', 2, '2026-06-20 19:22:10'),
(2461, 2, 26, 'Trained', 3, '2026-06-20 19:22:12'),
(2462, 2, 26, 'Trained', 4, '2026-06-20 19:22:12'),
(2463, 2, 22, 'Amateur', 5, '2026-06-20 19:22:12'),
(2464, 2, 43, 'Amateur', 6, '2026-06-20 19:22:12'),
(2465, 2, 290, 'Amateur', 7, '2026-06-20 19:22:12'),
(2466, 2, 40, 'Trained', 8, '2026-06-20 19:22:12'),
(2467, 2, 280, 'Amateur', 9, '2026-06-20 19:22:12'),
(2468, 2, 40, 'Trained', 10, '2026-06-20 19:22:12'),
(2469, 2, 267, 'Amateur', 1, '2026-06-20 19:22:12'),
(2470, 2, 40, 'Trained', 2, '2026-06-20 19:22:12'),
(2471, 2, 26, 'Trained', 3, '2026-06-20 19:22:13'),
(2472, 2, 253, 'Amateur', 4, '2026-06-20 19:22:13'),
(2473, 2, 263, 'Amateur', 5, '2026-06-20 19:22:13'),
(2474, 2, 26, 'Trained', 6, '2026-06-20 19:22:13'),
(2475, 2, 19, 'Amateur', 7, '2026-06-20 19:22:13'),
(2476, 2, 23, 'Amateur', 8, '2026-06-20 19:22:13'),
(2477, 2, 40, 'Trained', 9, '2026-06-20 19:22:13'),
(2478, 2, 26, 'Trained', 10, '2026-06-20 19:22:13'),
(2479, 2, 40, 'Trained', 1, '2026-06-20 19:22:13'),
(2480, 2, 40, 'Trained', 2, '2026-06-20 19:22:13'),
(2481, 2, 282, 'Amateur', 3, '2026-06-20 19:22:15'),
(2482, 2, 289, 'Amateur', 4, '2026-06-20 19:22:15'),
(2483, 2, 40, 'Trained', 5, '2026-06-20 19:22:15'),
(2484, 2, 40, 'Trained', 6, '2026-06-20 19:22:15'),
(2485, 2, 26, 'Trained', 7, '2026-06-20 19:22:15'),
(2486, 2, 40, 'Trained', 8, '2026-06-20 19:22:15'),
(2487, 2, 40, 'Trained', 9, '2026-06-20 19:22:15'),
(2488, 2, 26, 'Trained', 10, '2026-06-20 19:22:15'),
(2489, 2, 26, 'Trained', 1, '2026-06-20 19:22:15'),
(2490, 2, 26, 'Trained', 2, '2026-06-20 19:22:15'),
(2491, 2, 40, 'Trained', 3, '2026-06-20 19:22:16'),
(2492, 2, 23, 'Amateur', 4, '2026-06-20 19:22:16'),
(2493, 2, 287, 'Amateur', 5, '2026-06-20 19:22:16'),
(2494, 2, 40, 'Trained', 6, '2026-06-20 19:22:16'),
(2495, 2, 282, 'Amateur', 7, '2026-06-20 19:22:16'),
(2496, 2, 40, 'Trained', 8, '2026-06-20 19:22:17'),
(2497, 2, 26, 'Trained', 9, '2026-06-20 19:22:17'),
(2498, 2, 485, 'Legendary', 10, '2026-06-20 19:22:17'),
(2499, 2, 40, 'Trained', 1, '2026-06-20 19:22:17'),
(2500, 2, 40, 'Trained', 2, '2026-06-20 19:22:17'),
(2501, 2, 261, 'Amateur', 3, '2026-06-20 19:22:18'),
(2502, 2, 19, 'Amateur', 4, '2026-06-20 19:22:18'),
(2503, 2, 26, 'Trained', 5, '2026-06-20 19:22:18'),
(2504, 2, 260, 'Amateur', 6, '2026-06-20 19:22:18'),
(2505, 2, 254, 'Amateur', 7, '2026-06-20 19:22:18'),
(2506, 2, 287, 'Amateur', 8, '2026-06-20 19:22:18'),
(2507, 2, 40, 'Trained', 9, '2026-06-20 19:22:18'),
(2508, 2, 40, 'Trained', 10, '2026-06-20 19:22:18'),
(2509, 2, 40, 'Trained', 1, '2026-06-20 19:22:18'),
(2510, 2, 262, 'Amateur', 2, '2026-06-20 19:22:18'),
(2511, 2, 26, 'Trained', 3, '2026-06-20 19:22:20'),
(2512, 2, 268, 'Amateur', 4, '2026-06-20 19:22:20'),
(2513, 2, 269, 'Amateur', 5, '2026-06-20 19:22:20'),
(2514, 2, 40, 'Trained', 6, '2026-06-20 19:22:20'),
(2515, 2, 40, 'Trained', 7, '2026-06-20 19:22:20'),
(2516, 2, 26, 'Trained', 8, '2026-06-20 19:22:20'),
(2517, 2, 283, 'Amateur', 9, '2026-06-20 19:22:20'),
(2518, 2, 26, 'Trained', 10, '2026-06-20 19:22:20'),
(2519, 2, 290, 'Amateur', 1, '2026-06-20 19:22:20'),
(2520, 2, 26, 'Trained', 2, '2026-06-20 19:22:20'),
(2521, 2, 24, 'Amateur', 3, '2026-06-20 19:22:21'),
(2522, 2, 24, 'Amateur', 4, '2026-06-20 19:22:21'),
(2523, 2, 40, 'Trained', 5, '2026-06-20 19:22:21'),
(2524, 2, 26, 'Trained', 6, '2026-06-20 19:22:21'),
(2525, 2, 287, 'Amateur', 7, '2026-06-20 19:22:21'),
(2526, 2, 26, 'Trained', 8, '2026-06-20 19:22:21'),
(2527, 2, 38, 'Amateur', 9, '2026-06-20 19:22:21'),
(2528, 2, 242, 'Legendary', 10, '2026-06-20 19:22:21'),
(2529, 2, 26, 'Trained', 1, '2026-06-20 19:22:21'),
(2530, 2, 400, 'Legendary', 2, '2026-06-20 19:22:21'),
(2531, 2, 26, 'Trained', 3, '2026-06-20 19:22:22'),
(2532, 2, 40, 'Trained', 4, '2026-06-20 19:22:22'),
(2533, 2, 258, 'Amateur', 5, '2026-06-20 19:22:22'),
(2534, 2, 288, 'Amateur', 6, '2026-06-20 19:22:22'),
(2535, 2, 257, 'Amateur', 7, '2026-06-20 19:22:22'),
(2536, 2, 40, 'Trained', 8, '2026-06-20 19:22:22'),
(2537, 2, 40, 'Trained', 9, '2026-06-20 19:22:22'),
(2538, 2, 26, 'Trained', 10, '2026-06-20 19:22:22'),
(2539, 2, 266, 'Amateur', 1, '2026-06-20 19:22:22'),
(2540, 2, 26, 'Trained', 2, '2026-06-20 19:22:22'),
(2541, 2, 26, 'Trained', 3, '2026-06-20 19:22:24'),
(2542, 2, 40, 'Trained', 4, '2026-06-20 19:22:24'),
(2543, 2, 40, 'Trained', 5, '2026-06-20 19:22:24'),
(2544, 2, 40, 'Trained', 6, '2026-06-20 19:22:24'),
(2545, 2, 26, 'Trained', 7, '2026-06-20 19:22:24'),
(2546, 2, 253, 'Amateur', 8, '2026-06-20 19:22:24'),
(2547, 2, 40, 'Trained', 9, '2026-06-20 19:22:24'),
(2548, 2, 40, 'Trained', 10, '2026-06-20 19:22:24'),
(2549, 2, 261, 'Amateur', 1, '2026-06-20 19:22:24'),
(2550, 2, 26, 'Trained', 2, '2026-06-20 19:22:24'),
(2551, 2, 255, 'Amateur', 3, '2026-06-20 19:22:25'),
(2552, 2, 425, 'Legendary', 4, '2026-06-20 19:22:25'),
(2553, 2, 286, 'Amateur', 5, '2026-06-20 19:22:25'),
(2554, 2, 252, 'Amateur', 6, '2026-06-20 19:22:25'),
(2555, 2, 40, 'Trained', 7, '2026-06-20 19:22:25'),
(2556, 2, 20, 'Amateur', 8, '2026-06-20 19:22:25'),
(2557, 2, 40, 'Trained', 9, '2026-06-20 19:22:25'),
(2558, 2, 26, 'Trained', 10, '2026-06-20 19:22:25'),
(2559, 2, 290, 'Amateur', 1, '2026-06-20 19:22:25'),
(2560, 2, 263, 'Amateur', 2, '2026-06-20 19:22:25'),
(2561, 2, 40, 'Trained', 3, '2026-06-20 19:22:26'),
(2562, 2, 40, 'Trained', 4, '2026-06-20 19:22:26'),
(2563, 2, 263, 'Amateur', 5, '2026-06-20 19:22:26'),
(2564, 2, 26, 'Trained', 6, '2026-06-20 19:22:26'),
(2565, 2, 43, 'Amateur', 7, '2026-06-20 19:22:26'),
(2566, 2, 290, 'Amateur', 8, '2026-06-20 19:22:26'),
(2567, 2, 20, 'Amateur', 9, '2026-06-20 19:22:26'),
(2568, 2, 26, 'Trained', 10, '2026-06-20 19:22:26'),
(2569, 2, 40, 'Trained', 1, '2026-06-20 19:22:26'),
(2570, 2, 260, 'Amateur', 2, '2026-06-20 19:22:26'),
(2571, 2, 40, 'Trained', 3, '2026-06-20 19:22:28'),
(2572, 2, 263, 'Amateur', 4, '2026-06-20 19:22:28'),
(2573, 2, 26, 'Trained', 5, '2026-06-20 19:22:28'),
(2574, 2, 26, 'Trained', 6, '2026-06-20 19:22:28'),
(2575, 2, 269, 'Amateur', 7, '2026-06-20 19:22:28'),
(2576, 2, 267, 'Amateur', 8, '2026-06-20 19:22:28'),
(2577, 2, 40, 'Trained', 9, '2026-06-20 19:22:28'),
(2578, 2, 40, 'Trained', 10, '2026-06-20 19:22:28'),
(2579, 2, 252, 'Amateur', 1, '2026-06-20 19:22:28'),
(2580, 2, 26, 'Trained', 2, '2026-06-20 19:22:28'),
(2581, 5, 261, 'Amateur', 2, '2026-06-20 19:23:06'),
(2582, 5, 252, 'Amateur', 3, '2026-06-20 19:23:06'),
(2583, 5, 26, 'Trained', 4, '2026-06-20 19:23:06'),
(2584, 5, 268, 'Amateur', 5, '2026-06-20 19:23:06'),
(2585, 5, 499, 'Amateur', 6, '2026-06-20 19:23:06'),
(2586, 5, 269, 'Amateur', 7, '2026-06-20 19:23:06'),
(2587, 5, 40, 'Trained', 8, '2026-06-20 19:23:06'),
(2588, 5, 26, 'Trained', 9, '2026-06-20 19:23:06'),
(2589, 5, 195, 'Legendary', 10, '2026-06-20 19:23:06'),
(2590, 5, 26, 'Trained', 1, '2026-06-20 19:23:06'),
(2591, 5, 26, 'Trained', 2, '2026-06-20 19:23:08'),
(2592, 5, 252, 'Amateur', 3, '2026-06-20 19:23:08'),
(2593, 5, 19, 'Amateur', 4, '2026-06-20 19:23:08'),
(2594, 5, 40, 'Trained', 5, '2026-06-20 19:23:08'),
(2595, 5, 292, 'Amateur', 6, '2026-06-20 19:23:08'),
(2596, 5, 40, 'Trained', 7, '2026-06-20 19:23:08'),
(2597, 5, 26, 'Trained', 8, '2026-06-20 19:23:08'),
(2598, 5, 254, 'Amateur', 9, '2026-06-20 19:23:08'),
(2599, 5, 435, 'Legendary', 10, '2026-06-20 19:23:08'),
(2600, 5, 26, 'Trained', 1, '2026-06-20 19:23:08'),
(2601, 5, 256, 'Amateur', 2, '2026-06-20 19:23:09'),
(2602, 5, 40, 'Trained', 3, '2026-06-20 19:23:09'),
(2603, 5, 502, 'Amateur', 4, '2026-06-20 19:23:09'),
(2604, 5, 40, 'Trained', 5, '2026-06-20 19:23:09'),
(2605, 5, 252, 'Amateur', 6, '2026-06-20 19:23:09'),
(2606, 5, 40, 'Trained', 7, '2026-06-20 19:23:09'),
(2607, 5, 40, 'Trained', 8, '2026-06-20 19:23:09'),
(2608, 5, 250, 'Amateur', 9, '2026-06-20 19:23:09'),
(2609, 5, 26, 'Trained', 10, '2026-06-20 19:23:09'),
(2610, 5, 500, 'Amateur', 1, '2026-06-20 19:23:09'),
(2611, 5, 40, 'Trained', 2, '2026-06-20 19:23:10'),
(2612, 5, 26, 'Trained', 3, '2026-06-20 19:23:10'),
(2613, 5, 166, 'Legendary', 4, '2026-06-20 19:23:10'),
(2614, 5, 478, 'Legendary', 5, '2026-06-20 19:23:10'),
(2615, 5, 26, 'Trained', 6, '2026-06-20 19:23:10'),
(2616, 5, 26, 'Trained', 7, '2026-06-20 19:23:10'),
(2617, 5, 258, 'Amateur', 8, '2026-06-20 19:23:10'),
(2618, 5, 20, 'Amateur', 9, '2026-06-20 19:23:10'),
(2619, 5, 26, 'Trained', 10, '2026-06-20 19:23:10'),
(2620, 5, 40, 'Trained', 1, '2026-06-20 19:23:10'),
(2621, 5, 254, 'Amateur', 2, '2026-06-20 19:23:12'),
(2622, 5, 269, 'Amateur', 3, '2026-06-20 19:23:12'),
(2623, 5, 26, 'Trained', 4, '2026-06-20 19:23:12'),
(2624, 5, 268, 'Amateur', 5, '2026-06-20 19:23:12'),
(2625, 5, 286, 'Amateur', 6, '2026-06-20 19:23:12'),
(2626, 5, 26, 'Trained', 7, '2026-06-20 19:23:12'),
(2627, 5, 24, 'Amateur', 8, '2026-06-20 19:23:12'),
(2628, 5, 264, 'Amateur', 9, '2026-06-20 19:23:12'),
(2629, 5, 26, 'Trained', 10, '2026-06-20 19:23:12'),
(2630, 5, 267, 'Amateur', 1, '2026-06-20 19:23:12'),
(2631, 5, 500, 'Amateur', 2, '2026-06-20 19:23:17'),
(2632, 5, 501, 'Amateur', 3, '2026-06-20 19:23:17'),
(2633, 5, 40, 'Trained', 4, '2026-06-20 19:23:17'),
(2634, 5, 26, 'Trained', 5, '2026-06-20 19:23:17'),
(2635, 5, 20, 'Amateur', 6, '2026-06-20 19:23:17'),
(2636, 5, 262, 'Amateur', 7, '2026-06-20 19:23:17'),
(2637, 5, 252, 'Amateur', 8, '2026-06-20 19:23:17'),
(2638, 5, 255, 'Amateur', 9, '2026-06-20 19:23:17'),
(2639, 5, 476, 'Legendary', 10, '2026-06-20 19:23:17'),
(2640, 5, 261, 'Amateur', 1, '2026-06-20 19:23:17'),
(2641, 5, 40, 'Trained', 2, '2026-06-20 19:23:18'),
(2642, 5, 500, 'Amateur', 3, '2026-06-20 19:23:18'),
(2643, 5, 40, 'Trained', 4, '2026-06-20 19:23:18'),
(2644, 5, 26, 'Trained', 5, '2026-06-20 19:23:18'),
(2645, 5, 40, 'Trained', 6, '2026-06-20 19:23:18'),
(2646, 5, 23, 'Amateur', 7, '2026-06-20 19:23:18'),
(2647, 5, 40, 'Trained', 8, '2026-06-20 19:23:18'),
(2648, 5, 261, 'Amateur', 9, '2026-06-20 19:23:18'),
(2649, 5, 26, 'Trained', 10, '2026-06-20 19:23:18'),
(2650, 5, 40, 'Trained', 1, '2026-06-20 19:23:18'),
(2651, 5, 259, 'Amateur', 2, '2026-06-20 19:23:20'),
(2652, 5, 501, 'Amateur', 3, '2026-06-20 19:23:20'),
(2653, 5, 290, 'Amateur', 4, '2026-06-20 19:23:20'),
(2654, 5, 269, 'Amateur', 5, '2026-06-20 19:23:20'),
(2655, 5, 26, 'Trained', 6, '2026-06-20 19:23:20'),
(2656, 5, 261, 'Amateur', 7, '2026-06-20 19:23:20'),
(2657, 5, 26, 'Trained', 8, '2026-06-20 19:23:20'),
(2658, 5, 282, 'Amateur', 9, '2026-06-20 19:23:20'),
(2659, 5, 424, 'Legendary', 10, '2026-06-20 19:23:20'),
(2660, 5, 26, 'Trained', 1, '2026-06-20 19:23:20'),
(2661, 5, 26, 'Trained', 2, '2026-06-20 19:23:21'),
(2662, 5, 264, 'Amateur', 3, '2026-06-20 19:23:21'),
(2663, 5, 26, 'Trained', 4, '2026-06-20 19:23:21'),
(2664, 5, 26, 'Trained', 5, '2026-06-20 19:23:21'),
(2665, 5, 204, 'Legendary', 6, '2026-06-20 19:23:21'),
(2666, 5, 265, 'Amateur', 7, '2026-06-20 19:23:21'),
(2667, 5, 40, 'Trained', 8, '2026-06-20 19:23:21'),
(2668, 5, 261, 'Amateur', 9, '2026-06-20 19:23:21'),
(2669, 5, 26, 'Trained', 10, '2026-06-20 19:23:21'),
(2670, 5, 26, 'Trained', 1, '2026-06-20 19:23:21'),
(2671, 5, 40, 'Trained', 2, '2026-06-20 19:23:22'),
(2672, 5, 502, 'Amateur', 3, '2026-06-20 19:23:22'),
(2673, 5, 19, 'Amateur', 4, '2026-06-20 19:23:22'),
(2674, 5, 289, 'Amateur', 5, '2026-06-20 19:23:22'),
(2675, 5, 26, 'Trained', 6, '2026-06-20 19:23:22'),
(2676, 5, 265, 'Amateur', 7, '2026-06-20 19:23:22'),
(2677, 5, 40, 'Trained', 8, '2026-06-20 19:23:22'),
(2678, 5, 251, 'Amateur', 9, '2026-06-20 19:23:22'),
(2679, 5, 40, 'Trained', 10, '2026-06-20 19:23:22'),
(2680, 5, 500, 'Amateur', 1, '2026-06-20 19:23:22'),
(2681, 5, 43, 'Amateur', 2, '2026-06-20 19:23:23'),
(2682, 5, 26, 'Trained', 3, '2026-06-20 19:23:23'),
(2683, 5, 20, 'Amateur', 4, '2026-06-20 19:23:23'),
(2684, 5, 40, 'Trained', 5, '2026-06-20 19:23:23'),
(2685, 5, 40, 'Trained', 6, '2026-06-20 19:23:23'),
(2686, 5, 21, 'Amateur', 7, '2026-06-20 19:23:23'),
(2687, 5, 40, 'Trained', 8, '2026-06-20 19:23:23'),
(2688, 5, 26, 'Trained', 9, '2026-06-20 19:23:23'),
(2689, 5, 40, 'Trained', 10, '2026-06-20 19:23:23'),
(2690, 5, 40, 'Trained', 1, '2026-06-20 19:23:23'),
(2691, 5, 26, 'Trained', 2, '2026-06-20 19:23:24'),
(2692, 5, 265, 'Amateur', 3, '2026-06-20 19:23:24'),
(2693, 5, 26, 'Trained', 4, '2026-06-20 19:23:24'),
(2694, 5, 40, 'Trained', 5, '2026-06-20 19:23:24'),
(2695, 5, 26, 'Trained', 6, '2026-06-20 19:23:24'),
(2696, 5, 502, 'Amateur', 7, '2026-06-20 19:23:24'),
(2697, 5, 286, 'Amateur', 8, '2026-06-20 19:23:24'),
(2698, 5, 254, 'Amateur', 9, '2026-06-20 19:23:24'),
(2699, 5, 40, 'Trained', 10, '2026-06-20 19:23:24'),
(2700, 5, 499, 'Amateur', 1, '2026-06-20 19:23:24'),
(2701, 5, 26, 'Trained', 2, '2026-06-20 19:23:25'),
(2702, 5, 287, 'Amateur', 3, '2026-06-20 19:23:25'),
(2703, 5, 262, 'Amateur', 4, '2026-06-20 19:23:25'),
(2704, 5, 40, 'Trained', 5, '2026-06-20 19:23:25'),
(2705, 5, 250, 'Amateur', 6, '2026-06-20 19:23:25'),
(2706, 5, 288, 'Amateur', 7, '2026-06-20 19:23:25'),
(2707, 5, 252, 'Amateur', 8, '2026-06-20 19:23:25'),
(2708, 5, 26, 'Trained', 9, '2026-06-20 19:23:25'),
(2709, 5, 26, 'Trained', 10, '2026-06-20 19:23:25'),
(2710, 5, 26, 'Trained', 1, '2026-06-20 19:23:25'),
(2711, 5, 265, 'Amateur', 2, '2026-06-20 19:23:26'),
(2712, 5, 258, 'Amateur', 3, '2026-06-20 19:23:26'),
(2713, 5, 21, 'Amateur', 4, '2026-06-20 19:23:26'),
(2714, 5, 43, 'Amateur', 5, '2026-06-20 19:23:26'),
(2715, 5, 257, 'Amateur', 6, '2026-06-20 19:23:26'),
(2716, 5, 40, 'Trained', 7, '2026-06-20 19:23:26'),
(2717, 5, 261, 'Amateur', 8, '2026-06-20 19:23:26'),
(2718, 5, 26, 'Trained', 9, '2026-06-20 19:23:26'),
(2719, 5, 494, 'Legendary', 10, '2026-06-20 19:23:26'),
(2720, 5, 40, 'Trained', 1, '2026-06-20 19:23:26'),
(2721, 5, 26, 'Trained', 2, '2026-06-20 19:23:28'),
(2722, 5, 40, 'Trained', 3, '2026-06-20 19:23:28'),
(2723, 5, 267, 'Amateur', 4, '2026-06-20 19:23:28'),
(2724, 5, 26, 'Trained', 5, '2026-06-20 19:23:28'),
(2725, 5, 261, 'Amateur', 6, '2026-06-20 19:23:28'),
(2726, 5, 286, 'Amateur', 7, '2026-06-20 19:23:28'),
(2727, 5, 26, 'Trained', 8, '2026-06-20 19:23:28'),
(2728, 5, 26, 'Trained', 9, '2026-06-20 19:23:28'),
(2729, 5, 26, 'Trained', 10, '2026-06-20 19:23:28'),
(2730, 5, 26, 'Trained', 1, '2026-06-20 19:23:28'),
(2731, 5, 26, 'Trained', 2, '2026-06-20 19:23:29'),
(2732, 5, 260, 'Amateur', 3, '2026-06-20 19:23:29'),
(2733, 5, 40, 'Trained', 4, '2026-06-20 19:23:29'),
(2734, 5, 168, 'Legendary', 5, '2026-06-20 19:23:29'),
(2735, 5, 40, 'Trained', 6, '2026-06-20 19:23:29'),
(2736, 5, 265, 'Amateur', 7, '2026-06-20 19:23:29'),
(2737, 5, 26, 'Trained', 8, '2026-06-20 19:23:29'),
(2738, 5, 267, 'Amateur', 9, '2026-06-20 19:23:29'),
(2739, 5, 26, 'Trained', 10, '2026-06-20 19:23:29'),
(2740, 5, 40, 'Trained', 1, '2026-06-20 19:23:29'),
(2741, 5, 26, 'Trained', 2, '2026-06-20 19:29:41'),
(2742, 5, 265, 'Amateur', 3, '2026-06-20 19:29:41'),
(2743, 5, 26, 'Trained', 4, '2026-06-20 19:29:41'),
(2744, 5, 26, 'Trained', 5, '2026-06-20 19:29:41'),
(2745, 5, 26, 'Trained', 6, '2026-06-20 19:29:41'),
(2746, 5, 43, 'Amateur', 7, '2026-06-20 19:29:41'),
(2747, 5, 26, 'Trained', 8, '2026-06-20 19:29:41'),
(2748, 5, 40, 'Trained', 9, '2026-06-20 19:29:41'),
(2749, 5, 669, 'Celestial', 10, '2026-06-20 19:29:41'),
(2750, 5, 255, 'Amateur', 1, '2026-06-20 19:29:41'),
(2751, 5, 26, 'Trained', 2, '2026-06-20 20:03:24'),
(2752, 5, 40, 'Trained', 3, '2026-06-20 20:03:24'),
(2753, 5, 289, 'Amateur', 4, '2026-06-20 20:03:24'),
(2754, 5, 258, 'Amateur', 5, '2026-06-20 20:03:24'),
(2755, 5, 40, 'Trained', 6, '2026-06-20 20:03:24'),
(2756, 5, 26, 'Trained', 7, '2026-06-20 20:03:24'),
(2757, 5, 19, 'Amateur', 8, '2026-06-20 20:03:24'),
(2758, 5, 26, 'Trained', 9, '2026-06-20 20:03:24'),
(2759, 5, 663, 'Celestial', 10, '2026-06-20 20:03:24'),
(2760, 5, 253, 'Amateur', 1, '2026-06-20 20:03:24'),
(2761, 5, 26, 'Trained', 2, '2026-06-20 20:15:26'),
(2762, 5, 26, 'Trained', 3, '2026-06-20 20:15:26'),
(2763, 5, 261, 'Amateur', 4, '2026-06-20 20:15:26'),
(2764, 5, 23, 'Amateur', 5, '2026-06-20 20:15:26'),
(2765, 5, 267, 'Amateur', 6, '2026-06-20 20:15:26'),
(2766, 5, 269, 'Amateur', 7, '2026-06-20 20:15:26'),
(2767, 5, 26, 'Trained', 8, '2026-06-20 20:15:26'),
(2768, 5, 257, 'Amateur', 9, '2026-06-20 20:15:26'),
(2769, 5, 26, 'Trained', 10, '2026-06-20 20:15:26'),
(2770, 5, 251, 'Amateur', 1, '2026-06-20 20:15:26'),
(2771, 5, 251, 'Amateur', 2, '2026-06-20 20:15:29'),
(2772, 5, 26, 'Trained', 3, '2026-06-20 20:15:29'),
(2773, 5, 26, 'Trained', 4, '2026-06-20 20:15:29'),
(2774, 5, 258, 'Amateur', 5, '2026-06-20 20:15:29'),
(2775, 5, 26, 'Trained', 6, '2026-06-20 20:15:29'),
(2776, 5, 501, 'Amateur', 7, '2026-06-20 20:15:29'),
(2777, 5, 26, 'Trained', 8, '2026-06-20 20:15:29'),
(2778, 5, 26, 'Trained', 9, '2026-06-20 20:15:29'),
(2779, 5, 660, 'Celestial', 10, '2026-06-20 20:15:29'),
(2780, 5, 262, 'Amateur', 1, '2026-06-20 20:15:29'),
(2781, 5, 285, 'Amateur', 2, '2026-06-20 20:18:39'),
(2782, 5, 40, 'Trained', 3, '2026-06-20 20:18:40'),
(2783, 5, 23, 'Amateur', 4, '2026-06-20 20:18:40'),
(2784, 5, 292, 'Amateur', 5, '2026-06-20 20:18:40'),
(2785, 5, 40, 'Trained', 6, '2026-06-20 20:18:40'),
(2786, 5, 40, 'Trained', 7, '2026-06-20 20:18:40'),
(2787, 5, 285, 'Amateur', 8, '2026-06-20 20:18:40'),
(2788, 5, 40, 'Trained', 9, '2026-06-20 20:18:40'),
(2789, 5, 483, 'Legendary', 10, '2026-06-20 20:18:40'),
(2790, 5, 261, 'Amateur', 1, '2026-06-20 20:18:40'),
(2791, 5, 254, 'Amateur', 2, '2026-06-20 20:18:48'),
(2792, 5, 26, 'Trained', 3, '2026-06-20 20:18:48'),
(2793, 5, 40, 'Trained', 4, '2026-06-20 20:18:48'),
(2794, 5, 256, 'Amateur', 5, '2026-06-20 20:18:48'),
(2795, 5, 501, 'Amateur', 6, '2026-06-20 20:18:48'),
(2796, 5, 22, 'Amateur', 7, '2026-06-20 20:18:48'),
(2797, 5, 261, 'Amateur', 8, '2026-06-20 20:18:48'),
(2798, 5, 26, 'Trained', 9, '2026-06-20 20:18:48'),
(2799, 5, 26, 'Trained', 10, '2026-06-20 20:18:48'),
(2800, 5, 251, 'Amateur', 1, '2026-06-20 20:18:48'),
(2801, 5, 40, 'Trained', 2, '2026-06-20 20:18:51'),
(2802, 5, 280, 'Amateur', 3, '2026-06-20 20:18:51'),
(2803, 5, 259, 'Amateur', 4, '2026-06-20 20:18:51'),
(2804, 5, 40, 'Trained', 5, '2026-06-20 20:18:51'),
(2805, 5, 19, 'Amateur', 6, '2026-06-20 20:18:51'),
(2806, 5, 261, 'Amateur', 7, '2026-06-20 20:18:51'),
(2807, 5, 40, 'Trained', 8, '2026-06-20 20:18:51'),
(2808, 5, 283, 'Amateur', 9, '2026-06-20 20:18:51'),
(2809, 5, 40, 'Trained', 10, '2026-06-20 20:18:51'),
(2810, 5, 266, 'Amateur', 1, '2026-06-20 20:18:51'),
(2811, 5, 501, 'Amateur', 2, '2026-06-20 20:18:53'),
(2812, 5, 251, 'Amateur', 3, '2026-06-20 20:18:53'),
(2813, 5, 40, 'Trained', 4, '2026-06-20 20:18:53'),
(2814, 5, 40, 'Trained', 5, '2026-06-20 20:18:53'),
(2815, 5, 40, 'Trained', 6, '2026-06-20 20:18:53'),
(2816, 5, 280, 'Amateur', 7, '2026-06-20 20:18:53'),
(2817, 5, 260, 'Amateur', 8, '2026-06-20 20:18:53'),
(2818, 5, 40, 'Trained', 9, '2026-06-20 20:18:53'),
(2819, 5, 667, 'Celestial', 10, '2026-06-20 20:18:53'),
(2820, 5, 40, 'Trained', 1, '2026-06-20 20:18:53'),
(2821, 5, 269, 'Amateur', 2, '2026-06-20 20:18:54'),
(2822, 5, 40, 'Trained', 3, '2026-06-20 20:18:54'),
(2823, 5, 40, 'Trained', 4, '2026-06-20 20:18:54'),
(2824, 5, 40, 'Trained', 5, '2026-06-20 20:18:54'),
(2825, 5, 254, 'Amateur', 6, '2026-06-20 20:18:54'),
(2826, 5, 43, 'Amateur', 7, '2026-06-20 20:18:54'),
(2827, 5, 26, 'Trained', 8, '2026-06-20 20:18:55'),
(2828, 5, 40, 'Trained', 9, '2026-06-20 20:18:55'),
(2829, 5, 470, 'Legendary', 10, '2026-06-20 20:18:55'),
(2830, 5, 265, 'Amateur', 1, '2026-06-20 20:18:55'),
(2831, 5, 261, 'Amateur', 2, '2026-06-20 20:18:57'),
(2832, 5, 250, 'Amateur', 3, '2026-06-20 20:18:57'),
(2833, 5, 40, 'Trained', 4, '2026-06-20 20:18:57'),
(2834, 5, 40, 'Trained', 5, '2026-06-20 20:18:57'),
(2835, 5, 26, 'Trained', 6, '2026-06-20 20:18:57'),
(2836, 5, 26, 'Trained', 7, '2026-06-20 20:18:57'),
(2837, 5, 40, 'Trained', 8, '2026-06-20 20:18:57'),
(2838, 5, 26, 'Trained', 9, '2026-06-20 20:18:57'),
(2839, 5, 40, 'Trained', 10, '2026-06-20 20:18:57'),
(2840, 5, 40, 'Trained', 1, '2026-06-20 20:18:57'),
(2841, 5, 26, 'Trained', 2, '2026-06-20 20:18:57'),
(2842, 5, 264, 'Amateur', 3, '2026-06-20 20:18:57'),
(2843, 5, 285, 'Amateur', 4, '2026-06-20 20:18:57'),
(2844, 5, 26, 'Trained', 5, '2026-06-20 20:18:57'),
(2845, 5, 285, 'Amateur', 6, '2026-06-20 20:18:58'),
(2846, 5, 283, 'Amateur', 7, '2026-06-20 20:18:58'),
(2847, 5, 173, 'Legendary', 8, '2026-06-20 20:18:58'),
(2848, 5, 40, 'Trained', 9, '2026-06-20 20:18:58'),
(2849, 5, 26, 'Trained', 10, '2026-06-20 20:18:58'),
(2850, 5, 24, 'Amateur', 1, '2026-06-20 20:18:58'),
(2851, 5, 40, 'Trained', 2, '2026-06-20 20:18:58'),
(2852, 5, 502, 'Amateur', 3, '2026-06-20 20:18:58'),
(2853, 5, 26, 'Trained', 4, '2026-06-20 20:18:58'),
(2854, 5, 251, 'Amateur', 5, '2026-06-20 20:18:58'),
(2855, 5, 251, 'Amateur', 6, '2026-06-20 20:18:58'),
(2856, 5, 26, 'Trained', 7, '2026-06-20 20:18:58'),
(2857, 5, 43, 'Amateur', 8, '2026-06-20 20:18:58'),
(2858, 5, 290, 'Amateur', 9, '2026-06-20 20:18:58'),
(2859, 5, 26, 'Trained', 10, '2026-06-20 20:18:58'),
(2860, 5, 26, 'Trained', 1, '2026-06-20 20:18:58'),
(2861, 5, 282, 'Amateur', 2, '2026-06-20 20:18:59'),
(2862, 5, 26, 'Trained', 3, '2026-06-20 20:18:59'),
(2863, 5, 269, 'Amateur', 4, '2026-06-20 20:18:59'),
(2864, 5, 40, 'Trained', 5, '2026-06-20 20:18:59'),
(2865, 5, 250, 'Amateur', 6, '2026-06-20 20:18:59'),
(2866, 5, 40, 'Trained', 7, '2026-06-20 20:18:59'),
(2867, 5, 40, 'Trained', 8, '2026-06-20 20:18:59'),
(2868, 5, 40, 'Trained', 9, '2026-06-20 20:18:59'),
(2869, 5, 26, 'Trained', 10, '2026-06-20 20:18:59'),
(2870, 5, 26, 'Trained', 1, '2026-06-20 20:18:59'),
(2871, 5, 292, 'Amateur', 2, '2026-06-20 20:18:59'),
(2872, 5, 26, 'Trained', 3, '2026-06-20 20:18:59'),
(2873, 5, 26, 'Trained', 4, '2026-06-20 20:18:59'),
(2874, 5, 251, 'Amateur', 5, '2026-06-20 20:18:59'),
(2875, 5, 26, 'Trained', 6, '2026-06-20 20:18:59'),
(2876, 5, 40, 'Trained', 7, '2026-06-20 20:18:59'),
(2877, 5, 266, 'Amateur', 8, '2026-06-20 20:18:59'),
(2878, 5, 40, 'Trained', 9, '2026-06-20 20:18:59'),
(2879, 5, 453, 'Legendary', 10, '2026-06-20 20:18:59'),
(2880, 5, 40, 'Trained', 1, '2026-06-20 20:18:59'),
(2881, 5, 26, 'Trained', 2, '2026-06-20 20:19:00'),
(2882, 5, 40, 'Trained', 3, '2026-06-20 20:19:00'),
(2883, 5, 251, 'Amateur', 4, '2026-06-20 20:19:00'),
(2884, 5, 288, 'Amateur', 5, '2026-06-20 20:19:00'),
(2885, 5, 501, 'Amateur', 6, '2026-06-20 20:19:00'),
(2886, 5, 260, 'Amateur', 7, '2026-06-20 20:19:00'),
(2887, 5, 492, 'Legendary', 8, '2026-06-20 20:19:00'),
(2888, 5, 26, 'Trained', 9, '2026-06-20 20:19:00'),
(2889, 5, 26, 'Trained', 10, '2026-06-20 20:19:00'),
(2890, 5, 40, 'Trained', 1, '2026-06-20 20:19:00'),
(2891, 5, 40, 'Trained', 2, '2026-06-20 20:19:01'),
(2892, 5, 286, 'Amateur', 3, '2026-06-20 20:19:01'),
(2893, 5, 26, 'Trained', 4, '2026-06-20 20:19:01'),
(2894, 5, 40, 'Trained', 5, '2026-06-20 20:19:01'),
(2895, 5, 26, 'Trained', 6, '2026-06-20 20:19:01'),
(2896, 5, 23, 'Amateur', 7, '2026-06-20 20:19:01'),
(2897, 5, 19, 'Amateur', 8, '2026-06-20 20:19:01'),
(2898, 5, 26, 'Trained', 9, '2026-06-20 20:19:01'),
(2899, 5, 182, 'Legendary', 10, '2026-06-20 20:19:01'),
(2900, 5, 26, 'Trained', 1, '2026-06-20 20:19:01'),
(2901, 5, 258, 'Amateur', 2, '2026-06-20 20:19:01'),
(2902, 5, 26, 'Trained', 3, '2026-06-20 20:19:01'),
(2903, 5, 26, 'Trained', 4, '2026-06-20 20:19:01'),
(2904, 5, 262, 'Amateur', 5, '2026-06-20 20:19:01'),
(2905, 5, 26, 'Trained', 6, '2026-06-20 20:19:01'),
(2906, 5, 40, 'Trained', 7, '2026-06-20 20:19:01'),
(2907, 5, 26, 'Trained', 8, '2026-06-20 20:19:01'),
(2908, 5, 252, 'Amateur', 9, '2026-06-20 20:19:01'),
(2909, 5, 26, 'Trained', 10, '2026-06-20 20:19:01'),
(2910, 5, 502, 'Amateur', 1, '2026-06-20 20:19:01'),
(2911, 5, 40, 'Trained', 2, '2026-06-20 20:19:02'),
(2912, 5, 266, 'Amateur', 3, '2026-06-20 20:19:02'),
(2913, 5, 501, 'Amateur', 4, '2026-06-20 20:19:02'),
(2914, 5, 26, 'Trained', 5, '2026-06-20 20:19:02'),
(2915, 5, 40, 'Trained', 6, '2026-06-20 20:19:02'),
(2916, 5, 40, 'Trained', 7, '2026-06-20 20:19:02'),
(2917, 5, 40, 'Trained', 8, '2026-06-20 20:19:02'),
(2918, 5, 26, 'Trained', 9, '2026-06-20 20:19:02'),
(2919, 5, 40, 'Trained', 10, '2026-06-20 20:19:02'),
(2920, 5, 26, 'Trained', 1, '2026-06-20 20:19:02'),
(2921, 5, 19, 'Amateur', 2, '2026-06-20 20:19:02'),
(2922, 5, 286, 'Amateur', 3, '2026-06-20 20:19:02'),
(2923, 5, 40, 'Trained', 4, '2026-06-20 20:19:02'),
(2924, 5, 265, 'Amateur', 5, '2026-06-20 20:19:02'),
(2925, 5, 40, 'Trained', 6, '2026-06-20 20:19:02'),
(2926, 5, 251, 'Amateur', 7, '2026-06-20 20:19:02'),
(2927, 5, 19, 'Amateur', 8, '2026-06-20 20:19:02'),
(2928, 5, 254, 'Amateur', 9, '2026-06-20 20:19:02'),
(2929, 5, 228, 'Legendary', 10, '2026-06-20 20:19:02'),
(2930, 5, 500, 'Amateur', 1, '2026-06-20 20:19:02'),
(2931, 5, 259, 'Amateur', 2, '2026-06-20 20:19:03'),
(2932, 5, 40, 'Trained', 3, '2026-06-20 20:19:03'),
(2933, 5, 501, 'Amateur', 4, '2026-06-20 20:19:03'),
(2934, 5, 282, 'Amateur', 5, '2026-06-20 20:19:03'),
(2935, 5, 26, 'Trained', 6, '2026-06-20 20:19:03'),
(2936, 5, 40, 'Trained', 7, '2026-06-20 20:19:03'),
(2937, 5, 20, 'Amateur', 8, '2026-06-20 20:19:03'),
(2938, 5, 40, 'Trained', 9, '2026-06-20 20:19:03'),
(2939, 5, 26, 'Trained', 10, '2026-06-20 20:19:03'),
(2940, 5, 26, 'Trained', 1, '2026-06-20 20:19:03'),
(2941, 5, 292, 'Amateur', 2, '2026-06-20 20:19:04'),
(2942, 5, 479, 'Legendary', 3, '2026-06-20 20:19:04'),
(2943, 5, 267, 'Amateur', 4, '2026-06-20 20:19:04'),
(2944, 5, 289, 'Amateur', 5, '2026-06-20 20:19:04'),
(2945, 5, 289, 'Amateur', 6, '2026-06-20 20:19:04'),
(2946, 5, 40, 'Trained', 7, '2026-06-20 20:19:04'),
(2947, 5, 433, 'Legendary', 8, '2026-06-20 20:19:04'),
(2948, 5, 269, 'Amateur', 9, '2026-06-20 20:19:04'),
(2949, 5, 40, 'Trained', 10, '2026-06-20 20:19:04'),
(2950, 5, 264, 'Amateur', 1, '2026-06-20 20:19:04'),
(2951, 5, 40, 'Trained', 2, '2026-06-20 20:19:04'),
(2952, 5, 40, 'Trained', 3, '2026-06-20 20:19:04'),
(2953, 5, 260, 'Amateur', 4, '2026-06-20 20:19:04'),
(2954, 5, 287, 'Amateur', 5, '2026-06-20 20:19:04'),
(2955, 5, 262, 'Amateur', 6, '2026-06-20 20:19:04'),
(2956, 5, 261, 'Amateur', 7, '2026-06-20 20:19:04'),
(2957, 5, 410, 'Legendary', 8, '2026-06-20 20:19:04'),
(2958, 5, 292, 'Amateur', 9, '2026-06-20 20:19:04'),
(2959, 5, 244, 'Legendary', 10, '2026-06-20 20:19:04'),
(2960, 5, 40, 'Trained', 1, '2026-06-20 20:19:04'),
(2961, 5, 40, 'Trained', 2, '2026-06-20 20:19:05'),
(2962, 5, 40, 'Trained', 3, '2026-06-20 20:19:05'),
(2963, 5, 290, 'Amateur', 4, '2026-06-20 20:19:05'),
(2964, 5, 24, 'Amateur', 5, '2026-06-20 20:19:05'),
(2965, 5, 292, 'Amateur', 6, '2026-06-20 20:19:05'),
(2966, 5, 40, 'Trained', 7, '2026-06-20 20:19:05'),
(2967, 5, 260, 'Amateur', 8, '2026-06-20 20:19:05'),
(2968, 5, 265, 'Amateur', 9, '2026-06-20 20:19:05'),
(2969, 5, 664, 'Celestial', 10, '2026-06-20 20:19:05'),
(2970, 5, 251, 'Amateur', 1, '2026-06-20 20:19:05'),
(2971, 5, 499, 'Amateur', 2, '2026-06-20 20:19:05'),
(2972, 5, 500, 'Amateur', 3, '2026-06-20 20:19:05'),
(2973, 5, 26, 'Trained', 4, '2026-06-20 20:19:05'),
(2974, 5, 40, 'Trained', 5, '2026-06-20 20:19:05'),
(2975, 5, 261, 'Amateur', 6, '2026-06-20 20:19:05'),
(2976, 5, 226, 'Legendary', 7, '2026-06-20 20:19:05'),
(2977, 5, 24, 'Amateur', 8, '2026-06-20 20:19:05'),
(2978, 5, 20, 'Amateur', 9, '2026-06-20 20:19:05'),
(2979, 5, 668, 'Celestial', 10, '2026-06-20 20:19:05');
INSERT INTO `gacha_log` (`id`, `user_id`, `player_id`, `tier_result`, `pity_count`, `spun_at`) VALUES
(2980, 5, 268, 'Amateur', 1, '2026-06-20 20:19:05'),
(2981, 1, 40, 'Trained', 6, '2026-06-21 07:06:47'),
(2982, 1, 286, 'Amateur', 7, '2026-06-21 07:06:47'),
(2983, 1, 40, 'Trained', 8, '2026-06-21 07:06:47'),
(2984, 1, 285, 'Amateur', 9, '2026-06-21 07:06:47'),
(2985, 1, 26, 'Trained', 10, '2026-06-21 07:06:47'),
(2986, 1, 441, 'Legendary', 1, '2026-06-21 07:06:47'),
(2987, 1, 670, 'Amateur', 2, '2026-06-21 07:06:47'),
(2988, 1, 21, 'Amateur', 3, '2026-06-21 07:06:47'),
(2989, 1, 23, 'Amateur', 4, '2026-06-21 07:06:47'),
(2990, 1, 26, 'Trained', 5, '2026-06-21 07:06:47'),
(2991, 1, 258, 'Amateur', 6, '2026-06-21 07:06:58'),
(2992, 1, 40, 'Trained', 7, '2026-06-21 07:06:58'),
(2993, 1, 26, 'Trained', 8, '2026-06-21 07:06:58'),
(2994, 1, 26, 'Trained', 9, '2026-06-21 07:06:58'),
(2995, 1, 26, 'Trained', 10, '2026-06-21 07:06:58'),
(2996, 1, 40, 'Trained', 1, '2026-06-21 07:06:58'),
(2997, 1, 24, 'Amateur', 2, '2026-06-21 07:06:58'),
(2998, 1, 502, 'Amateur', 3, '2026-06-21 07:06:58'),
(2999, 1, 266, 'Amateur', 4, '2026-06-21 07:06:58'),
(3000, 1, 501, 'Amateur', 5, '2026-06-21 07:06:58'),
(3001, 1, 255, 'Amateur', 6, '2026-06-21 07:07:00'),
(3002, 1, 26, 'Trained', 7, '2026-06-21 07:07:00'),
(3003, 1, 26, 'Trained', 8, '2026-06-21 07:07:00'),
(3004, 1, 40, 'Trained', 9, '2026-06-21 07:07:00'),
(3005, 1, 26, 'Trained', 10, '2026-06-21 07:07:00'),
(3006, 1, 283, 'Amateur', 1, '2026-06-21 07:07:00'),
(3007, 1, 501, 'Amateur', 2, '2026-06-21 07:07:00'),
(3008, 1, 264, 'Amateur', 3, '2026-06-21 07:07:00'),
(3009, 1, 40, 'Trained', 4, '2026-06-21 07:07:00'),
(3010, 1, 40, 'Trained', 5, '2026-06-21 07:07:00'),
(3011, 1, 263, 'Amateur', 6, '2026-06-21 07:07:01'),
(3012, 1, 40, 'Trained', 7, '2026-06-21 07:07:01'),
(3013, 1, 19, 'Amateur', 8, '2026-06-21 07:07:01'),
(3014, 1, 23, 'Amateur', 9, '2026-06-21 07:07:01'),
(3015, 1, 26, 'Trained', 10, '2026-06-21 07:07:01'),
(3016, 1, 40, 'Trained', 1, '2026-06-21 07:07:01'),
(3017, 1, 40, 'Trained', 2, '2026-06-21 07:07:01'),
(3018, 1, 26, 'Trained', 3, '2026-06-21 07:07:01'),
(3019, 1, 287, 'Amateur', 4, '2026-06-21 07:07:01'),
(3020, 1, 26, 'Trained', 5, '2026-06-21 07:07:01'),
(3021, 1, 20, 'Amateur', 6, '2026-06-21 07:07:02'),
(3022, 1, 40, 'Trained', 7, '2026-06-21 07:07:02'),
(3023, 1, 251, 'Amateur', 8, '2026-06-21 07:07:02'),
(3024, 1, 460, 'Legendary', 9, '2026-06-21 07:07:02'),
(3025, 1, 26, 'Trained', 10, '2026-06-21 07:07:02'),
(3026, 1, 26, 'Trained', 1, '2026-06-21 07:07:02'),
(3027, 1, 40, 'Trained', 2, '2026-06-21 07:07:02'),
(3028, 1, 40, 'Trained', 3, '2026-06-21 07:07:02'),
(3029, 1, 258, 'Amateur', 4, '2026-06-21 07:07:02'),
(3030, 1, 40, 'Trained', 5, '2026-06-21 07:07:02'),
(3031, 1, 40, 'Trained', 6, '2026-06-21 07:07:03'),
(3032, 1, 26, 'Trained', 7, '2026-06-21 07:07:03'),
(3033, 1, 26, 'Trained', 8, '2026-06-21 07:07:03'),
(3034, 1, 266, 'Amateur', 9, '2026-06-21 07:07:03'),
(3035, 1, 40, 'Trained', 10, '2026-06-21 07:07:03'),
(3036, 1, 26, 'Trained', 1, '2026-06-21 07:07:03'),
(3037, 1, 40, 'Trained', 2, '2026-06-21 07:07:03'),
(3038, 1, 269, 'Amateur', 3, '2026-06-21 07:07:03'),
(3039, 1, 40, 'Trained', 4, '2026-06-21 07:07:03'),
(3040, 1, 40, 'Trained', 5, '2026-06-21 07:07:03'),
(3041, 1, 256, 'Amateur', 6, '2026-06-21 07:07:05'),
(3042, 1, 40, 'Trained', 7, '2026-06-21 07:07:05'),
(3043, 1, 254, 'Amateur', 8, '2026-06-21 07:07:05'),
(3044, 1, 40, 'Trained', 9, '2026-06-21 07:07:05'),
(3045, 1, 236, 'Legendary', 10, '2026-06-21 07:07:05'),
(3046, 1, 40, 'Trained', 1, '2026-06-21 07:07:05'),
(3047, 1, 258, 'Amateur', 2, '2026-06-21 07:07:05'),
(3048, 1, 26, 'Trained', 3, '2026-06-21 07:07:05'),
(3049, 1, 40, 'Trained', 4, '2026-06-21 07:07:05'),
(3050, 1, 26, 'Trained', 5, '2026-06-21 07:07:05'),
(3051, 1, 26, 'Trained', 6, '2026-06-21 07:07:05'),
(3052, 1, 40, 'Trained', 7, '2026-06-21 07:07:05'),
(3053, 1, 260, 'Amateur', 8, '2026-06-21 07:07:05'),
(3054, 1, 40, 'Trained', 9, '2026-06-21 07:07:05'),
(3055, 1, 26, 'Trained', 10, '2026-06-21 07:07:05'),
(3056, 1, 26, 'Trained', 1, '2026-06-21 07:07:05'),
(3057, 1, 252, 'Amateur', 2, '2026-06-21 07:07:05'),
(3058, 1, 501, 'Amateur', 3, '2026-06-21 07:07:05'),
(3059, 1, 26, 'Trained', 4, '2026-06-21 07:07:05'),
(3060, 1, 26, 'Trained', 5, '2026-06-21 07:07:05'),
(3061, 1, 26, 'Trained', 6, '2026-06-21 07:07:06'),
(3062, 1, 26, 'Trained', 7, '2026-06-21 07:07:06'),
(3063, 1, 26, 'Trained', 8, '2026-06-21 07:07:06'),
(3064, 1, 38, 'Amateur', 9, '2026-06-21 07:07:06'),
(3065, 1, 156, 'Legendary', 10, '2026-06-21 07:07:06'),
(3066, 1, 40, 'Trained', 1, '2026-06-21 07:07:06'),
(3067, 1, 280, 'Amateur', 2, '2026-06-21 07:07:06'),
(3068, 1, 262, 'Amateur', 3, '2026-06-21 07:07:06'),
(3069, 1, 282, 'Amateur', 4, '2026-06-21 07:07:06'),
(3070, 1, 194, 'Legendary', 5, '2026-06-21 07:07:06'),
(3071, 1, 40, 'Trained', 6, '2026-06-21 07:07:07'),
(3072, 1, 26, 'Trained', 7, '2026-06-21 07:07:07'),
(3073, 1, 40, 'Trained', 8, '2026-06-21 07:07:07'),
(3074, 1, 26, 'Trained', 9, '2026-06-21 07:07:07'),
(3075, 1, 662, 'Celestial', 10, '2026-06-21 07:07:07'),
(3076, 1, 265, 'Amateur', 1, '2026-06-21 07:07:07'),
(3077, 1, 266, 'Amateur', 2, '2026-06-21 07:07:07'),
(3078, 1, 500, 'Amateur', 3, '2026-06-21 07:07:07'),
(3079, 1, 26, 'Trained', 4, '2026-06-21 07:07:07'),
(3080, 1, 26, 'Trained', 5, '2026-06-21 07:07:07'),
(3081, 1, 266, 'Amateur', 6, '2026-06-21 07:07:07'),
(3082, 1, 40, 'Trained', 7, '2026-06-21 07:07:07'),
(3083, 1, 40, 'Trained', 8, '2026-06-21 07:07:07'),
(3084, 1, 252, 'Amateur', 9, '2026-06-21 07:07:07'),
(3085, 1, 661, 'Celestial', 10, '2026-06-21 07:07:07'),
(3086, 1, 26, 'Trained', 1, '2026-06-21 07:07:07'),
(3087, 1, 177, 'Legendary', 2, '2026-06-21 07:07:07'),
(3088, 1, 40, 'Trained', 3, '2026-06-21 07:07:07'),
(3089, 1, 502, 'Amateur', 4, '2026-06-21 07:07:07'),
(3090, 1, 158, 'Legendary', 5, '2026-06-21 07:07:07'),
(3091, 1, 254, 'Amateur', 6, '2026-06-21 07:07:11'),
(3092, 1, 20, 'Amateur', 7, '2026-06-21 07:07:11'),
(3093, 1, 40, 'Trained', 8, '2026-06-21 07:07:11'),
(3094, 1, 40, 'Trained', 9, '2026-06-21 07:07:11'),
(3095, 1, 26, 'Trained', 10, '2026-06-21 07:07:11'),
(3096, 1, 43, 'Amateur', 1, '2026-06-21 07:07:11'),
(3097, 1, 290, 'Amateur', 2, '2026-06-21 07:07:11'),
(3098, 1, 26, 'Trained', 3, '2026-06-21 07:07:11'),
(3099, 1, 26, 'Trained', 4, '2026-06-21 07:07:11'),
(3100, 1, 250, 'Amateur', 5, '2026-06-21 07:07:11'),
(3101, 1, 26, 'Trained', 6, '2026-06-21 07:07:13'),
(3102, 1, 282, 'Amateur', 7, '2026-06-21 07:07:13'),
(3103, 1, 40, 'Trained', 8, '2026-06-21 07:07:13'),
(3104, 1, 40, 'Trained', 9, '2026-06-21 07:07:13'),
(3105, 1, 26, 'Trained', 10, '2026-06-21 07:07:13'),
(3106, 1, 24, 'Amateur', 1, '2026-06-21 07:07:13'),
(3107, 1, 257, 'Amateur', 2, '2026-06-21 07:07:13'),
(3108, 1, 40, 'Trained', 3, '2026-06-21 07:07:13'),
(3109, 1, 40, 'Trained', 4, '2026-06-21 07:07:13'),
(3110, 1, 250, 'Amateur', 5, '2026-06-21 07:07:13'),
(3111, 1, 26, 'Trained', 6, '2026-06-21 07:07:13'),
(3112, 1, 40, 'Trained', 7, '2026-06-21 07:07:13'),
(3113, 1, 40, 'Trained', 8, '2026-06-21 07:07:13'),
(3114, 1, 267, 'Amateur', 9, '2026-06-21 07:07:13'),
(3115, 1, 40, 'Trained', 10, '2026-06-21 07:07:13'),
(3116, 1, 40, 'Trained', 1, '2026-06-21 07:07:13'),
(3117, 1, 40, 'Trained', 2, '2026-06-21 07:07:13'),
(3118, 1, 26, 'Trained', 3, '2026-06-21 07:07:13'),
(3119, 1, 43, 'Amateur', 4, '2026-06-21 07:07:13'),
(3120, 1, 40, 'Trained', 5, '2026-06-21 07:07:13'),
(3121, 1, 40, 'Trained', 6, '2026-06-21 07:07:14'),
(3122, 1, 26, 'Trained', 7, '2026-06-21 07:07:14'),
(3123, 1, 40, 'Trained', 8, '2026-06-21 07:07:14'),
(3124, 1, 290, 'Amateur', 9, '2026-06-21 07:07:14'),
(3125, 1, 26, 'Trained', 10, '2026-06-21 07:07:14'),
(3126, 1, 262, 'Amateur', 1, '2026-06-21 07:07:14'),
(3127, 1, 263, 'Amateur', 2, '2026-06-21 07:07:14'),
(3128, 1, 257, 'Amateur', 3, '2026-06-21 07:07:14'),
(3129, 1, 24, 'Amateur', 4, '2026-06-21 07:07:14'),
(3130, 1, 499, 'Amateur', 5, '2026-06-21 07:07:14'),
(3131, 1, 22, 'Amateur', 6, '2026-06-21 07:07:15'),
(3132, 1, 501, 'Amateur', 7, '2026-06-21 07:07:15'),
(3133, 1, 40, 'Trained', 8, '2026-06-21 07:07:15'),
(3134, 1, 40, 'Trained', 9, '2026-06-21 07:07:15'),
(3135, 1, 422, 'Legendary', 10, '2026-06-21 07:07:15'),
(3136, 1, 40, 'Trained', 1, '2026-06-21 07:07:15'),
(3137, 1, 26, 'Trained', 2, '2026-06-21 07:07:15'),
(3138, 1, 43, 'Amateur', 3, '2026-06-21 07:07:15'),
(3139, 1, 260, 'Amateur', 4, '2026-06-21 07:07:15'),
(3140, 1, 40, 'Trained', 5, '2026-06-21 07:07:15'),
(3141, 1, 283, 'Amateur', 6, '2026-06-21 07:07:15'),
(3142, 1, 26, 'Trained', 7, '2026-06-21 07:07:15'),
(3143, 1, 421, 'Legendary', 8, '2026-06-21 07:07:15'),
(3144, 1, 257, 'Amateur', 9, '2026-06-21 07:07:15'),
(3145, 1, 40, 'Trained', 10, '2026-06-21 07:07:15'),
(3146, 1, 496, 'Legendary', 1, '2026-06-21 07:07:15'),
(3147, 1, 40, 'Trained', 2, '2026-06-21 07:07:15'),
(3148, 1, 26, 'Trained', 3, '2026-06-21 07:07:15'),
(3149, 1, 280, 'Amateur', 4, '2026-06-21 07:07:15'),
(3150, 1, 40, 'Trained', 5, '2026-06-21 07:07:15'),
(3151, 1, 26, 'Trained', 6, '2026-06-21 07:07:16'),
(3152, 1, 23, 'Amateur', 7, '2026-06-21 07:07:16'),
(3153, 1, 269, 'Amateur', 8, '2026-06-21 07:07:16'),
(3154, 1, 40, 'Trained', 9, '2026-06-21 07:07:16'),
(3155, 1, 472, 'Legendary', 10, '2026-06-21 07:07:16'),
(3156, 1, 266, 'Amateur', 1, '2026-06-21 07:07:16'),
(3157, 1, 252, 'Amateur', 2, '2026-06-21 07:07:16'),
(3158, 1, 257, 'Amateur', 3, '2026-06-21 07:07:16'),
(3159, 1, 26, 'Trained', 4, '2026-06-21 07:07:16'),
(3160, 1, 26, 'Trained', 5, '2026-06-21 07:07:16'),
(3161, 1, 290, 'Amateur', 6, '2026-06-21 07:07:16'),
(3162, 1, 26, 'Trained', 7, '2026-06-21 07:07:16'),
(3163, 1, 43, 'Amateur', 8, '2026-06-21 07:07:16'),
(3164, 1, 186, 'Legendary', 9, '2026-06-21 07:07:16'),
(3165, 1, 40, 'Trained', 10, '2026-06-21 07:07:16'),
(3166, 1, 264, 'Amateur', 1, '2026-06-21 07:07:16'),
(3167, 1, 40, 'Trained', 2, '2026-06-21 07:07:16'),
(3168, 1, 26, 'Trained', 3, '2026-06-21 07:07:16'),
(3169, 1, 40, 'Trained', 4, '2026-06-21 07:07:16'),
(3170, 1, 26, 'Trained', 5, '2026-06-21 07:07:16'),
(3171, 1, 26, 'Trained', 6, '2026-06-21 07:07:17'),
(3172, 1, 262, 'Amateur', 7, '2026-06-21 07:07:17'),
(3173, 1, 501, 'Amateur', 8, '2026-06-21 07:07:17'),
(3174, 1, 40, 'Trained', 9, '2026-06-21 07:07:17'),
(3175, 1, 40, 'Trained', 10, '2026-06-21 07:07:17'),
(3176, 1, 256, 'Amateur', 1, '2026-06-21 07:07:17'),
(3177, 1, 269, 'Amateur', 2, '2026-06-21 07:07:17'),
(3178, 1, 40, 'Trained', 3, '2026-06-21 07:07:17'),
(3179, 1, 269, 'Amateur', 4, '2026-06-21 07:07:17'),
(3180, 1, 40, 'Trained', 5, '2026-06-21 07:07:17'),
(3181, 1, 26, 'Trained', 6, '2026-06-21 07:07:17'),
(3182, 1, 26, 'Trained', 7, '2026-06-21 07:07:17'),
(3183, 1, 500, 'Amateur', 8, '2026-06-21 07:07:17'),
(3184, 1, 26, 'Trained', 9, '2026-06-21 07:07:17'),
(3185, 1, 40, 'Trained', 10, '2026-06-21 07:07:17'),
(3186, 1, 415, 'Legendary', 1, '2026-06-21 07:07:17'),
(3187, 1, 282, 'Amateur', 2, '2026-06-21 07:07:17'),
(3188, 1, 40, 'Trained', 3, '2026-06-21 07:07:17'),
(3189, 1, 40, 'Trained', 4, '2026-06-21 07:07:17'),
(3190, 1, 19, 'Amateur', 5, '2026-06-21 07:07:17'),
(3191, 1, 26, 'Trained', 6, '2026-06-21 07:07:18'),
(3192, 1, 26, 'Trained', 7, '2026-06-21 07:07:18'),
(3193, 1, 40, 'Trained', 8, '2026-06-21 07:07:18'),
(3194, 1, 40, 'Trained', 9, '2026-06-21 07:07:18'),
(3195, 1, 404, 'Legendary', 10, '2026-06-21 07:07:18'),
(3196, 1, 40, 'Trained', 1, '2026-06-21 07:07:18'),
(3197, 1, 289, 'Amateur', 2, '2026-06-21 07:07:18'),
(3198, 1, 26, 'Trained', 3, '2026-06-21 07:07:18'),
(3199, 1, 40, 'Trained', 4, '2026-06-21 07:07:18'),
(3200, 1, 261, 'Amateur', 5, '2026-06-21 07:07:18'),
(3201, 1, 40, 'Trained', 6, '2026-06-21 07:07:19'),
(3202, 1, 26, 'Trained', 7, '2026-06-21 07:07:19'),
(3203, 1, 266, 'Amateur', 8, '2026-06-21 07:07:19'),
(3204, 1, 259, 'Amateur', 9, '2026-06-21 07:07:19'),
(3205, 1, 40, 'Trained', 10, '2026-06-21 07:07:19'),
(3206, 1, 252, 'Amateur', 1, '2026-06-21 07:07:19'),
(3207, 1, 251, 'Amateur', 2, '2026-06-21 07:07:19'),
(3208, 1, 252, 'Amateur', 3, '2026-06-21 07:07:19'),
(3209, 1, 283, 'Amateur', 4, '2026-06-21 07:07:19'),
(3210, 1, 487, 'Legendary', 5, '2026-06-21 07:07:19'),
(3211, 1, 26, 'Trained', 6, '2026-06-21 07:07:19'),
(3212, 1, 466, 'Legendary', 7, '2026-06-21 07:07:19'),
(3213, 1, 261, 'Amateur', 8, '2026-06-21 07:07:19'),
(3214, 1, 26, 'Trained', 9, '2026-06-21 07:07:19'),
(3215, 1, 665, 'Celestial', 10, '2026-06-21 07:07:19'),
(3216, 1, 40, 'Trained', 1, '2026-06-21 07:07:19'),
(3217, 1, 40, 'Trained', 2, '2026-06-21 07:07:19'),
(3218, 1, 285, 'Amateur', 3, '2026-06-21 07:07:19'),
(3219, 1, 40, 'Trained', 4, '2026-06-21 07:07:19'),
(3220, 1, 26, 'Trained', 5, '2026-06-21 07:07:19'),
(3221, 1, 497, 'Legendary', 6, '2026-06-21 07:10:55'),
(3222, 1, 26, 'Trained', 7, '2026-06-21 07:10:55'),
(3223, 1, 40, 'Trained', 8, '2026-06-21 07:10:55'),
(3224, 1, 26, 'Trained', 9, '2026-06-21 07:10:55'),
(3225, 1, 40, 'Trained', 10, '2026-06-21 07:10:55'),
(3226, 1, 40, 'Trained', 1, '2026-06-21 07:10:55'),
(3227, 1, 40, 'Trained', 2, '2026-06-21 07:10:55'),
(3228, 1, 287, 'Amateur', 3, '2026-06-21 07:10:55'),
(3229, 1, 26, 'Trained', 4, '2026-06-21 07:10:55'),
(3230, 1, 265, 'Amateur', 5, '2026-06-21 07:10:55'),
(3231, 1, 40, 'Trained', 6, '2026-06-21 07:10:58'),
(3232, 1, 40, 'Trained', 7, '2026-06-21 07:10:58'),
(3233, 1, 40, 'Trained', 8, '2026-06-21 07:10:58'),
(3234, 1, 502, 'Amateur', 9, '2026-06-21 07:10:58'),
(3235, 1, 26, 'Trained', 10, '2026-06-21 07:10:58'),
(3236, 1, 423, 'Legendary', 1, '2026-06-21 07:10:58'),
(3237, 1, 255, 'Amateur', 2, '2026-06-21 07:10:58'),
(3238, 1, 671, 'Amateur', 3, '2026-06-21 07:10:58'),
(3239, 1, 263, 'Amateur', 4, '2026-06-21 07:10:58'),
(3240, 1, 260, 'Amateur', 5, '2026-06-21 07:10:58'),
(3241, 1, 26, 'Trained', 6, '2026-06-21 07:10:59'),
(3242, 1, 40, 'Trained', 7, '2026-06-21 07:10:59'),
(3243, 1, 22, 'Amateur', 8, '2026-06-21 07:10:59'),
(3244, 1, 289, 'Amateur', 9, '2026-06-21 07:10:59'),
(3245, 1, 157, 'Legendary', 10, '2026-06-21 07:10:59'),
(3246, 1, 40, 'Trained', 1, '2026-06-21 07:10:59'),
(3247, 1, 256, 'Amateur', 2, '2026-06-21 07:10:59'),
(3248, 1, 258, 'Amateur', 3, '2026-06-21 07:10:59'),
(3249, 1, 26, 'Trained', 4, '2026-06-21 07:10:59'),
(3250, 1, 251, 'Amateur', 5, '2026-06-21 07:10:59'),
(3251, 1, 22, 'Amateur', 6, '2026-06-21 07:11:00'),
(3252, 1, 256, 'Amateur', 7, '2026-06-21 07:11:00'),
(3253, 1, 40, 'Trained', 8, '2026-06-21 07:11:00'),
(3254, 1, 40, 'Trained', 9, '2026-06-21 07:11:00'),
(3255, 1, 26, 'Trained', 10, '2026-06-21 07:11:00'),
(3256, 1, 286, 'Amateur', 1, '2026-06-21 07:11:00'),
(3257, 1, 256, 'Amateur', 2, '2026-06-21 07:11:00'),
(3258, 1, 26, 'Trained', 3, '2026-06-21 07:11:00'),
(3259, 1, 40, 'Trained', 4, '2026-06-21 07:11:00'),
(3260, 1, 40, 'Trained', 5, '2026-06-21 07:11:00'),
(3261, 1, 459, 'Legendary', 6, '2026-06-21 07:11:01'),
(3262, 1, 26, 'Trained', 7, '2026-06-21 07:11:01'),
(3263, 1, 26, 'Trained', 8, '2026-06-21 07:11:01'),
(3264, 1, 203, 'Legendary', 9, '2026-06-21 07:11:01'),
(3265, 1, 184, 'Legendary', 10, '2026-06-21 07:11:01'),
(3266, 1, 26, 'Trained', 1, '2026-06-21 07:11:01'),
(3267, 1, 26, 'Trained', 2, '2026-06-21 07:11:01'),
(3268, 1, 269, 'Amateur', 3, '2026-06-21 07:11:01'),
(3269, 1, 21, 'Amateur', 4, '2026-06-21 07:11:01'),
(3270, 1, 289, 'Amateur', 5, '2026-06-21 07:11:01'),
(3271, 1, 40, 'Trained', 6, '2026-06-21 07:11:02'),
(3272, 1, 26, 'Trained', 7, '2026-06-21 07:11:02'),
(3273, 1, 285, 'Amateur', 8, '2026-06-21 07:11:02'),
(3274, 1, 40, 'Trained', 9, '2026-06-21 07:11:02'),
(3275, 1, 26, 'Trained', 10, '2026-06-21 07:11:02'),
(3276, 1, 43, 'Amateur', 1, '2026-06-21 07:11:02'),
(3277, 1, 265, 'Amateur', 2, '2026-06-21 07:11:02'),
(3278, 1, 40, 'Trained', 3, '2026-06-21 07:11:02'),
(3279, 1, 40, 'Trained', 4, '2026-06-21 07:11:02'),
(3280, 1, 40, 'Trained', 5, '2026-06-21 07:11:02'),
(3281, 1, 26, 'Trained', 6, '2026-06-21 07:11:03'),
(3282, 1, 43, 'Amateur', 7, '2026-06-21 07:11:03'),
(3283, 1, 269, 'Amateur', 8, '2026-06-21 07:11:03'),
(3284, 1, 23, 'Amateur', 9, '2026-06-21 07:11:03'),
(3285, 1, 26, 'Trained', 10, '2026-06-21 07:11:03'),
(3286, 1, 21, 'Amateur', 1, '2026-06-21 07:11:03'),
(3287, 1, 40, 'Trained', 2, '2026-06-21 07:11:03'),
(3288, 1, 262, 'Amateur', 3, '2026-06-21 07:11:03'),
(3289, 1, 259, 'Amateur', 4, '2026-06-21 07:11:03'),
(3290, 1, 40, 'Trained', 5, '2026-06-21 07:11:03'),
(3291, 1, 40, 'Trained', 6, '2026-06-21 07:11:04'),
(3292, 1, 252, 'Amateur', 7, '2026-06-21 07:11:04'),
(3293, 1, 20, 'Amateur', 8, '2026-06-21 07:11:04'),
(3294, 1, 26, 'Trained', 9, '2026-06-21 07:11:04'),
(3295, 1, 26, 'Trained', 10, '2026-06-21 07:11:04'),
(3296, 1, 26, 'Trained', 1, '2026-06-21 07:11:04'),
(3297, 1, 40, 'Trained', 2, '2026-06-21 07:11:04'),
(3298, 1, 40, 'Trained', 3, '2026-06-21 07:11:04'),
(3299, 1, 282, 'Amateur', 4, '2026-06-21 07:11:04'),
(3300, 1, 289, 'Amateur', 5, '2026-06-21 07:11:04'),
(3301, 1, 26, 'Trained', 6, '2026-06-21 07:11:05'),
(3302, 1, 416, 'Legendary', 7, '2026-06-21 07:11:05'),
(3303, 1, 257, 'Amateur', 8, '2026-06-21 07:11:05'),
(3304, 1, 269, 'Amateur', 9, '2026-06-21 07:11:05'),
(3305, 1, 40, 'Trained', 10, '2026-06-21 07:11:05'),
(3306, 1, 267, 'Amateur', 1, '2026-06-21 07:11:05'),
(3307, 1, 267, 'Amateur', 2, '2026-06-21 07:11:05'),
(3308, 1, 26, 'Trained', 3, '2026-06-21 07:11:05'),
(3309, 1, 292, 'Amateur', 4, '2026-06-21 07:11:05'),
(3310, 1, 258, 'Amateur', 5, '2026-06-21 07:11:05'),
(3311, 1, 40, 'Trained', 6, '2026-06-21 07:11:06'),
(3312, 1, 26, 'Trained', 7, '2026-06-21 07:11:06'),
(3313, 1, 250, 'Amateur', 8, '2026-06-21 07:11:06'),
(3314, 1, 26, 'Trained', 9, '2026-06-21 07:11:06'),
(3315, 1, 26, 'Trained', 10, '2026-06-21 07:11:06'),
(3316, 1, 26, 'Trained', 1, '2026-06-21 07:11:06'),
(3317, 1, 43, 'Amateur', 2, '2026-06-21 07:11:06'),
(3318, 1, 286, 'Amateur', 3, '2026-06-21 07:11:06'),
(3319, 1, 40, 'Trained', 4, '2026-06-21 07:11:06'),
(3320, 1, 43, 'Amateur', 5, '2026-06-21 07:11:06'),
(3321, 1, 40, 'Trained', 6, '2026-06-21 07:11:07'),
(3322, 1, 26, 'Trained', 7, '2026-06-21 07:11:07'),
(3323, 1, 26, 'Trained', 8, '2026-06-21 07:11:07'),
(3324, 1, 26, 'Trained', 9, '2026-06-21 07:11:07'),
(3325, 1, 234, 'Legendary', 10, '2026-06-21 07:11:07'),
(3326, 1, 251, 'Amateur', 1, '2026-06-21 07:11:07'),
(3327, 1, 40, 'Trained', 2, '2026-06-21 07:11:07'),
(3328, 1, 290, 'Amateur', 3, '2026-06-21 07:11:07'),
(3329, 1, 26, 'Trained', 4, '2026-06-21 07:11:07'),
(3330, 1, 26, 'Trained', 5, '2026-06-21 07:11:07'),
(3331, 1, 282, 'Amateur', 6, '2026-06-21 07:11:07'),
(3332, 1, 26, 'Trained', 7, '2026-06-21 07:11:07'),
(3333, 1, 23, 'Amateur', 8, '2026-06-21 07:11:07'),
(3334, 1, 26, 'Trained', 9, '2026-06-21 07:11:07'),
(3335, 1, 495, 'Legendary', 10, '2026-06-21 07:11:07'),
(3336, 1, 24, 'Amateur', 1, '2026-06-21 07:11:07'),
(3337, 1, 289, 'Amateur', 2, '2026-06-21 07:11:07'),
(3338, 1, 40, 'Trained', 3, '2026-06-21 07:11:07'),
(3339, 1, 290, 'Amateur', 4, '2026-06-21 07:11:07'),
(3340, 1, 257, 'Amateur', 5, '2026-06-21 07:11:07'),
(3341, 1, 43, 'Amateur', 6, '2026-06-21 07:11:08'),
(3342, 1, 235, 'Legendary', 7, '2026-06-21 07:11:08'),
(3343, 1, 500, 'Amateur', 8, '2026-06-21 07:11:08'),
(3344, 1, 467, 'Legendary', 9, '2026-06-21 07:11:08'),
(3345, 1, 26, 'Trained', 10, '2026-06-21 07:11:08'),
(3346, 1, 19, 'Amateur', 1, '2026-06-21 07:11:08'),
(3347, 1, 26, 'Trained', 2, '2026-06-21 07:11:08'),
(3348, 1, 26, 'Trained', 3, '2026-06-21 07:11:08'),
(3349, 1, 287, 'Amateur', 4, '2026-06-21 07:11:08'),
(3350, 1, 254, 'Amateur', 5, '2026-06-21 07:11:08'),
(3351, 1, 40, 'Trained', 6, '2026-06-21 07:11:09'),
(3352, 1, 40, 'Trained', 7, '2026-06-21 07:11:09'),
(3353, 1, 502, 'Amateur', 8, '2026-06-21 07:11:09'),
(3354, 1, 26, 'Trained', 9, '2026-06-21 07:11:09'),
(3355, 1, 26, 'Trained', 10, '2026-06-21 07:11:09'),
(3356, 1, 287, 'Amateur', 1, '2026-06-21 07:11:09'),
(3357, 1, 26, 'Trained', 2, '2026-06-21 07:11:09'),
(3358, 1, 40, 'Trained', 3, '2026-06-21 07:11:09'),
(3359, 1, 286, 'Amateur', 4, '2026-06-21 07:11:09'),
(3360, 1, 464, 'Legendary', 5, '2026-06-21 07:11:09'),
(3361, 1, 26, 'Trained', 6, '2026-06-21 07:11:09'),
(3362, 1, 26, 'Trained', 7, '2026-06-21 07:11:09'),
(3363, 1, 285, 'Amateur', 8, '2026-06-21 07:11:09'),
(3364, 1, 38, 'Amateur', 9, '2026-06-21 07:11:09'),
(3365, 1, 407, 'Legendary', 10, '2026-06-21 07:11:09'),
(3366, 1, 26, 'Trained', 1, '2026-06-21 07:11:09'),
(3367, 1, 26, 'Trained', 2, '2026-06-21 07:11:09'),
(3368, 1, 280, 'Amateur', 3, '2026-06-21 07:11:09'),
(3369, 1, 262, 'Amateur', 4, '2026-06-21 07:11:09'),
(3370, 1, 38, 'Amateur', 5, '2026-06-21 07:11:09'),
(3371, 1, 282, 'Amateur', 6, '2026-06-21 07:11:10'),
(3372, 1, 253, 'Amateur', 7, '2026-06-21 07:11:10'),
(3373, 1, 26, 'Trained', 8, '2026-06-21 07:11:10'),
(3374, 1, 26, 'Trained', 9, '2026-06-21 07:11:10'),
(3375, 1, 40, 'Trained', 10, '2026-06-21 07:11:10'),
(3376, 1, 289, 'Amateur', 1, '2026-06-21 07:11:10'),
(3377, 1, 263, 'Amateur', 2, '2026-06-21 07:11:10'),
(3378, 1, 251, 'Amateur', 3, '2026-06-21 07:11:10'),
(3379, 1, 40, 'Trained', 4, '2026-06-21 07:11:10'),
(3380, 1, 40, 'Trained', 5, '2026-06-21 07:11:10'),
(3381, 1, 40, 'Trained', 6, '2026-06-21 07:11:31'),
(3382, 1, 280, 'Amateur', 7, '2026-06-21 07:11:31'),
(3383, 1, 20, 'Amateur', 8, '2026-06-21 07:11:31'),
(3384, 1, 40, 'Trained', 9, '2026-06-21 07:11:31'),
(3385, 1, 26, 'Trained', 10, '2026-06-21 07:11:31'),
(3386, 1, 43, 'Amateur', 1, '2026-06-21 07:11:31'),
(3387, 1, 250, 'Amateur', 2, '2026-06-21 07:11:31'),
(3388, 1, 26, 'Trained', 3, '2026-06-21 07:11:31'),
(3389, 1, 40, 'Trained', 4, '2026-06-21 07:11:31'),
(3390, 1, 26, 'Trained', 5, '2026-06-21 07:11:31'),
(3391, 1, 40, 'Trained', 6, '2026-06-21 07:11:33'),
(3392, 1, 40, 'Trained', 7, '2026-06-21 07:11:33'),
(3393, 1, 262, 'Amateur', 8, '2026-06-21 07:11:33'),
(3394, 1, 26, 'Trained', 9, '2026-06-21 07:11:33'),
(3395, 1, 26, 'Trained', 10, '2026-06-21 07:11:33'),
(3396, 1, 282, 'Amateur', 1, '2026-06-21 07:11:33'),
(3397, 1, 40, 'Trained', 2, '2026-06-21 07:11:33'),
(3398, 1, 26, 'Trained', 3, '2026-06-21 07:11:33'),
(3399, 1, 499, 'Amateur', 4, '2026-06-21 07:11:33'),
(3400, 1, 266, 'Amateur', 5, '2026-06-21 07:11:33'),
(3401, 1, 40, 'Trained', 6, '2026-06-21 07:11:34'),
(3402, 1, 26, 'Trained', 7, '2026-06-21 07:11:34'),
(3403, 1, 40, 'Trained', 8, '2026-06-21 07:11:34'),
(3404, 1, 499, 'Amateur', 9, '2026-06-21 07:11:34'),
(3405, 1, 26, 'Trained', 10, '2026-06-21 07:11:34'),
(3406, 1, 261, 'Amateur', 1, '2026-06-21 07:11:34'),
(3407, 1, 501, 'Amateur', 2, '2026-06-21 07:11:34'),
(3408, 1, 26, 'Trained', 3, '2026-06-21 07:11:34'),
(3409, 1, 292, 'Amateur', 4, '2026-06-21 07:11:34'),
(3410, 1, 40, 'Trained', 5, '2026-06-21 07:11:34'),
(3411, 1, 268, 'Amateur', 6, '2026-06-21 07:11:35'),
(3412, 1, 40, 'Trained', 7, '2026-06-21 07:11:35'),
(3413, 1, 26, 'Trained', 8, '2026-06-21 07:11:35'),
(3414, 1, 265, 'Amateur', 9, '2026-06-21 07:11:35'),
(3415, 1, 26, 'Trained', 10, '2026-06-21 07:11:35'),
(3416, 1, 22, 'Amateur', 1, '2026-06-21 07:11:35'),
(3417, 1, 40, 'Trained', 2, '2026-06-21 07:11:35'),
(3418, 1, 40, 'Trained', 3, '2026-06-21 07:11:35'),
(3419, 1, 22, 'Amateur', 4, '2026-06-21 07:11:35'),
(3420, 1, 40, 'Trained', 5, '2026-06-21 07:11:35'),
(3421, 1, 266, 'Amateur', 6, '2026-06-21 07:11:35'),
(3422, 1, 499, 'Amateur', 7, '2026-06-21 07:11:35'),
(3423, 1, 502, 'Amateur', 8, '2026-06-21 07:11:35'),
(3424, 1, 287, 'Amateur', 9, '2026-06-21 07:11:35'),
(3425, 1, 26, 'Trained', 10, '2026-06-21 07:11:35'),
(3426, 1, 210, 'Legendary', 1, '2026-06-21 07:11:35'),
(3427, 1, 40, 'Trained', 2, '2026-06-21 07:11:35'),
(3428, 1, 26, 'Trained', 3, '2026-06-21 07:11:35'),
(3429, 1, 26, 'Trained', 4, '2026-06-21 07:11:35'),
(3430, 1, 163, 'Legendary', 5, '2026-06-21 07:11:35'),
(3431, 1, 265, 'Amateur', 6, '2026-06-21 07:11:37'),
(3432, 1, 261, 'Amateur', 7, '2026-06-21 07:11:37'),
(3433, 1, 283, 'Amateur', 8, '2026-06-21 07:11:37'),
(3434, 1, 401, 'Legendary', 9, '2026-06-21 07:11:37'),
(3435, 1, 40, 'Trained', 10, '2026-06-21 07:11:37'),
(3436, 1, 40, 'Trained', 1, '2026-06-21 07:11:37'),
(3437, 1, 292, 'Amateur', 2, '2026-06-21 07:11:37'),
(3438, 1, 408, 'Legendary', 3, '2026-06-21 07:11:37'),
(3439, 1, 289, 'Amateur', 4, '2026-06-21 07:11:37'),
(3440, 1, 40, 'Trained', 5, '2026-06-21 07:11:37'),
(3441, 1, 26, 'Trained', 6, '2026-06-21 07:11:38'),
(3442, 1, 26, 'Trained', 7, '2026-06-21 07:11:38'),
(3443, 1, 40, 'Trained', 8, '2026-06-21 07:11:38'),
(3444, 1, 20, 'Amateur', 9, '2026-06-21 07:11:38'),
(3445, 1, 40, 'Trained', 10, '2026-06-21 07:11:38'),
(3446, 1, 22, 'Amateur', 1, '2026-06-21 07:11:38'),
(3447, 1, 26, 'Trained', 2, '2026-06-21 07:11:38'),
(3448, 1, 289, 'Amateur', 3, '2026-06-21 07:11:38'),
(3449, 1, 40, 'Trained', 4, '2026-06-21 07:11:38'),
(3450, 1, 260, 'Amateur', 5, '2026-06-21 07:11:38'),
(3451, 1, 282, 'Amateur', 6, '2026-06-21 07:11:38'),
(3452, 1, 449, 'Legendary', 7, '2026-06-21 07:11:38'),
(3453, 1, 26, 'Trained', 8, '2026-06-21 07:11:38'),
(3454, 1, 40, 'Trained', 9, '2026-06-21 07:11:38'),
(3455, 1, 418, 'Legendary', 10, '2026-06-21 07:11:38'),
(3456, 1, 40, 'Trained', 1, '2026-06-21 07:11:38'),
(3457, 1, 40, 'Trained', 2, '2026-06-21 07:11:38'),
(3458, 1, 40, 'Trained', 3, '2026-06-21 07:11:38'),
(3459, 1, 26, 'Trained', 4, '2026-06-21 07:11:38'),
(3460, 1, 26, 'Trained', 5, '2026-06-21 07:11:38'),
(3461, 1, 287, 'Amateur', 6, '2026-06-21 07:11:39'),
(3462, 1, 26, 'Trained', 7, '2026-06-21 07:11:39'),
(3463, 1, 21, 'Amateur', 8, '2026-06-21 07:11:39'),
(3464, 1, 501, 'Amateur', 9, '2026-06-21 07:11:39'),
(3465, 1, 26, 'Trained', 10, '2026-06-21 07:11:39'),
(3466, 1, 40, 'Trained', 1, '2026-06-21 07:11:39'),
(3467, 1, 290, 'Amateur', 2, '2026-06-21 07:11:39'),
(3468, 1, 255, 'Amateur', 3, '2026-06-21 07:11:39'),
(3469, 1, 40, 'Trained', 4, '2026-06-21 07:11:39'),
(3470, 1, 500, 'Amateur', 5, '2026-06-21 07:11:39'),
(3471, 1, 20, 'Amateur', 6, '2026-06-21 07:13:47'),
(3472, 1, 40, 'Trained', 7, '2026-06-21 07:13:47'),
(3473, 1, 26, 'Trained', 8, '2026-06-21 07:13:47'),
(3474, 1, 26, 'Trained', 9, '2026-06-21 07:13:47'),
(3475, 1, 40, 'Trained', 10, '2026-06-21 07:13:47'),
(3476, 1, 40, 'Trained', 1, '2026-06-21 07:13:47'),
(3477, 1, 502, 'Amateur', 2, '2026-06-21 07:13:47'),
(3478, 1, 40, 'Trained', 3, '2026-06-21 07:13:47'),
(3479, 1, 259, 'Amateur', 4, '2026-06-21 07:13:47'),
(3480, 1, 40, 'Trained', 5, '2026-06-21 07:13:47'),
(3481, 1, 261, 'Amateur', 6, '2026-06-21 07:13:49'),
(3482, 1, 38, 'Amateur', 7, '2026-06-21 07:13:49'),
(3483, 1, 256, 'Amateur', 8, '2026-06-21 07:13:49'),
(3484, 1, 26, 'Trained', 9, '2026-06-21 07:13:49'),
(3485, 1, 176, 'Legendary', 10, '2026-06-21 07:13:49'),
(3486, 1, 264, 'Amateur', 1, '2026-06-21 07:13:49'),
(3487, 1, 40, 'Trained', 2, '2026-06-21 07:13:49'),
(3488, 1, 20, 'Amateur', 3, '2026-06-21 07:13:49'),
(3489, 1, 253, 'Amateur', 4, '2026-06-21 07:13:49'),
(3490, 1, 261, 'Amateur', 5, '2026-06-21 07:13:49'),
(3491, 1, 280, 'Amateur', 6, '2026-06-21 07:13:50'),
(3492, 1, 40, 'Trained', 7, '2026-06-21 07:13:50'),
(3493, 1, 26, 'Trained', 8, '2026-06-21 07:13:50'),
(3494, 1, 40, 'Trained', 9, '2026-06-21 07:13:50'),
(3495, 1, 40, 'Trained', 10, '2026-06-21 07:13:50'),
(3496, 1, 40, 'Trained', 1, '2026-06-21 07:13:50'),
(3497, 1, 261, 'Amateur', 2, '2026-06-21 07:13:50'),
(3498, 1, 501, 'Amateur', 3, '2026-06-21 07:13:50'),
(3499, 1, 24, 'Amateur', 4, '2026-06-21 07:13:50'),
(3500, 1, 40, 'Trained', 5, '2026-06-21 07:13:50'),
(3501, 1, 26, 'Trained', 6, '2026-06-21 07:13:51'),
(3502, 1, 500, 'Amateur', 7, '2026-06-21 07:13:51'),
(3503, 1, 26, 'Trained', 8, '2026-06-21 07:13:51'),
(3504, 1, 26, 'Trained', 9, '2026-06-21 07:13:51'),
(3505, 1, 178, 'Legendary', 10, '2026-06-21 07:13:51'),
(3506, 1, 290, 'Amateur', 1, '2026-06-21 07:13:51'),
(3507, 1, 40, 'Trained', 2, '2026-06-21 07:13:51'),
(3508, 1, 40, 'Trained', 3, '2026-06-21 07:13:51'),
(3509, 1, 500, 'Amateur', 4, '2026-06-21 07:13:51'),
(3510, 1, 40, 'Trained', 5, '2026-06-21 07:13:51'),
(3511, 1, 26, 'Trained', 6, '2026-06-21 07:13:52'),
(3512, 1, 253, 'Amateur', 7, '2026-06-21 07:13:52'),
(3513, 1, 283, 'Amateur', 8, '2026-06-21 07:13:52'),
(3514, 1, 40, 'Trained', 9, '2026-06-21 07:13:52'),
(3515, 1, 26, 'Trained', 10, '2026-06-21 07:13:52'),
(3516, 1, 26, 'Trained', 1, '2026-06-21 07:13:52'),
(3517, 1, 40, 'Trained', 2, '2026-06-21 07:13:52'),
(3518, 1, 20, 'Amateur', 3, '2026-06-21 07:13:52'),
(3519, 1, 40, 'Trained', 4, '2026-06-21 07:13:52'),
(3520, 1, 283, 'Amateur', 5, '2026-06-21 07:13:52'),
(3521, 1, 26, 'Trained', 6, '2026-06-21 07:13:53'),
(3522, 1, 21, 'Amateur', 7, '2026-06-21 07:13:53'),
(3523, 1, 26, 'Trained', 8, '2026-06-21 07:13:53'),
(3524, 1, 267, 'Amateur', 9, '2026-06-21 07:13:53'),
(3525, 1, 40, 'Trained', 10, '2026-06-21 07:13:53'),
(3526, 1, 268, 'Amateur', 1, '2026-06-21 07:13:53'),
(3527, 1, 40, 'Trained', 2, '2026-06-21 07:13:53'),
(3528, 1, 24, 'Amateur', 3, '2026-06-21 07:13:53'),
(3529, 1, 252, 'Amateur', 4, '2026-06-21 07:13:53'),
(3530, 1, 285, 'Amateur', 5, '2026-06-21 07:13:53'),
(3531, 1, 251, 'Amateur', 6, '2026-06-21 07:13:53'),
(3532, 1, 26, 'Trained', 7, '2026-06-21 07:13:53'),
(3533, 1, 253, 'Amateur', 8, '2026-06-21 07:13:53'),
(3534, 1, 26, 'Trained', 9, '2026-06-21 07:13:53'),
(3535, 1, 40, 'Trained', 10, '2026-06-21 07:13:53'),
(3536, 1, 252, 'Amateur', 1, '2026-06-21 07:13:53'),
(3537, 1, 40, 'Trained', 2, '2026-06-21 07:13:53'),
(3538, 1, 285, 'Amateur', 3, '2026-06-21 07:13:53'),
(3539, 1, 289, 'Amateur', 4, '2026-06-21 07:13:53'),
(3540, 1, 40, 'Trained', 5, '2026-06-21 07:13:53'),
(3541, 1, 282, 'Amateur', 6, '2026-06-21 07:13:54'),
(3542, 1, 251, 'Amateur', 7, '2026-06-21 07:13:54'),
(3543, 1, 269, 'Amateur', 8, '2026-06-21 07:13:54'),
(3544, 1, 22, 'Amateur', 9, '2026-06-21 07:13:54'),
(3545, 1, 245, 'Legendary', 10, '2026-06-21 07:13:54'),
(3546, 1, 238, 'Legendary', 1, '2026-06-21 07:13:54'),
(3547, 1, 262, 'Amateur', 2, '2026-06-21 07:13:54'),
(3548, 1, 254, 'Amateur', 3, '2026-06-21 07:13:54'),
(3549, 1, 40, 'Trained', 4, '2026-06-21 07:13:54'),
(3550, 1, 26, 'Trained', 5, '2026-06-21 07:13:54'),
(3551, 1, 268, 'Amateur', 6, '2026-06-21 07:13:55'),
(3552, 1, 282, 'Amateur', 7, '2026-06-21 07:13:55'),
(3553, 1, 258, 'Amateur', 8, '2026-06-21 07:13:55'),
(3554, 1, 253, 'Amateur', 9, '2026-06-21 07:13:55'),
(3555, 1, 40, 'Trained', 10, '2026-06-21 07:13:55'),
(3556, 1, 40, 'Trained', 1, '2026-06-21 07:13:55'),
(3557, 1, 259, 'Amateur', 2, '2026-06-21 07:13:55'),
(3558, 1, 26, 'Trained', 3, '2026-06-21 07:13:55'),
(3559, 1, 26, 'Trained', 4, '2026-06-21 07:13:55'),
(3560, 1, 266, 'Amateur', 5, '2026-06-21 07:13:55'),
(3561, 1, 26, 'Trained', 6, '2026-06-21 07:13:56'),
(3562, 1, 280, 'Amateur', 7, '2026-06-21 07:13:56'),
(3563, 1, 26, 'Trained', 8, '2026-06-21 07:13:56'),
(3564, 1, 264, 'Amateur', 9, '2026-06-21 07:13:56'),
(3565, 1, 26, 'Trained', 10, '2026-06-21 07:13:56'),
(3566, 1, 40, 'Trained', 1, '2026-06-21 07:13:56'),
(3567, 1, 251, 'Amateur', 2, '2026-06-21 07:13:56'),
(3568, 1, 40, 'Trained', 3, '2026-06-21 07:13:56'),
(3569, 1, 261, 'Amateur', 4, '2026-06-21 07:13:56'),
(3570, 1, 40, 'Trained', 5, '2026-06-21 07:13:56'),
(3571, 1, 40, 'Trained', 6, '2026-06-21 07:18:41'),
(3572, 1, 266, 'Amateur', 7, '2026-06-21 07:18:41'),
(3573, 1, 26, 'Trained', 8, '2026-06-21 07:18:41'),
(3574, 1, 40, 'Trained', 9, '2026-06-21 07:18:41'),
(3575, 1, 26, 'Trained', 10, '2026-06-21 07:18:41'),
(3576, 1, 40, 'Trained', 1, '2026-06-21 07:18:41'),
(3577, 1, 40, 'Trained', 2, '2026-06-21 07:18:41'),
(3578, 1, 40, 'Trained', 3, '2026-06-21 07:18:41'),
(3579, 1, 26, 'Trained', 4, '2026-06-21 07:18:41'),
(3580, 1, 40, 'Trained', 5, '2026-06-21 07:18:41'),
(3581, 1, 26, 'Trained', 6, '2026-06-21 07:18:42'),
(3582, 1, 287, 'Amateur', 7, '2026-06-21 07:18:42'),
(3583, 1, 40, 'Trained', 8, '2026-06-21 07:18:42'),
(3584, 1, 19, 'Amateur', 9, '2026-06-21 07:18:42'),
(3585, 1, 40, 'Trained', 10, '2026-06-21 07:18:42'),
(3586, 1, 40, 'Trained', 1, '2026-06-21 07:18:42'),
(3587, 1, 40, 'Trained', 2, '2026-06-21 07:18:42'),
(3588, 1, 260, 'Amateur', 3, '2026-06-21 07:18:42'),
(3589, 1, 26, 'Trained', 4, '2026-06-21 07:18:42'),
(3590, 1, 40, 'Trained', 5, '2026-06-21 07:18:42'),
(3591, 1, 283, 'Amateur', 6, '2026-06-21 07:18:43'),
(3592, 1, 26, 'Trained', 7, '2026-06-21 07:18:43'),
(3593, 1, 264, 'Amateur', 8, '2026-06-21 07:18:43'),
(3594, 1, 26, 'Trained', 9, '2026-06-21 07:18:43'),
(3595, 1, 659, 'Celestial', 10, '2026-06-21 07:18:43'),
(3596, 1, 251, 'Amateur', 1, '2026-06-21 07:18:43'),
(3597, 1, 282, 'Amateur', 2, '2026-06-21 07:18:43'),
(3598, 1, 40, 'Trained', 3, '2026-06-21 07:18:43'),
(3599, 1, 40, 'Trained', 4, '2026-06-21 07:18:43'),
(3600, 1, 40, 'Trained', 5, '2026-06-21 07:18:43'),
(3601, 1, 263, 'Amateur', 6, '2026-06-21 07:18:45'),
(3602, 1, 26, 'Trained', 7, '2026-06-21 07:18:45'),
(3603, 1, 260, 'Amateur', 8, '2026-06-21 07:18:45'),
(3604, 1, 20, 'Amateur', 9, '2026-06-21 07:18:45'),
(3605, 1, 40, 'Trained', 10, '2026-06-21 07:18:45'),
(3606, 1, 40, 'Trained', 1, '2026-06-21 07:18:45'),
(3607, 1, 26, 'Trained', 2, '2026-06-21 07:18:45'),
(3608, 1, 262, 'Amateur', 3, '2026-06-21 07:18:45'),
(3609, 1, 502, 'Amateur', 4, '2026-06-21 07:18:45'),
(3610, 1, 26, 'Trained', 5, '2026-06-21 07:18:45'),
(3611, 1, 266, 'Amateur', 6, '2026-06-21 07:18:46'),
(3612, 1, 43, 'Amateur', 7, '2026-06-21 07:18:46'),
(3613, 1, 40, 'Trained', 8, '2026-06-21 07:18:46'),
(3614, 1, 265, 'Amateur', 9, '2026-06-21 07:18:46'),
(3615, 1, 40, 'Trained', 10, '2026-06-21 07:18:46'),
(3616, 1, 280, 'Amateur', 1, '2026-06-21 07:18:46'),
(3617, 1, 263, 'Amateur', 2, '2026-06-21 07:18:46'),
(3618, 1, 40, 'Trained', 3, '2026-06-21 07:18:46'),
(3619, 1, 267, 'Amateur', 4, '2026-06-21 07:18:46'),
(3620, 1, 26, 'Trained', 5, '2026-06-21 07:18:46'),
(3621, 1, 26, 'Trained', 6, '2026-06-21 07:18:47'),
(3622, 1, 26, 'Trained', 7, '2026-06-21 07:18:47'),
(3623, 1, 26, 'Trained', 8, '2026-06-21 07:18:47'),
(3624, 1, 259, 'Amateur', 9, '2026-06-21 07:18:47'),
(3625, 1, 192, 'Legendary', 10, '2026-06-21 07:18:47'),
(3626, 1, 262, 'Amateur', 1, '2026-06-21 07:18:47'),
(3627, 1, 26, 'Trained', 2, '2026-06-21 07:18:47'),
(3628, 1, 267, 'Amateur', 3, '2026-06-21 07:18:47'),
(3629, 1, 262, 'Amateur', 4, '2026-06-21 07:18:47'),
(3630, 1, 264, 'Amateur', 5, '2026-06-21 07:18:47'),
(3631, 1, 267, 'Amateur', 6, '2026-06-21 07:18:49'),
(3632, 1, 40, 'Trained', 7, '2026-06-21 07:18:49'),
(3633, 1, 26, 'Trained', 8, '2026-06-21 07:18:49'),
(3634, 1, 264, 'Amateur', 9, '2026-06-21 07:18:49'),
(3635, 1, 428, 'Legendary', 10, '2026-06-21 07:18:49'),
(3636, 1, 280, 'Amateur', 1, '2026-06-21 07:18:49'),
(3637, 1, 260, 'Amateur', 2, '2026-06-21 07:18:49'),
(3638, 1, 40, 'Trained', 3, '2026-06-21 07:18:49'),
(3639, 1, 267, 'Amateur', 4, '2026-06-21 07:18:49'),
(3640, 1, 266, 'Amateur', 5, '2026-06-21 07:18:49'),
(3641, 1, 26, 'Trained', 6, '2026-06-21 07:18:50'),
(3642, 1, 26, 'Trained', 7, '2026-06-21 07:18:50'),
(3643, 1, 259, 'Amateur', 8, '2026-06-21 07:18:50'),
(3644, 1, 290, 'Amateur', 9, '2026-06-21 07:18:50'),
(3645, 1, 26, 'Trained', 10, '2026-06-21 07:18:50'),
(3646, 1, 434, 'Legendary', 1, '2026-06-21 07:18:50'),
(3647, 1, 26, 'Trained', 2, '2026-06-21 07:18:50'),
(3648, 1, 26, 'Trained', 3, '2026-06-21 07:18:50'),
(3649, 1, 40, 'Trained', 4, '2026-06-21 07:18:50'),
(3650, 1, 40, 'Trained', 5, '2026-06-21 07:18:50'),
(3651, 1, 40, 'Trained', 6, '2026-06-21 07:18:51'),
(3652, 1, 501, 'Amateur', 7, '2026-06-21 07:18:51'),
(3653, 1, 26, 'Trained', 8, '2026-06-21 07:18:51'),
(3654, 1, 501, 'Amateur', 9, '2026-06-21 07:18:51'),
(3655, 1, 26, 'Trained', 10, '2026-06-21 07:18:51'),
(3656, 1, 287, 'Amateur', 1, '2026-06-21 07:18:51'),
(3657, 1, 26, 'Trained', 2, '2026-06-21 07:18:51'),
(3658, 1, 40, 'Trained', 3, '2026-06-21 07:18:51'),
(3659, 1, 269, 'Amateur', 4, '2026-06-21 07:18:51'),
(3660, 1, 26, 'Trained', 5, '2026-06-21 07:18:51'),
(3661, 1, 40, 'Trained', 6, '2026-06-21 07:18:52'),
(3662, 1, 285, 'Amateur', 7, '2026-06-21 07:18:52'),
(3663, 1, 26, 'Trained', 8, '2026-06-21 07:18:52'),
(3664, 1, 253, 'Amateur', 9, '2026-06-21 07:18:52'),
(3665, 1, 456, 'Legendary', 10, '2026-06-21 07:18:52'),
(3666, 1, 26, 'Trained', 1, '2026-06-21 07:18:52'),
(3667, 1, 260, 'Amateur', 2, '2026-06-21 07:18:52'),
(3668, 1, 289, 'Amateur', 3, '2026-06-21 07:18:52'),
(3669, 1, 20, 'Amateur', 4, '2026-06-21 07:18:52'),
(3670, 1, 19, 'Amateur', 5, '2026-06-21 07:18:52'),
(3671, 1, 22, 'Amateur', 6, '2026-06-21 07:18:52'),
(3672, 1, 286, 'Amateur', 7, '2026-06-21 07:18:52'),
(3673, 1, 500, 'Amateur', 8, '2026-06-21 07:18:52'),
(3674, 1, 24, 'Amateur', 9, '2026-06-21 07:18:52'),
(3675, 1, 201, 'Legendary', 10, '2026-06-21 07:18:52'),
(3676, 1, 43, 'Amateur', 1, '2026-06-21 07:18:52'),
(3677, 1, 40, 'Trained', 2, '2026-06-21 07:18:52'),
(3678, 1, 20, 'Amateur', 3, '2026-06-21 07:18:52'),
(3679, 1, 40, 'Trained', 4, '2026-06-21 07:18:52'),
(3680, 1, 256, 'Amateur', 5, '2026-06-21 07:18:52'),
(3681, 1, 26, 'Trained', 6, '2026-06-21 07:18:53'),
(3682, 1, 40, 'Trained', 7, '2026-06-21 07:18:53'),
(3683, 1, 43, 'Amateur', 8, '2026-06-21 07:18:53'),
(3684, 1, 26, 'Trained', 9, '2026-06-21 07:18:53'),
(3685, 1, 40, 'Trained', 10, '2026-06-21 07:18:53'),
(3686, 1, 260, 'Amateur', 1, '2026-06-21 07:18:53'),
(3687, 1, 26, 'Trained', 2, '2026-06-21 07:18:53'),
(3688, 1, 40, 'Trained', 3, '2026-06-21 07:18:53'),
(3689, 1, 40, 'Trained', 4, '2026-06-21 07:18:53'),
(3690, 1, 26, 'Trained', 5, '2026-06-21 07:18:53'),
(3691, 1, 265, 'Amateur', 6, '2026-06-21 07:18:53'),
(3692, 1, 20, 'Amateur', 7, '2026-06-21 07:18:53'),
(3693, 1, 26, 'Trained', 8, '2026-06-21 07:18:53'),
(3694, 1, 243, 'Legendary', 9, '2026-06-21 07:18:53'),
(3695, 1, 40, 'Trained', 10, '2026-06-21 07:18:53'),
(3696, 1, 223, 'Legendary', 1, '2026-06-21 07:18:53'),
(3697, 1, 286, 'Amateur', 2, '2026-06-21 07:18:53'),
(3698, 1, 24, 'Amateur', 3, '2026-06-21 07:18:53'),
(3699, 1, 40, 'Trained', 4, '2026-06-21 07:18:53'),
(3700, 1, 268, 'Amateur', 5, '2026-06-21 07:18:53'),
(3701, 1, 38, 'Amateur', 6, '2026-06-21 07:18:54'),
(3702, 1, 265, 'Amateur', 7, '2026-06-21 07:18:54'),
(3703, 1, 40, 'Trained', 8, '2026-06-21 07:18:54'),
(3704, 1, 40, 'Trained', 9, '2026-06-21 07:18:54'),
(3705, 1, 26, 'Trained', 10, '2026-06-21 07:18:54'),
(3706, 1, 26, 'Trained', 1, '2026-06-21 07:18:54'),
(3707, 1, 280, 'Amateur', 2, '2026-06-21 07:18:54'),
(3708, 1, 40, 'Trained', 3, '2026-06-21 07:18:54'),
(3709, 1, 26, 'Trained', 4, '2026-06-21 07:18:54'),
(3710, 1, 269, 'Amateur', 5, '2026-06-21 07:18:54'),
(3711, 1, 26, 'Trained', 6, '2026-06-21 07:18:54'),
(3712, 1, 289, 'Amateur', 7, '2026-06-21 07:18:54'),
(3713, 1, 26, 'Trained', 8, '2026-06-21 07:18:54'),
(3714, 1, 26, 'Trained', 9, '2026-06-21 07:18:54'),
(3715, 1, 26, 'Trained', 10, '2026-06-21 07:18:54'),
(3716, 1, 499, 'Amateur', 1, '2026-06-21 07:18:54'),
(3717, 1, 264, 'Amateur', 2, '2026-06-21 07:18:54'),
(3718, 1, 437, 'Legendary', 3, '2026-06-21 07:18:54'),
(3719, 1, 20, 'Amateur', 4, '2026-06-21 07:18:54'),
(3720, 1, 257, 'Amateur', 5, '2026-06-21 07:18:54'),
(3721, 1, 26, 'Trained', 6, '2026-06-21 07:18:55'),
(3722, 1, 26, 'Trained', 7, '2026-06-21 07:18:55'),
(3723, 1, 261, 'Amateur', 8, '2026-06-21 07:18:55'),
(3724, 1, 20, 'Amateur', 9, '2026-06-21 07:18:55'),
(3725, 1, 40, 'Trained', 10, '2026-06-21 07:18:55'),
(3726, 1, 40, 'Trained', 1, '2026-06-21 07:18:55'),
(3727, 1, 289, 'Amateur', 2, '2026-06-21 07:18:55'),
(3728, 1, 40, 'Trained', 3, '2026-06-21 07:18:55'),
(3729, 1, 40, 'Trained', 4, '2026-06-21 07:18:55'),
(3730, 1, 40, 'Trained', 5, '2026-06-21 07:18:55'),
(3731, 1, 500, 'Amateur', 6, '2026-06-21 07:18:55'),
(3732, 1, 288, 'Amateur', 7, '2026-06-21 07:18:55'),
(3733, 1, 463, 'Legendary', 8, '2026-06-21 07:18:55'),
(3734, 1, 40, 'Trained', 9, '2026-06-21 07:18:55'),
(3735, 1, 26, 'Trained', 10, '2026-06-21 07:18:55'),
(3736, 1, 43, 'Amateur', 1, '2026-06-21 07:18:55'),
(3737, 1, 288, 'Amateur', 2, '2026-06-21 07:18:55'),
(3738, 1, 259, 'Amateur', 3, '2026-06-21 07:18:55'),
(3739, 1, 499, 'Amateur', 4, '2026-06-21 07:18:55'),
(3740, 1, 269, 'Amateur', 5, '2026-06-21 07:18:55'),
(3741, 1, 26, 'Trained', 6, '2026-06-21 07:18:56'),
(3742, 1, 280, 'Amateur', 7, '2026-06-21 07:18:56'),
(3743, 1, 259, 'Amateur', 8, '2026-06-21 07:18:56'),
(3744, 1, 40, 'Trained', 9, '2026-06-21 07:18:56'),
(3745, 1, 40, 'Trained', 10, '2026-06-21 07:18:56'),
(3746, 1, 287, 'Amateur', 1, '2026-06-21 07:18:56'),
(3747, 1, 261, 'Amateur', 2, '2026-06-21 07:18:56'),
(3748, 1, 23, 'Amateur', 3, '2026-06-21 07:18:56'),
(3749, 1, 262, 'Amateur', 4, '2026-06-21 07:18:56'),
(3750, 1, 38, 'Amateur', 5, '2026-06-21 07:18:56'),
(3751, 1, 40, 'Trained', 6, '2026-06-21 07:18:56'),
(3752, 1, 282, 'Amateur', 7, '2026-06-21 07:18:56'),
(3753, 1, 38, 'Amateur', 8, '2026-06-21 07:18:56'),
(3754, 1, 292, 'Amateur', 9, '2026-06-21 07:18:56'),
(3755, 1, 40, 'Trained', 10, '2026-06-21 07:18:56'),
(3756, 1, 40, 'Trained', 1, '2026-06-21 07:18:56'),
(3757, 1, 250, 'Amateur', 2, '2026-06-21 07:18:56'),
(3758, 1, 26, 'Trained', 3, '2026-06-21 07:18:56'),
(3759, 1, 40, 'Trained', 4, '2026-06-21 07:18:56'),
(3760, 1, 267, 'Amateur', 5, '2026-06-21 07:18:56'),
(3761, 1, 26, 'Trained', 6, '2026-06-21 07:18:57'),
(3762, 1, 219, 'Legendary', 7, '2026-06-21 07:18:57'),
(3763, 1, 19, 'Amateur', 8, '2026-06-21 07:18:57'),
(3764, 1, 40, 'Trained', 9, '2026-06-21 07:18:57'),
(3765, 1, 40, 'Trained', 10, '2026-06-21 07:18:57'),
(3766, 1, 290, 'Amateur', 1, '2026-06-21 07:18:57'),
(3767, 1, 26, 'Trained', 2, '2026-06-21 07:18:57'),
(3768, 1, 26, 'Trained', 3, '2026-06-21 07:18:57'),
(3769, 1, 250, 'Amateur', 4, '2026-06-21 07:18:57'),
(3770, 1, 26, 'Trained', 5, '2026-06-21 07:18:57'),
(3771, 1, 261, 'Amateur', 6, '2026-06-21 07:18:57'),
(3772, 1, 24, 'Amateur', 7, '2026-06-21 07:18:57'),
(3773, 1, 26, 'Trained', 8, '2026-06-21 07:18:57'),
(3774, 1, 26, 'Trained', 9, '2026-06-21 07:18:57'),
(3775, 1, 40, 'Trained', 10, '2026-06-21 07:18:57'),
(3776, 1, 26, 'Trained', 1, '2026-06-21 07:18:57'),
(3777, 1, 40, 'Trained', 2, '2026-06-21 07:18:57'),
(3778, 1, 26, 'Trained', 3, '2026-06-21 07:18:57'),
(3779, 1, 288, 'Amateur', 4, '2026-06-21 07:18:57'),
(3780, 1, 252, 'Amateur', 5, '2026-06-21 07:18:57'),
(3781, 1, 26, 'Trained', 6, '2026-06-21 07:18:58'),
(3782, 1, 26, 'Trained', 7, '2026-06-21 07:18:58'),
(3783, 1, 26, 'Trained', 8, '2026-06-21 07:18:58'),
(3784, 1, 40, 'Trained', 9, '2026-06-21 07:18:58'),
(3785, 1, 165, 'Legendary', 10, '2026-06-21 07:18:58'),
(3786, 1, 251, 'Amateur', 1, '2026-06-21 07:18:58'),
(3787, 1, 26, 'Trained', 2, '2026-06-21 07:18:58'),
(3788, 1, 499, 'Amateur', 3, '2026-06-21 07:18:58'),
(3789, 1, 259, 'Amateur', 4, '2026-06-21 07:18:58'),
(3790, 1, 43, 'Amateur', 5, '2026-06-21 07:18:58'),
(3791, 1, 40, 'Trained', 6, '2026-06-21 07:18:58'),
(3792, 1, 261, 'Amateur', 7, '2026-06-21 07:18:58'),
(3793, 1, 26, 'Trained', 8, '2026-06-21 07:18:58'),
(3794, 1, 19, 'Amateur', 9, '2026-06-21 07:18:58'),
(3795, 1, 666, 'Celestial', 10, '2026-06-21 07:18:58'),
(3796, 1, 261, 'Amateur', 1, '2026-06-21 07:18:58'),
(3797, 1, 260, 'Amateur', 2, '2026-06-21 07:18:58'),
(3798, 1, 40, 'Trained', 3, '2026-06-21 07:18:58'),
(3799, 1, 258, 'Amateur', 4, '2026-06-21 07:18:58'),
(3800, 1, 283, 'Amateur', 5, '2026-06-21 07:18:58'),
(3801, 1, 26, 'Trained', 6, '2026-06-21 07:18:59'),
(3802, 1, 26, 'Trained', 7, '2026-06-21 07:18:59'),
(3803, 1, 257, 'Amateur', 8, '2026-06-21 07:18:59'),
(3804, 1, 40, 'Trained', 9, '2026-06-21 07:18:59'),
(3805, 1, 26, 'Trained', 10, '2026-06-21 07:18:59'),
(3806, 1, 40, 'Trained', 1, '2026-06-21 07:18:59'),
(3807, 1, 23, 'Amateur', 2, '2026-06-21 07:18:59'),
(3808, 1, 40, 'Trained', 3, '2026-06-21 07:18:59'),
(3809, 1, 26, 'Trained', 4, '2026-06-21 07:18:59'),
(3810, 1, 26, 'Trained', 5, '2026-06-21 07:18:59'),
(3811, 4, 26, 'Trained', 2, '2026-06-21 07:23:21'),
(3812, 4, 252, 'Amateur', 3, '2026-06-21 07:23:21'),
(3813, 4, 414, 'Legendary', 4, '2026-06-21 07:23:21'),
(3814, 4, 501, 'Amateur', 5, '2026-06-21 07:23:21'),
(3815, 4, 206, 'Legendary', 6, '2026-06-21 07:23:21'),
(3816, 4, 290, 'Amateur', 7, '2026-06-21 07:23:21'),
(3817, 4, 24, 'Amateur', 8, '2026-06-21 07:23:21'),
(3818, 4, 292, 'Amateur', 9, '2026-06-21 07:23:21'),
(3819, 4, 40, 'Trained', 10, '2026-06-21 07:23:21'),
(3820, 4, 26, 'Trained', 1, '2026-06-21 07:23:21'),
(3821, 4, 40, 'Trained', 2, '2026-06-21 07:23:23'),
(3822, 4, 40, 'Trained', 3, '2026-06-21 07:23:23'),
(3823, 4, 252, 'Amateur', 4, '2026-06-21 07:23:23'),
(3824, 4, 26, 'Trained', 5, '2026-06-21 07:23:23'),
(3825, 4, 26, 'Trained', 6, '2026-06-21 07:23:23'),
(3826, 4, 26, 'Trained', 7, '2026-06-21 07:23:23'),
(3827, 4, 255, 'Amateur', 8, '2026-06-21 07:23:23'),
(3828, 4, 40, 'Trained', 9, '2026-06-21 07:23:23'),
(3829, 4, 40, 'Trained', 10, '2026-06-21 07:23:23'),
(3830, 4, 254, 'Amateur', 1, '2026-06-21 07:23:23'),
(3831, 4, 26, 'Trained', 2, '2026-06-21 07:23:24'),
(3832, 4, 40, 'Trained', 3, '2026-06-21 07:23:24'),
(3833, 4, 26, 'Trained', 4, '2026-06-21 07:23:24'),
(3834, 4, 253, 'Amateur', 5, '2026-06-21 07:23:24'),
(3835, 4, 287, 'Amateur', 6, '2026-06-21 07:23:24'),
(3836, 4, 260, 'Amateur', 7, '2026-06-21 07:23:24'),
(3837, 4, 26, 'Trained', 8, '2026-06-21 07:23:24'),
(3838, 4, 26, 'Trained', 9, '2026-06-21 07:23:24'),
(3839, 4, 40, 'Trained', 10, '2026-06-21 07:23:24'),
(3840, 4, 287, 'Amateur', 1, '2026-06-21 07:23:24'),
(3841, 4, 255, 'Amateur', 2, '2026-06-21 07:23:25'),
(3842, 4, 672, 'Amateur', 3, '2026-06-21 07:23:25'),
(3843, 4, 40, 'Trained', 4, '2026-06-21 07:23:25'),
(3844, 4, 292, 'Amateur', 5, '2026-06-21 07:23:25'),
(3845, 4, 502, 'Amateur', 6, '2026-06-21 07:23:25'),
(3846, 4, 673, 'Amateur', 7, '2026-06-21 07:23:25'),
(3847, 4, 40, 'Trained', 8, '2026-06-21 07:23:25'),
(3848, 4, 38, 'Amateur', 9, '2026-06-21 07:23:25'),
(3849, 4, 40, 'Trained', 10, '2026-06-21 07:23:25'),
(3850, 4, 280, 'Amateur', 1, '2026-06-21 07:23:25'),
(3851, 4, 502, 'Amateur', 2, '2026-06-21 07:23:26'),
(3852, 4, 674, 'Amateur', 3, '2026-06-21 07:23:26'),
(3853, 4, 675, 'Amateur', 4, '2026-06-21 07:23:26'),
(3854, 4, 26, 'Trained', 5, '2026-06-21 07:23:26'),
(3855, 4, 252, 'Amateur', 6, '2026-06-21 07:23:26'),
(3856, 4, 40, 'Trained', 7, '2026-06-21 07:23:26'),
(3857, 4, 501, 'Amateur', 8, '2026-06-21 07:23:26'),
(3858, 4, 26, 'Trained', 9, '2026-06-21 07:23:26'),
(3859, 4, 40, 'Trained', 10, '2026-06-21 07:23:26'),
(3860, 4, 499, 'Amateur', 1, '2026-06-21 07:23:26'),
(3861, 4, 24, 'Amateur', 2, '2026-06-21 07:23:26'),
(3862, 4, 268, 'Amateur', 3, '2026-06-21 07:23:26'),
(3863, 4, 40, 'Trained', 4, '2026-06-21 07:23:26'),
(3864, 4, 267, 'Amateur', 5, '2026-06-21 07:23:26'),
(3865, 4, 269, 'Amateur', 6, '2026-06-21 07:23:26'),
(3866, 4, 40, 'Trained', 7, '2026-06-21 07:23:26'),
(3867, 4, 443, 'Legendary', 8, '2026-06-21 07:23:26'),
(3868, 4, 38, 'Amateur', 9, '2026-06-21 07:23:26'),
(3869, 4, 446, 'Legendary', 10, '2026-06-21 07:23:26'),
(3870, 4, 282, 'Amateur', 1, '2026-06-21 07:23:26'),
(3871, 4, 253, 'Amateur', 2, '2026-06-21 07:23:28'),
(3872, 4, 40, 'Trained', 3, '2026-06-21 07:23:28'),
(3873, 4, 269, 'Amateur', 4, '2026-06-21 07:23:28'),
(3874, 4, 252, 'Amateur', 5, '2026-06-21 07:23:28'),
(3875, 4, 40, 'Trained', 6, '2026-06-21 07:23:28'),
(3876, 4, 21, 'Amateur', 7, '2026-06-21 07:23:28'),
(3877, 4, 501, 'Amateur', 8, '2026-06-21 07:23:28'),
(3878, 4, 26, 'Trained', 9, '2026-06-21 07:23:28'),
(3879, 4, 40, 'Trained', 10, '2026-06-21 07:23:28'),
(3880, 4, 26, 'Trained', 1, '2026-06-21 07:23:28'),
(3881, 4, 40, 'Trained', 2, '2026-06-21 07:23:29'),
(3882, 4, 26, 'Trained', 3, '2026-06-21 07:23:29'),
(3883, 4, 290, 'Amateur', 4, '2026-06-21 07:23:29'),
(3884, 4, 40, 'Trained', 5, '2026-06-21 07:23:29'),
(3885, 4, 26, 'Trained', 6, '2026-06-21 07:23:29'),
(3886, 4, 262, 'Amateur', 7, '2026-06-21 07:23:29'),
(3887, 4, 40, 'Trained', 8, '2026-06-21 07:23:29'),
(3888, 4, 40, 'Trained', 9, '2026-06-21 07:23:29'),
(3889, 4, 484, 'Legendary', 10, '2026-06-21 07:23:29'),
(3890, 4, 20, 'Amateur', 1, '2026-06-21 07:23:29'),
(3891, 4, 500, 'Amateur', 2, '2026-06-21 07:23:30'),
(3892, 4, 40, 'Trained', 3, '2026-06-21 07:23:30'),
(3893, 4, 287, 'Amateur', 4, '2026-06-21 07:23:30'),
(3894, 4, 292, 'Amateur', 5, '2026-06-21 07:23:30'),
(3895, 4, 40, 'Trained', 6, '2026-06-21 07:23:30'),
(3896, 4, 26, 'Trained', 7, '2026-06-21 07:23:30'),
(3897, 4, 175, 'Legendary', 8, '2026-06-21 07:23:30'),
(3898, 4, 26, 'Trained', 9, '2026-06-21 07:23:30'),
(3899, 4, 26, 'Trained', 10, '2026-06-21 07:23:30'),
(3900, 4, 282, 'Amateur', 1, '2026-06-21 07:23:30'),
(3901, 4, 493, 'Legendary', 2, '2026-06-21 07:23:31'),
(3902, 4, 259, 'Amateur', 3, '2026-06-21 07:23:31'),
(3903, 4, 40, 'Trained', 4, '2026-06-21 07:23:31'),
(3904, 4, 409, 'Legendary', 5, '2026-06-21 07:23:31'),
(3905, 4, 40, 'Trained', 6, '2026-06-21 07:23:31'),
(3906, 4, 403, 'Legendary', 7, '2026-06-21 07:23:31'),
(3907, 4, 21, 'Amateur', 8, '2026-06-21 07:23:31'),
(3908, 4, 292, 'Amateur', 9, '2026-06-21 07:23:31'),
(3909, 4, 26, 'Trained', 10, '2026-06-21 07:23:31'),
(3910, 4, 257, 'Amateur', 1, '2026-06-21 07:23:31'),
(3911, 4, 26, 'Trained', 2, '2026-06-21 07:23:32'),
(3912, 4, 252, 'Amateur', 3, '2026-06-21 07:23:32'),
(3913, 4, 40, 'Trained', 4, '2026-06-21 07:23:32'),
(3914, 4, 268, 'Amateur', 5, '2026-06-21 07:23:32'),
(3915, 4, 256, 'Amateur', 6, '2026-06-21 07:23:32'),
(3916, 4, 502, 'Amateur', 7, '2026-06-21 07:23:32'),
(3917, 4, 254, 'Amateur', 8, '2026-06-21 07:23:32'),
(3918, 4, 262, 'Amateur', 9, '2026-06-21 07:23:32'),
(3919, 4, 40, 'Trained', 10, '2026-06-21 07:23:32'),
(3920, 4, 22, 'Amateur', 1, '2026-06-21 07:23:32'),
(3921, 4, 26, 'Trained', 2, '2026-06-21 07:23:33'),
(3922, 4, 40, 'Trained', 3, '2026-06-21 07:23:33'),
(3923, 4, 40, 'Trained', 4, '2026-06-21 07:23:33'),
(3924, 4, 26, 'Trained', 5, '2026-06-21 07:23:33'),
(3925, 4, 26, 'Trained', 6, '2026-06-21 07:23:33'),
(3926, 4, 26, 'Trained', 7, '2026-06-21 07:23:33'),
(3927, 4, 289, 'Amateur', 8, '2026-06-21 07:23:33'),
(3928, 4, 261, 'Amateur', 9, '2026-06-21 07:23:33'),
(3929, 4, 40, 'Trained', 10, '2026-06-21 07:23:33'),
(3930, 4, 290, 'Amateur', 1, '2026-06-21 07:23:33'),
(3931, 4, 20, 'Amateur', 2, '2026-06-21 07:23:34'),
(3932, 4, 265, 'Amateur', 3, '2026-06-21 07:23:34'),
(3933, 4, 265, 'Amateur', 4, '2026-06-21 07:23:34'),
(3934, 4, 40, 'Trained', 5, '2026-06-21 07:23:34'),
(3935, 4, 286, 'Amateur', 6, '2026-06-21 07:23:34'),
(3936, 4, 260, 'Amateur', 7, '2026-06-21 07:23:34'),
(3937, 4, 288, 'Amateur', 8, '2026-06-21 07:23:34'),
(3938, 4, 40, 'Trained', 9, '2026-06-21 07:23:34'),
(3939, 4, 252, 'Amateur', 10, '2026-06-21 07:23:34'),
(3940, 4, 26, 'Trained', 1, '2026-06-21 07:23:34'),
(3941, 4, 282, 'Amateur', 2, '2026-06-21 07:23:35'),
(3942, 4, 283, 'Amateur', 3, '2026-06-21 07:23:35'),
(3943, 4, 260, 'Amateur', 4, '2026-06-21 07:23:35'),
(3944, 4, 251, 'Amateur', 5, '2026-06-21 07:23:35'),
(3945, 4, 26, 'Trained', 6, '2026-06-21 07:23:35'),
(3946, 4, 267, 'Amateur', 7, '2026-06-21 07:23:35'),
(3947, 4, 290, 'Amateur', 8, '2026-06-21 07:23:35'),
(3948, 4, 26, 'Trained', 9, '2026-06-21 07:23:35'),
(3949, 4, 43, 'Amateur', 10, '2026-06-21 07:23:35'),
(3950, 4, 26, 'Trained', 1, '2026-06-21 07:23:35'),
(3951, 4, 26, 'Trained', 2, '2026-06-21 07:23:36'),
(3952, 4, 263, 'Amateur', 3, '2026-06-21 07:23:36'),
(3953, 4, 26, 'Trained', 4, '2026-06-21 07:23:36'),
(3954, 4, 40, 'Trained', 5, '2026-06-21 07:23:36'),
(3955, 4, 268, 'Amateur', 6, '2026-06-21 07:23:36'),
(3956, 4, 251, 'Amateur', 7, '2026-06-21 07:23:36'),
(3957, 4, 256, 'Amateur', 8, '2026-06-21 07:23:36'),
(3958, 4, 252, 'Amateur', 9, '2026-06-21 07:23:36'),
(3959, 4, 26, 'Trained', 10, '2026-06-21 07:23:36'),
(3960, 4, 257, 'Amateur', 1, '2026-06-21 07:23:36'),
(3961, 4, 26, 'Trained', 2, '2026-06-21 07:23:37'),
(3962, 4, 43, 'Amateur', 3, '2026-06-21 07:23:37'),
(3963, 4, 252, 'Amateur', 4, '2026-06-21 07:23:37'),
(3964, 4, 26, 'Trained', 5, '2026-06-21 07:23:37');
INSERT INTO `gacha_log` (`id`, `user_id`, `player_id`, `tier_result`, `pity_count`, `spun_at`) VALUES
(3965, 4, 40, 'Trained', 6, '2026-06-21 07:23:37'),
(3966, 4, 26, 'Trained', 7, '2026-06-21 07:23:37'),
(3967, 4, 43, 'Amateur', 8, '2026-06-21 07:23:37'),
(3968, 4, 23, 'Amateur', 9, '2026-06-21 07:23:37'),
(3969, 4, 251, 'Amateur', 10, '2026-06-21 07:23:37'),
(3970, 4, 26, 'Trained', 1, '2026-06-21 07:23:37'),
(3971, 4, 40, 'Trained', 2, '2026-06-21 07:23:37'),
(3972, 4, 26, 'Trained', 3, '2026-06-21 07:23:37'),
(3973, 4, 282, 'Amateur', 4, '2026-06-21 07:23:37'),
(3974, 4, 26, 'Trained', 5, '2026-06-21 07:23:37'),
(3975, 4, 26, 'Trained', 6, '2026-06-21 07:23:37'),
(3976, 4, 40, 'Trained', 7, '2026-06-21 07:23:37'),
(3977, 4, 502, 'Amateur', 8, '2026-06-21 07:23:37'),
(3978, 4, 26, 'Trained', 9, '2026-06-21 07:23:37'),
(3979, 4, 26, 'Trained', 10, '2026-06-21 07:23:37'),
(3980, 4, 254, 'Amateur', 1, '2026-06-21 07:23:37'),
(3981, 4, 261, 'Amateur', 2, '2026-06-21 07:23:38'),
(3982, 4, 253, 'Amateur', 3, '2026-06-21 07:23:38'),
(3983, 4, 255, 'Amateur', 4, '2026-06-21 07:23:38'),
(3984, 4, 287, 'Amateur', 5, '2026-06-21 07:23:38'),
(3985, 4, 40, 'Trained', 6, '2026-06-21 07:23:38'),
(3986, 4, 283, 'Amateur', 7, '2026-06-21 07:23:38'),
(3987, 4, 40, 'Trained', 8, '2026-06-21 07:23:38'),
(3988, 4, 268, 'Amateur', 9, '2026-06-21 07:23:38'),
(3989, 4, 20, 'Amateur', 10, '2026-06-21 07:23:38'),
(3990, 4, 40, 'Trained', 1, '2026-06-21 07:23:38'),
(3991, 4, 26, 'Trained', 2, '2026-06-21 07:23:39'),
(3992, 4, 26, 'Trained', 3, '2026-06-21 07:23:39'),
(3993, 4, 26, 'Trained', 4, '2026-06-21 07:23:39'),
(3994, 4, 257, 'Amateur', 5, '2026-06-21 07:23:39'),
(3995, 4, 24, 'Amateur', 6, '2026-06-21 07:23:39'),
(3996, 4, 257, 'Amateur', 7, '2026-06-21 07:23:39'),
(3997, 4, 289, 'Amateur', 8, '2026-06-21 07:23:39'),
(3998, 4, 19, 'Amateur', 9, '2026-06-21 07:23:39'),
(3999, 4, 255, 'Amateur', 10, '2026-06-21 07:23:39'),
(4000, 4, 257, 'Amateur', 1, '2026-06-21 07:23:39'),
(4001, 4, 26, 'Trained', 2, '2026-06-21 07:23:40'),
(4002, 4, 263, 'Amateur', 3, '2026-06-21 07:23:40'),
(4003, 4, 254, 'Amateur', 4, '2026-06-21 07:23:40'),
(4004, 4, 269, 'Amateur', 5, '2026-06-21 07:23:40'),
(4005, 4, 26, 'Trained', 6, '2026-06-21 07:23:40'),
(4006, 4, 265, 'Amateur', 7, '2026-06-21 07:23:40'),
(4007, 4, 502, 'Amateur', 8, '2026-06-21 07:23:40'),
(4008, 4, 501, 'Amateur', 9, '2026-06-21 07:23:40'),
(4009, 4, 40, 'Trained', 10, '2026-06-21 07:23:40'),
(4010, 4, 26, 'Trained', 1, '2026-06-21 07:23:40'),
(4011, 4, 40, 'Trained', 2, '2026-06-21 07:23:40'),
(4012, 4, 286, 'Amateur', 3, '2026-06-21 07:23:40'),
(4013, 4, 26, 'Trained', 4, '2026-06-21 07:23:40'),
(4014, 4, 256, 'Amateur', 5, '2026-06-21 07:23:40'),
(4015, 4, 40, 'Trained', 6, '2026-06-21 07:23:40'),
(4016, 4, 43, 'Amateur', 7, '2026-06-21 07:23:40'),
(4017, 4, 255, 'Amateur', 8, '2026-06-21 07:23:40'),
(4018, 4, 255, 'Amateur', 9, '2026-06-21 07:23:40'),
(4019, 4, 26, 'Trained', 10, '2026-06-21 07:23:40'),
(4020, 4, 26, 'Trained', 1, '2026-06-21 07:23:40'),
(4021, 4, 40, 'Trained', 2, '2026-06-21 07:23:41'),
(4022, 4, 258, 'Amateur', 3, '2026-06-21 07:23:41'),
(4023, 4, 40, 'Trained', 4, '2026-06-21 07:23:41'),
(4024, 4, 26, 'Trained', 5, '2026-06-21 07:23:41'),
(4025, 4, 267, 'Amateur', 6, '2026-06-21 07:23:41'),
(4026, 4, 40, 'Trained', 7, '2026-06-21 07:23:41'),
(4027, 4, 40, 'Trained', 8, '2026-06-21 07:23:41'),
(4028, 4, 26, 'Trained', 9, '2026-06-21 07:23:41'),
(4029, 4, 267, 'Amateur', 10, '2026-06-21 07:23:41'),
(4030, 4, 26, 'Trained', 1, '2026-06-21 07:23:41'),
(4031, 4, 260, 'Amateur', 2, '2026-06-21 07:23:42'),
(4032, 4, 26, 'Trained', 3, '2026-06-21 07:23:42'),
(4033, 4, 251, 'Amateur', 4, '2026-06-21 07:23:42'),
(4034, 4, 287, 'Amateur', 5, '2026-06-21 07:23:42'),
(4035, 4, 288, 'Amateur', 6, '2026-06-21 07:23:42'),
(4036, 4, 26, 'Trained', 7, '2026-06-21 07:23:42'),
(4037, 4, 40, 'Trained', 8, '2026-06-21 07:23:42'),
(4038, 4, 283, 'Amateur', 9, '2026-06-21 07:23:42'),
(4039, 4, 26, 'Trained', 10, '2026-06-21 07:23:42'),
(4040, 4, 253, 'Amateur', 1, '2026-06-21 07:23:42'),
(4041, 4, 40, 'Trained', 2, '2026-06-21 07:23:43'),
(4042, 4, 19, 'Amateur', 3, '2026-06-21 07:23:43'),
(4043, 4, 40, 'Trained', 4, '2026-06-21 07:23:43'),
(4044, 4, 26, 'Trained', 5, '2026-06-21 07:23:43'),
(4045, 4, 26, 'Trained', 6, '2026-06-21 07:23:43'),
(4046, 4, 26, 'Trained', 7, '2026-06-21 07:23:43'),
(4047, 4, 501, 'Amateur', 8, '2026-06-21 07:23:43'),
(4048, 4, 40, 'Trained', 9, '2026-06-21 07:23:43'),
(4049, 4, 40, 'Trained', 10, '2026-06-21 07:23:43'),
(4050, 4, 40, 'Trained', 1, '2026-06-21 07:23:43'),
(4051, 4, 499, 'Amateur', 2, '2026-06-21 07:23:44'),
(4052, 4, 40, 'Trained', 3, '2026-06-21 07:23:44'),
(4053, 4, 40, 'Trained', 4, '2026-06-21 07:23:44'),
(4054, 4, 261, 'Amateur', 5, '2026-06-21 07:23:44'),
(4055, 4, 258, 'Amateur', 6, '2026-06-21 07:23:44'),
(4056, 4, 40, 'Trained', 7, '2026-06-21 07:23:44'),
(4057, 4, 40, 'Trained', 8, '2026-06-21 07:23:44'),
(4058, 4, 259, 'Amateur', 9, '2026-06-21 07:23:44'),
(4059, 4, 26, 'Trained', 10, '2026-06-21 07:23:44'),
(4060, 4, 255, 'Amateur', 1, '2026-06-21 07:23:44'),
(4061, 4, 40, 'Trained', 2, '2026-06-21 07:23:44'),
(4062, 4, 250, 'Amateur', 3, '2026-06-21 07:23:44'),
(4063, 4, 40, 'Trained', 4, '2026-06-21 07:23:44'),
(4064, 4, 285, 'Amateur', 5, '2026-06-21 07:23:44'),
(4065, 4, 257, 'Amateur', 6, '2026-06-21 07:23:44'),
(4066, 4, 267, 'Amateur', 7, '2026-06-21 07:23:44'),
(4067, 4, 26, 'Trained', 8, '2026-06-21 07:23:44'),
(4068, 4, 26, 'Trained', 9, '2026-06-21 07:23:44'),
(4069, 4, 26, 'Trained', 10, '2026-06-21 07:23:44'),
(4070, 4, 280, 'Amateur', 1, '2026-06-21 07:23:44'),
(4071, 4, 266, 'Amateur', 2, '2026-06-21 07:23:45'),
(4072, 4, 26, 'Trained', 3, '2026-06-21 07:23:45'),
(4073, 4, 40, 'Trained', 4, '2026-06-21 07:23:45'),
(4074, 4, 26, 'Trained', 5, '2026-06-21 07:23:45'),
(4075, 4, 258, 'Amateur', 6, '2026-06-21 07:23:45'),
(4076, 4, 292, 'Amateur', 7, '2026-06-21 07:23:45'),
(4077, 4, 26, 'Trained', 8, '2026-06-21 07:23:45'),
(4078, 4, 26, 'Trained', 9, '2026-06-21 07:23:45'),
(4079, 4, 23, 'Amateur', 10, '2026-06-21 07:23:45'),
(4080, 4, 40, 'Trained', 1, '2026-06-21 07:23:45'),
(4081, 4, 26, 'Trained', 2, '2026-06-21 07:23:46'),
(4082, 4, 26, 'Trained', 3, '2026-06-21 07:23:46'),
(4083, 4, 40, 'Trained', 4, '2026-06-21 07:23:46'),
(4084, 4, 280, 'Amateur', 5, '2026-06-21 07:23:46'),
(4085, 4, 38, 'Amateur', 6, '2026-06-21 07:23:46'),
(4086, 4, 263, 'Amateur', 7, '2026-06-21 07:23:46'),
(4087, 4, 26, 'Trained', 8, '2026-06-21 07:23:46'),
(4088, 4, 23, 'Amateur', 9, '2026-06-21 07:23:46'),
(4089, 4, 26, 'Trained', 10, '2026-06-21 07:23:46'),
(4090, 4, 20, 'Amateur', 1, '2026-06-21 07:23:46'),
(4091, 4, 265, 'Amateur', 2, '2026-06-21 07:23:46'),
(4092, 4, 285, 'Amateur', 3, '2026-06-21 07:23:46'),
(4093, 4, 40, 'Trained', 4, '2026-06-21 07:23:46'),
(4094, 4, 43, 'Amateur', 5, '2026-06-21 07:23:46'),
(4095, 4, 21, 'Amateur', 6, '2026-06-21 07:23:46'),
(4096, 4, 289, 'Amateur', 7, '2026-06-21 07:23:46'),
(4097, 4, 26, 'Trained', 8, '2026-06-21 07:23:46'),
(4098, 4, 501, 'Amateur', 9, '2026-06-21 07:23:46'),
(4099, 4, 280, 'Amateur', 10, '2026-06-21 07:23:46'),
(4100, 4, 22, 'Amateur', 1, '2026-06-21 07:23:46'),
(4101, 4, 269, 'Amateur', 2, '2026-06-21 07:23:47'),
(4102, 4, 21, 'Amateur', 3, '2026-06-21 07:23:47'),
(4103, 4, 26, 'Trained', 4, '2026-06-21 07:23:47'),
(4104, 4, 26, 'Trained', 5, '2026-06-21 07:23:47'),
(4105, 4, 283, 'Amateur', 6, '2026-06-21 07:23:47'),
(4106, 4, 40, 'Trained', 7, '2026-06-21 07:23:47'),
(4107, 4, 26, 'Trained', 8, '2026-06-21 07:23:47'),
(4108, 4, 259, 'Amateur', 9, '2026-06-21 07:23:47'),
(4109, 4, 40, 'Trained', 10, '2026-06-21 07:23:47'),
(4110, 4, 40, 'Trained', 1, '2026-06-21 07:23:47'),
(4111, 4, 255, 'Amateur', 2, '2026-06-21 07:23:47'),
(4112, 4, 43, 'Amateur', 3, '2026-06-21 07:23:47'),
(4113, 4, 40, 'Trained', 4, '2026-06-21 07:23:47'),
(4114, 4, 258, 'Amateur', 5, '2026-06-21 07:23:47'),
(4115, 4, 38, 'Amateur', 6, '2026-06-21 07:23:47'),
(4116, 4, 20, 'Amateur', 7, '2026-06-21 07:23:47'),
(4117, 4, 24, 'Amateur', 8, '2026-06-21 07:23:47'),
(4118, 4, 24, 'Amateur', 9, '2026-06-21 07:23:47'),
(4119, 4, 40, 'Trained', 10, '2026-06-21 07:23:47'),
(4120, 4, 264, 'Amateur', 1, '2026-06-21 07:23:47'),
(4121, 4, 26, 'Trained', 2, '2026-06-21 07:23:47'),
(4122, 4, 21, 'Amateur', 3, '2026-06-21 07:23:47'),
(4123, 4, 287, 'Amateur', 4, '2026-06-21 07:23:47'),
(4124, 4, 259, 'Amateur', 5, '2026-06-21 07:23:47'),
(4125, 4, 285, 'Amateur', 6, '2026-06-21 07:23:47'),
(4126, 4, 263, 'Amateur', 7, '2026-06-21 07:23:47'),
(4127, 4, 40, 'Trained', 8, '2026-06-21 07:23:47'),
(4128, 4, 26, 'Trained', 9, '2026-06-21 07:23:47'),
(4129, 4, 26, 'Trained', 10, '2026-06-21 07:23:47'),
(4130, 4, 26, 'Trained', 1, '2026-06-21 07:23:47'),
(4131, 4, 252, 'Amateur', 2, '2026-06-21 07:23:48'),
(4132, 4, 26, 'Trained', 3, '2026-06-21 07:23:48'),
(4133, 4, 283, 'Amateur', 4, '2026-06-21 07:23:48'),
(4134, 4, 290, 'Amateur', 5, '2026-06-21 07:23:48'),
(4135, 4, 250, 'Amateur', 6, '2026-06-21 07:23:48'),
(4136, 4, 26, 'Trained', 7, '2026-06-21 07:23:48'),
(4137, 4, 256, 'Amateur', 8, '2026-06-21 07:23:48'),
(4138, 4, 40, 'Trained', 9, '2026-06-21 07:23:48'),
(4139, 4, 26, 'Trained', 10, '2026-06-21 07:23:48'),
(4140, 4, 26, 'Trained', 1, '2026-06-21 07:23:48'),
(4141, 4, 40, 'Trained', 2, '2026-06-21 07:23:48'),
(4142, 4, 22, 'Amateur', 3, '2026-06-21 07:23:48'),
(4143, 4, 26, 'Trained', 4, '2026-06-21 07:23:48'),
(4144, 4, 26, 'Trained', 5, '2026-06-21 07:23:48'),
(4145, 4, 26, 'Trained', 6, '2026-06-21 07:23:48'),
(4146, 4, 40, 'Trained', 7, '2026-06-21 07:23:48'),
(4147, 4, 40, 'Trained', 8, '2026-06-21 07:23:48'),
(4148, 4, 254, 'Amateur', 9, '2026-06-21 07:23:48'),
(4149, 4, 26, 'Trained', 10, '2026-06-21 07:23:48'),
(4150, 4, 268, 'Amateur', 1, '2026-06-21 07:23:48'),
(4151, 4, 40, 'Trained', 2, '2026-06-21 07:23:49'),
(4152, 4, 268, 'Amateur', 3, '2026-06-21 07:23:49'),
(4153, 4, 21, 'Amateur', 4, '2026-06-21 07:23:49'),
(4154, 4, 251, 'Amateur', 5, '2026-06-21 07:23:49'),
(4155, 4, 40, 'Trained', 6, '2026-06-21 07:23:49'),
(4156, 4, 23, 'Amateur', 7, '2026-06-21 07:23:49'),
(4157, 4, 252, 'Amateur', 8, '2026-06-21 07:23:49'),
(4158, 4, 26, 'Trained', 9, '2026-06-21 07:23:49'),
(4159, 4, 262, 'Amateur', 10, '2026-06-21 07:23:49'),
(4160, 4, 26, 'Trained', 1, '2026-06-21 07:23:49'),
(4161, 4, 26, 'Trained', 2, '2026-06-21 07:23:49'),
(4162, 4, 40, 'Trained', 3, '2026-06-21 07:23:49'),
(4163, 4, 26, 'Trained', 4, '2026-06-21 07:23:49'),
(4164, 4, 251, 'Amateur', 5, '2026-06-21 07:23:49'),
(4165, 4, 21, 'Amateur', 6, '2026-06-21 07:23:49'),
(4166, 4, 287, 'Amateur', 7, '2026-06-21 07:23:49'),
(4167, 4, 264, 'Amateur', 8, '2026-06-21 07:23:49'),
(4168, 4, 266, 'Amateur', 9, '2026-06-21 07:23:49'),
(4169, 4, 26, 'Trained', 10, '2026-06-21 07:23:49'),
(4170, 4, 40, 'Trained', 1, '2026-06-21 07:23:49');

-- --------------------------------------------------------

--
-- Table structure for table `inbox`
--

CREATE TABLE `inbox` (
  `id` int UNSIGNED NOT NULL,
  `user_id` int UNSIGNED NOT NULL,
  `type` enum('tournament','match','reward','system') COLLATE utf8mb4_unicode_ci NOT NULL DEFAULT 'system',
  `title` varchar(100) COLLATE utf8mb4_unicode_ci NOT NULL,
  `message` text COLLATE utf8mb4_unicode_ci NOT NULL,
  `is_read` tinyint(1) NOT NULL DEFAULT '0',
  `data` json DEFAULT NULL,
  `created_at` timestamp NULL DEFAULT CURRENT_TIMESTAMP
) ENGINE=InnoDB DEFAULT CHARSET=utf8mb4 COLLATE=utf8mb4_unicode_ci;

--
-- Dumping data for table `inbox`
--

INSERT INTO `inbox` (`id`, `user_id`, `type`, `title`, `message`, `is_read`, `data`, `created_at`) VALUES
(1, 2, 'match', '⚽ Hasil Match Turnamen', 'Menang 🏆 melawan lawan dengan skor 1 - 0', 1, '{\"result\": \"win\", \"match_id\": 1}', '2026-06-19 17:25:10'),
(2, 3, 'match', '⚽ Hasil Match Turnamen', 'Kalah 💔 melawan lawan dengan skor 0 - 1', 1, '{\"result\": \"lose\", \"match_id\": 1}', '2026-06-19 17:25:10'),
(3, 4, 'match', '⚽ Hasil Match Turnamen', 'Kalah 💔 melawan lawan dengan skor 2 - 3', 1, '{\"result\": \"lose\", \"match_id\": 2}', '2026-06-19 17:25:10'),
(4, 1, 'match', '⚽ Hasil Match Turnamen', 'Menang 🏆 melawan lawan dengan skor 3 - 2', 1, '{\"result\": \"win\", \"match_id\": 2}', '2026-06-19 17:25:10'),
(5, 1, 'tournament', '🏆 Turnamen Selesai!', 'Turnamen telah selesai! Posisi: 2. Klik untuk klaim hadiah.', 1, '{\"position\": 2, \"tournament_id\": 1}', '2026-06-19 17:25:10'),
(6, 2, 'tournament', '🏆 Turnamen Selesai!', 'Turnamen telah selesai! Posisi: 1. Klik untuk klaim hadiah.', 1, '{\"position\": 1, \"tournament_id\": 1}', '2026-06-19 17:25:10'),
(7, 3, 'tournament', '🏆 Turnamen Selesai!', 'Turnamen telah selesai! Posisi: 99. Klik untuk klaim hadiah.', 1, '{\"position\": 99, \"tournament_id\": 1}', '2026-06-19 17:25:10'),
(8, 4, 'tournament', '🏆 Turnamen Selesai!', 'Turnamen telah selesai! Posisi: 99. Klik untuk klaim hadiah.', 1, '{\"position\": 99, \"tournament_id\": 1}', '2026-06-19 17:25:10'),
(9, 3, 'match', '⚽ Hasil Match Turnamen', 'Kalah 💔 melawan lawan dengan skor 3 - 4', 1, '{\"result\": \"lose\", \"match_id\": 3}', '2026-06-20 06:04:59'),
(10, 5, 'match', '⚽ Hasil Match Turnamen', 'Menang 🏆 melawan lawan dengan skor 4 - 3', 1, '{\"result\": \"win\", \"match_id\": 3}', '2026-06-20 06:04:59'),
(11, 1, 'match', '⚽ Hasil Match Turnamen', 'Kalah 💔 melawan lawan dengan skor 3 - 4', 1, '{\"result\": \"lose\", \"match_id\": 4}', '2026-06-20 06:04:59'),
(12, 2, 'match', '⚽ Hasil Match Turnamen', 'Menang 🏆 melawan lawan dengan skor 4 - 3', 1, '{\"result\": \"win\", \"match_id\": 4}', '2026-06-20 06:04:59'),
(13, 1, 'tournament', '🏆 Turnamen Selesai!', 'Turnamen telah selesai! Posisi: 99. Klik untuk klaim hadiah.', 1, '{\"position\": 99, \"tournament_id\": 2}', '2026-06-20 06:04:59'),
(14, 2, 'tournament', '🏆 Turnamen Selesai!', 'Turnamen telah selesai! Posisi: 2. Klik untuk klaim hadiah.', 1, '{\"position\": 2, \"tournament_id\": 2}', '2026-06-20 06:04:59'),
(15, 3, 'tournament', '🏆 Turnamen Selesai!', 'Turnamen telah selesai! Posisi: 99. Klik untuk klaim hadiah.', 1, '{\"position\": 99, \"tournament_id\": 2}', '2026-06-20 06:04:59'),
(16, 5, 'tournament', '🏆 Turnamen Selesai!', 'Turnamen telah selesai! Posisi: 1. Klik untuk klaim hadiah.', 1, '{\"position\": 1, \"tournament_id\": 2}', '2026-06-20 06:04:59'),
(17, 1, 'match', '⚽ Hasil Match Turnamen', 'Menang 🏆 melawan lawan dengan skor 3 - 1', 1, '{\"result\": \"win\", \"match_id\": 5}', '2026-06-21 07:20:02'),
(18, 5, 'match', '⚽ Hasil Match Turnamen', 'Kalah 💔 melawan lawan dengan skor 1 - 3', 1, '{\"result\": \"lose\", \"match_id\": 5}', '2026-06-21 07:20:02'),
(19, 2, 'match', '⚽ Hasil Match Turnamen', 'Kalah 💔 melawan lawan dengan skor 0 - 2', 1, '{\"result\": \"lose\", \"match_id\": 6}', '2026-06-21 07:20:02'),
(20, 4, 'match', '⚽ Hasil Match Turnamen', 'Menang 🏆 melawan lawan dengan skor 2 - 0', 1, '{\"result\": \"win\", \"match_id\": 6}', '2026-06-21 07:20:02'),
(21, 1, 'match', '⚽ Hasil Match Turnamen', 'Menang 🏆 melawan lawan dengan skor 4 - 3', 1, '{\"result\": \"win\", \"match_id\": 7}', '2026-06-21 07:20:02'),
(22, 4, 'match', '⚽ Hasil Match Turnamen', 'Kalah 💔 melawan lawan dengan skor 3 - 4', 1, '{\"result\": \"lose\", \"match_id\": 7}', '2026-06-21 07:20:02'),
(23, 5, 'match', '⚽ Hasil Match Turnamen', 'Menang 🏆 melawan lawan dengan skor 2 - 0', 1, '{\"result\": \"win\", \"match_id\": 8}', '2026-06-21 07:20:02'),
(24, 2, 'match', '⚽ Hasil Match Turnamen', 'Kalah 💔 melawan lawan dengan skor 0 - 2', 1, '{\"result\": \"lose\", \"match_id\": 8}', '2026-06-21 07:20:02'),
(25, 1, 'tournament', '🏆 Turnamen Selesai!', 'Turnamen telah selesai! Posisi: 1. Klik untuk klaim hadiah.', 1, '{\"position\": 1, \"tournament_id\": 3}', '2026-06-21 07:20:02'),
(26, 2, 'tournament', '🏆 Turnamen Selesai!', 'Turnamen telah selesai! Posisi: 4. Klik untuk klaim hadiah.', 1, '{\"position\": 4, \"tournament_id\": 3}', '2026-06-21 07:20:02'),
(27, 4, 'tournament', '🏆 Turnamen Selesai!', 'Turnamen telah selesai! Posisi: 2. Klik untuk klaim hadiah.', 1, '{\"position\": 2, \"tournament_id\": 3}', '2026-06-21 07:20:02'),
(28, 5, 'tournament', '🏆 Turnamen Selesai!', 'Turnamen telah selesai! Posisi: 3. Klik untuk klaim hadiah.', 1, '{\"position\": 3, \"tournament_id\": 3}', '2026-06-21 07:20:02');

-- --------------------------------------------------------

--
-- Table structure for table `inventory_players`
--

CREATE TABLE `inventory_players` (
  `id` int UNSIGNED NOT NULL,
  `user_id` int UNSIGNED NOT NULL,
  `euro` bigint UNSIGNED NOT NULL DEFAULT '0',
  `gems` int UNSIGNED NOT NULL DEFAULT '0',
  `tr_token` int UNSIGNED NOT NULL DEFAULT '0',
  `win_token` int UNSIGNED NOT NULL DEFAULT '0',
  `pr_token` int UNSIGNED NOT NULL DEFAULT '0',
  `first_10spin_used` tinyint(1) NOT NULL DEFAULT '0'
) ENGINE=InnoDB DEFAULT CHARSET=utf8mb4 COLLATE=utf8mb4_unicode_ci;

--
-- Dumping data for table `inventory_players`
--

INSERT INTO `inventory_players` (`id`, `user_id`, `euro`, `gems`, `tr_token`, `win_token`, `pr_token`, `first_10spin_used`) VALUES
(1, 1, 10164500, 11601, 226366168, 15, 276, 1),
(2, 2, 45430883, 51, 208154280, 23, 2996325, 1),
(3, 3, 10500, 84, 840, 0, 2, 1),
(4, 4, 42500, 0, 321, 2, 5, 1),
(5, 5, 15000, 4103, 179659290, 4, 12, 1);

-- --------------------------------------------------------

--
-- Table structure for table `lineups`
--

CREATE TABLE `lineups` (
  `id` int UNSIGNED NOT NULL,
  `team_id` int UNSIGNED NOT NULL,
  `formation` varchar(10) COLLATE utf8mb4_unicode_ci NOT NULL DEFAULT '4-3-3',
  `updated_at` timestamp NULL DEFAULT CURRENT_TIMESTAMP ON UPDATE CURRENT_TIMESTAMP
) ENGINE=InnoDB DEFAULT CHARSET=utf8mb4 COLLATE=utf8mb4_unicode_ci;

--
-- Dumping data for table `lineups`
--

INSERT INTO `lineups` (`id`, `team_id`, `formation`, `updated_at`) VALUES
(1, 1, '4-4-2', '2026-06-17 13:06:42'),
(2, 2, '4-3-3', '2026-06-18 09:53:24'),
(3, 4, '4-3-3', '2026-06-19 17:13:52'),
(4, 3, '4-4-2', '2026-06-19 17:20:55'),
(5, 5, '4-3-3', '2026-06-20 05:52:45');

-- --------------------------------------------------------

--
-- Table structure for table `lineup_players`
--

CREATE TABLE `lineup_players` (
  `id` int UNSIGNED NOT NULL,
  `lineup_id` int UNSIGNED NOT NULL,
  `player_id` int UNSIGNED NOT NULL,
  `slot_type` enum('starting','bench') COLLATE utf8mb4_unicode_ci NOT NULL DEFAULT 'starting',
  `slot_index` tinyint UNSIGNED NOT NULL DEFAULT '0',
  `position` varchar(10) COLLATE utf8mb4_unicode_ci DEFAULT NULL
) ENGINE=InnoDB DEFAULT CHARSET=utf8mb4 COLLATE=utf8mb4_unicode_ci;

--
-- Dumping data for table `lineup_players`
--

INSERT INTO `lineup_players` (`id`, `lineup_id`, `player_id`, `slot_type`, `slot_index`, `position`) VALUES
(499, 4, 515, 'starting', 0, 'GK'),
(500, 4, 419, 'starting', 1, 'LB'),
(501, 4, 148, 'starting', 2, 'CB'),
(502, 4, 116, 'starting', 3, 'CB'),
(503, 4, 144, 'starting', 4, 'RB'),
(504, 4, 88, 'starting', 5, 'LM'),
(505, 4, 524, 'starting', 6, 'CAM'),
(506, 4, 78, 'starting', 7, 'CDM'),
(507, 4, 121, 'starting', 8, 'RM'),
(508, 4, 207, 'starting', 9, 'LW'),
(509, 4, 224, 'starting', 10, 'RW'),
(510, 4, 369, 'bench', 0, NULL),
(511, 4, 54, 'bench', 1, NULL),
(512, 4, 337, 'bench', 2, NULL),
(513, 4, 482, 'bench', 3, NULL),
(514, 4, 372, 'bench', 4, NULL),
(515, 4, 605, 'bench', 5, NULL),
(516, 4, 607, 'bench', 6, NULL),
(517, 4, 606, 'bench', 7, NULL),
(575, 2, 552, 'starting', 0, 'GK'),
(576, 2, 293, 'starting', 1, 'LB'),
(577, 2, 550, 'starting', 2, 'CB'),
(578, 2, 276, 'starting', 3, 'CB'),
(579, 2, 551, 'starting', 4, 'RB'),
(580, 2, 560, 'starting', 5, 'CAM'),
(581, 2, 658, 'starting', 6, 'CDM'),
(582, 2, 549, 'starting', 7, 'CAM'),
(583, 2, 558, 'starting', 8, 'LW'),
(584, 2, 559, 'starting', 9, 'ST'),
(585, 2, 553, 'starting', 10, 'RW'),
(586, 2, 527, 'bench', 0, NULL),
(587, 2, 39, 'bench', 1, NULL),
(588, 2, 529, 'bench', 2, NULL),
(589, 2, 530, 'bench', 3, NULL),
(590, 2, 17, 'bench', 4, NULL),
(591, 2, 181, 'bench', 5, NULL),
(592, 2, 215, 'bench', 6, NULL),
(593, 2, 523, 'bench', 7, NULL),
(651, 5, 172, 'starting', 0, 'GK'),
(652, 5, 185, 'starting', 1, 'LB'),
(653, 5, 663, 'starting', 2, 'CB'),
(654, 5, 154, 'starting', 3, 'CB'),
(655, 5, 660, 'starting', 4, 'RB'),
(656, 5, 664, 'starting', 5, 'CM'),
(657, 5, 498, 'starting', 6, 'CAM'),
(658, 5, 454, 'starting', 7, 'CAM'),
(659, 5, 667, 'starting', 8, 'LW'),
(660, 5, 669, 'starting', 9, 'ST'),
(661, 5, 668, 'starting', 10, 'RW'),
(662, 5, 170, 'bench', 0, NULL),
(663, 5, 214, 'bench', 1, NULL),
(664, 5, 405, 'bench', 2, NULL),
(665, 5, 103, 'bench', 3, NULL),
(666, 5, 46, 'bench', 4, NULL),
(667, 5, 366, 'bench', 5, NULL),
(668, 5, 117, 'bench', 6, NULL),
(669, 5, 329, 'bench', 7, NULL),
(708, 1, 659, 'starting', 0, 'GK'),
(709, 1, 661, 'starting', 1, 'LB'),
(710, 1, 15, 'starting', 2, 'CB'),
(711, 1, 662, 'starting', 3, 'CB'),
(712, 1, 418, 'starting', 4, 'RB'),
(713, 1, 238, 'starting', 5, 'CM'),
(714, 1, 665, 'starting', 6, 'CAM'),
(715, 1, 16, 'starting', 7, 'CAM'),
(716, 1, 666, 'starting', 8, 'CDM'),
(717, 1, 14, 'starting', 9, 'LW'),
(718, 1, 534, 'starting', 10, 'RW'),
(719, 1, 13, 'bench', 0, NULL),
(720, 1, 4, 'bench', 1, NULL),
(721, 1, 2, 'bench', 2, NULL),
(722, 1, 7, 'bench', 3, NULL),
(723, 1, 10, 'bench', 4, NULL),
(724, 1, 26, 'bench', 5, NULL),
(725, 1, 38, 'bench', 6, NULL),
(726, 1, 19, 'bench', 7, NULL),
(727, 3, 403, 'starting', 0, 'GK'),
(728, 3, 69, 'starting', 1, 'LB'),
(729, 3, 225, 'starting', 2, 'CB'),
(730, 3, 414, 'starting', 3, 'CB'),
(731, 3, 152, 'starting', 4, 'RB'),
(732, 3, 175, 'starting', 5, 'LM'),
(733, 3, 206, 'starting', 6, 'CM'),
(734, 3, 493, 'starting', 7, 'RM'),
(735, 3, 96, 'starting', 8, 'LW'),
(736, 3, 446, 'starting', 9, 'ST'),
(737, 3, 233, 'starting', 10, 'RW'),
(738, 3, 55, 'bench', 0, NULL),
(739, 3, 370, 'bench', 1, NULL),
(740, 3, 59, 'bench', 2, NULL),
(741, 3, 76, 'bench', 3, NULL),
(742, 3, 131, 'bench', 4, NULL),
(743, 3, 132, 'bench', 5, NULL),
(744, 3, 118, 'bench', 6, NULL),
(745, 3, 101, 'bench', 7, NULL);

-- --------------------------------------------------------

--
-- Table structure for table `market_listings`
--

CREATE TABLE `market_listings` (
  `id` int UNSIGNED NOT NULL,
  `seller_id` int UNSIGNED NOT NULL,
  `player_id` int UNSIGNED NOT NULL,
  `price` bigint UNSIGNED NOT NULL,
  `listed_at` timestamp NULL DEFAULT CURRENT_TIMESTAMP
) ENGINE=InnoDB DEFAULT CHARSET=utf8mb4 COLLATE=utf8mb4_unicode_ci;

--
-- Dumping data for table `market_listings`
--

INSERT INTO `market_listings` (`id`, `seller_id`, `player_id`, `price`, `listed_at`) VALUES
(8, 5, 79, 12650000, '2026-06-20 06:01:55');

-- --------------------------------------------------------

--
-- Table structure for table `match_log`
--

CREATE TABLE `match_log` (
  `id` int UNSIGNED NOT NULL,
  `user_id` int UNSIGNED NOT NULL,
  `bot_team_id` int UNSIGNED NOT NULL,
  `user_power` int UNSIGNED NOT NULL DEFAULT '0',
  `bot_power` int UNSIGNED NOT NULL DEFAULT '0',
  `result` enum('win','lose') COLLATE utf8mb4_unicode_ci NOT NULL,
  `euro_earned` bigint UNSIGNED NOT NULL DEFAULT '0',
  `gems_earned` tinyint UNSIGNED NOT NULL DEFAULT '0',
  `tr_token_earned` tinyint UNSIGNED NOT NULL DEFAULT '0',
  `win_token_earned` tinyint UNSIGNED NOT NULL DEFAULT '0',
  `played_at` timestamp NULL DEFAULT CURRENT_TIMESTAMP
) ENGINE=InnoDB DEFAULT CHARSET=utf8mb4 COLLATE=utf8mb4_unicode_ci;

--
-- Dumping data for table `match_log`
--

INSERT INTO `match_log` (`id`, `user_id`, `bot_team_id`, `user_power`, `bot_power`, `result`, `euro_earned`, `gems_earned`, `tr_token_earned`, `win_token_earned`, `played_at`) VALUES
(1, 1, 4, 105, 1800, 'lose', 200, 0, 5, 0, '2026-06-17 03:04:26'),
(2, 1, 10, 105, 18000, 'lose', 200, 0, 5, 0, '2026-06-17 03:05:36'),
(3, 1, 3, 105, 1200, 'lose', 200, 0, 5, 0, '2026-06-17 03:06:46'),
(4, 1, 10, 105, 18000, 'lose', 200, 0, 5, 0, '2026-06-17 03:10:55'),
(5, 1, 8, 105, 8500, 'lose', 200, 0, 5, 0, '2026-06-17 03:14:52'),
(6, 1, 2, 105, 420, 'lose', 800, 0, 5, 0, '2026-06-17 03:16:02'),
(7, 1, 4, 2520, 1800, 'win', 4000, 1, 10, 1, '2026-06-17 03:24:37'),
(8, 1, 10, 2940, 18000, 'lose', 800, 0, 5, 0, '2026-06-17 03:26:12'),
(9, 1, 5, 2940, 3000, 'lose', 1400, 0, 5, 0, '2026-06-17 03:33:43'),
(10, 1, 5, 2940, 3000, 'win', 7000, 1, 10, 1, '2026-06-17 03:34:53'),
(11, 1, 4, 2940, 1800, 'win', 7000, 1, 10, 1, '2026-06-17 03:36:03'),
(12, 1, 10, 3255, 18000, 'lose', 1800, 0, 5, 0, '2026-06-17 03:37:14'),
(13, 1, 3, 3606, 1200, 'win', 9000, 1, 10, 1, '2026-06-17 03:39:50'),
(14, 1, 7, 3606, 6000, 'lose', 2500, 0, 5, 0, '2026-06-17 03:41:01'),
(15, 1, 10, 3606, 18000, 'lose', 2500, 0, 5, 0, '2026-06-17 03:43:29'),
(16, 1, 9, 3606, 12000, 'lose', 2500, 5, 5, 0, '2026-06-17 03:44:52'),
(17, 1, 8, 3996, 8500, 'lose', 2500, 5, 5, 0, '2026-06-17 03:47:05'),
(18, 1, 9, 3996, 12000, 'lose', 2500, 5, 5, 0, '2026-06-17 03:48:15'),
(19, 1, 7, 3996, 6000, 'lose', 2500, 5, 5, 0, '2026-06-17 03:49:25'),
(20, 1, 10, 3728, 18000, 'lose', 2500, 5, 5, 0, '2026-06-17 03:54:21'),
(21, 1, 10, 5316, 18000, 'lose', 2500, 5, 5, 0, '2026-06-17 03:56:54'),
(22, 1, 3, 5316, 1200, 'win', 12500, 10, 10, 1, '2026-06-17 03:58:05'),
(23, 1, 3, 11479, 2000, 'win', 12500, 10, 10, 1, '2026-06-17 04:03:01'),
(24, 1, 9, 11479, 1200, 'win', 12500, 10, 10, 1, '2026-06-17 04:04:11'),
(25, 1, 2, 11479, 420, 'win', 25500, 10, 10, 1, '2026-06-17 04:05:21'),
(26, 1, 6, 11845, 450, 'win', 25500, 10, 10, 1, '2026-06-17 04:06:31'),
(27, 1, 2, 12952, 420, 'win', 25500, 10, 10, 1, '2026-06-17 12:15:54'),
(28, 1, 5, 12952, 300, 'win', 25500, 10, 10, 1, '2026-06-17 12:17:04'),
(29, 1, 6, 12952, 450, 'win', 25500, 10, 10, 1, '2026-06-17 12:18:14'),
(30, 1, 3, 12952, 2000, 'win', 25500, 10, 10, 1, '2026-06-17 12:19:24'),
(31, 1, 3, 12952, 2000, 'win', 25500, 10, 10, 1, '2026-06-17 12:20:34'),
(32, 1, 10, 12952, 1800, 'win', 25500, 10, 10, 1, '2026-06-17 12:21:44'),
(33, 1, 1, 12952, 350, 'win', 25500, 10, 10, 1, '2026-06-17 12:22:54'),
(34, 1, 4, 12952, 180, 'win', 25500, 10, 10, 1, '2026-06-17 12:24:04'),
(35, 1, 1, 12952, 350, 'win', 25500, 10, 10, 1, '2026-06-17 12:25:14'),
(36, 1, 3, 12952, 2000, 'win', 25500, 10, 10, 1, '2026-06-17 12:26:24'),
(37, 1, 8, 12952, 850, 'win', 28500, 10, 10, 1, '2026-06-17 12:28:57'),
(38, 1, 4, 12952, 180, 'win', 28500, 10, 10, 1, '2026-06-17 12:30:07'),
(39, 1, 8, 12952, 850, 'win', 28500, 10, 10, 1, '2026-06-17 12:31:17'),
(40, 1, 9, 12952, 1200, 'win', 28500, 10, 10, 1, '2026-06-17 12:32:27'),
(41, 1, 1, 13600, 350, 'win', 28500, 10, 10, 1, '2026-06-17 12:37:00'),
(42, 1, 5, 13600, 300, 'win', 28500, 1, 10, 1, '2026-06-17 12:50:55'),
(43, 1, 10, 6619, 1800, 'win', 28500, 1, 10, 1, '2026-06-17 13:10:34'),
(44, 1, 5, 6619, 300, 'win', 28500, 1, 10, 1, '2026-06-17 13:12:24'),
(45, 1, 7, 6619, 600, 'win', 28500, 1, 10, 1, '2026-06-17 13:13:43'),
(46, 1, 2, 6619, 420, 'win', 28500, 1, 10, 1, '2026-06-17 13:20:18'),
(47, 1, 2, 6619, 420, 'win', 28500, 1, 10, 1, '2026-06-17 13:27:08'),
(48, 1, 5, 6619, 300, 'win', 28500, 1, 10, 1, '2026-06-17 13:35:00'),
(49, 1, 7, 6619, 600, 'win', 28500, 1, 10, 1, '2026-06-17 13:39:01'),
(50, 1, 1, 6427, 350, 'win', 28500, 1, 10, 1, '2026-06-18 01:31:56'),
(51, 1, 8, 6578, 850, 'win', 28500, 1, 10, 1, '2026-06-18 02:38:30'),
(52, 1, 8, 7399, 850, 'win', 28500, 1, 10, 1, '2026-06-18 03:21:18'),
(53, 2, 10, 2100, 1800, 'win', 1000, 1, 10, 1, '2026-06-18 09:52:41'),
(54, 2, 1, 7091, 350, 'win', 1000, 1, 10, 1, '2026-06-18 10:09:23'),
(55, 2, 6, 7091, 450, 'win', 28000, 1, 10, 1, '2026-06-18 10:10:33'),
(56, 2, 9, 7091, 1200, 'win', 28000, 1, 10, 1, '2026-06-18 10:12:59'),
(57, 2, 7, 8772, 600, 'win', 28000, 1, 10, 1, '2026-06-18 10:18:46'),
(58, 2, 6, 8772, 450, 'win', 28000, 1, 10, 1, '2026-06-18 10:19:56'),
(59, 2, 6, 8772, 450, 'win', 28000, 1, 10, 1, '2026-06-18 10:21:06'),
(60, 2, 8, 8772, 850, 'win', 28000, 1, 10, 1, '2026-06-18 10:22:16'),
(61, 2, 3, 8772, 2000, 'win', 28000, 1, 10, 1, '2026-06-18 15:35:15'),
(62, 2, 10, 8772, 1800, 'win', 28000, 1, 10, 1, '2026-06-18 15:36:28'),
(63, 2, 5, 8772, 300, 'win', 28000, 1, 10, 1, '2026-06-18 15:47:59'),
(64, 2, 3, 9376, 2000, 'win', 28000, 1, 10, 1, '2026-06-18 17:57:46'),
(65, 2, 4, 9376, 180, 'win', 28000, 1, 10, 1, '2026-06-18 17:58:56'),
(66, 2, 4, 9376, 180, 'win', 28000, 1, 10, 1, '2026-06-18 18:02:37'),
(67, 2, 4, 9376, 180, 'win', 28000, 1, 10, 1, '2026-06-18 18:09:00'),
(68, 2, 6, 9376, 450, 'win', 28000, 1, 10, 1, '2026-06-18 18:10:10'),
(69, 2, 3, 18507, 2000, 'win', 28000, 1, 10, 1, '2026-06-18 19:34:21'),
(70, 2, 3, 18507, 2000, 'win', 28000, 1, 10, 1, '2026-06-18 19:35:31'),
(71, 2, 3, 18507, 2000, 'win', 28000, 1, 10, 1, '2026-06-18 19:36:41'),
(72, 2, 5, 18507, 300, 'win', 28000, 1, 10, 1, '2026-06-19 04:10:06'),
(73, 2, 6, 18507, 450, 'win', 29000, 1, 10, 1, '2026-06-19 04:11:16'),
(74, 2, 4, 18507, 180, 'win', 29000, 1, 10, 1, '2026-06-19 04:13:31'),
(75, 2, 9, 18507, 1200, 'win', 29000, 1, 10, 1, '2026-06-19 04:14:41'),
(76, 2, 6, 18881, 450, 'win', 29000, 1, 10, 1, '2026-06-19 04:28:54'),
(77, 2, 10, 18881, 1800, 'win', 29000, 1, 10, 1, '2026-06-19 04:31:31'),
(78, 2, 6, 18881, 450, 'win', 29000, 1, 10, 1, '2026-06-19 04:34:32'),
(79, 2, 5, 18881, 300, 'win', 29000, 1, 10, 1, '2026-06-19 04:38:20'),
(80, 2, 8, 18881, 850, 'win', 29000, 1, 10, 1, '2026-06-19 15:37:12'),
(81, 2, 1, 18881, 350, 'win', 29000, 1, 10, 1, '2026-06-19 15:38:34'),
(82, 2, 4, 18881, 180, 'win', 29000, 1, 10, 1, '2026-06-19 15:47:53'),
(83, 2, 5, 18881, 300, 'win', 29000, 1, 10, 1, '2026-06-19 15:49:03'),
(84, 2, 1, 18670, 350, 'win', 29000, 1, 10, 1, '2026-06-19 16:04:28'),
(85, 2, 7, 18670, 600, 'win', 29000, 1, 10, 1, '2026-06-19 16:14:17'),
(86, 4, 7, 2454, 600, 'win', 1000, 1, 10, 1, '2026-06-19 17:17:01'),
(87, 4, 9, 2454, 1200, 'win', 1000, 1, 10, 1, '2026-06-19 17:18:13'),
(88, 5, 5, 36386, 300, 'win', 131000, 1, 10, 1, '2026-06-20 06:00:54'),
(89, 2, 9, 18670, 1200, 'win', 29000, 1, 10, 1, '2026-06-20 06:07:57'),
(90, 2, 7, 18670, 600, 'win', 29000, 1, 10, 1, '2026-06-20 06:09:22'),
(91, 2, 10, 18735, 1800, 'win', 29000, 1, 10, 1, '2026-06-20 10:07:02'),
(92, 2, 8, 18735, 850, 'win', 29000, 1, 10, 1, '2026-06-20 10:08:13'),
(93, 2, 4, 18735, 180, 'win', 29000, 1, 10, 1, '2026-06-20 10:09:29'),
(94, 2, 6, 18735, 450, 'win', 29000, 1, 10, 1, '2026-06-20 10:10:40'),
(95, 5, 10, 40359, 1800, 'win', 131000, 1, 10, 1, '2026-06-20 20:17:22'),
(96, 5, 7, 40359, 600, 'win', 131000, 1, 10, 1, '2026-06-20 20:18:32'),
(97, 5, 2, 44617, 420, 'win', 131000, 1, 10, 1, '2026-06-20 20:30:17'),
(98, 5, 4, 44617, 180, 'win', 131000, 1, 10, 1, '2026-06-21 07:06:26'),
(99, 1, 5, 13106, 300, 'win', 28500, 1, 10, 1, '2026-06-21 07:10:28'),
(100, 1, 3, 42489, 2000, 'win', 114500, 1, 10, 1, '2026-06-21 07:18:35');

-- --------------------------------------------------------

--
-- Table structure for table `pity_tracker`
--

CREATE TABLE `pity_tracker` (
  `id` int UNSIGNED NOT NULL,
  `user_id` int UNSIGNED NOT NULL,
  `spin_count_since_pity` tinyint UNSIGNED NOT NULL DEFAULT '0'
) ENGINE=InnoDB DEFAULT CHARSET=utf8mb4 COLLATE=utf8mb4_unicode_ci;

--
-- Dumping data for table `pity_tracker`
--

INSERT INTO `pity_tracker` (`id`, `user_id`, `spin_count_since_pity`) VALUES
(1, 1, 5),
(2, 2, 2),
(3, 3, 1),
(4, 4, 1),
(5, 5, 1);

-- --------------------------------------------------------

--
-- Table structure for table `player_skills`
--

CREATE TABLE `player_skills` (
  `id` int UNSIGNED NOT NULL,
  `player_id` int UNSIGNED NOT NULL,
  `skill_id` int UNSIGNED NOT NULL
) ENGINE=InnoDB DEFAULT CHARSET=utf8mb4 COLLATE=utf8mb4_unicode_ci;

--
-- Dumping data for table `player_skills`
--

INSERT INTO `player_skills` (`id`, `player_id`, `skill_id`) VALUES
(1, 1, 1),
(2, 1, 4),
(3, 2, 1),
(4, 2, 4),
(5, 3, 1),
(6, 3, 8),
(7, 4, 1),
(8, 4, 4),
(10, 5, 4),
(9, 5, 8),
(11, 6, 3),
(12, 6, 7),
(14, 7, 3),
(13, 7, 7),
(15, 8, 2),
(16, 8, 6),
(18, 9, 3),
(17, 9, 7),
(19, 10, 1),
(20, 10, 5),
(22, 11, 7),
(21, 11, 8),
(23, 12, 7),
(24, 12, 10),
(25, 13, 1),
(26, 13, 4),
(27, 14, 1),
(28, 14, 4),
(29, 15, 2),
(30, 15, 6),
(31, 16, 8),
(32, 16, 10),
(33, 17, 1),
(34, 17, 4),
(35, 39, 7),
(36, 39, 10),
(38, 276, 3),
(37, 276, 6),
(39, 293, 4),
(40, 293, 9),
(42, 549, 3),
(41, 549, 7),
(44, 550, 2),
(43, 550, 9),
(45, 551, 4),
(46, 551, 9),
(47, 552, 6),
(48, 552, 10),
(49, 553, 4),
(50, 553, 8),
(52, 558, 5),
(51, 558, 8),
(54, 559, 7),
(53, 559, 8),
(56, 560, 6),
(55, 560, 7),
(58, 652, 4),
(57, 652, 8),
(59, 657, 1),
(60, 657, 8),
(62, 658, 2),
(61, 658, 6);

-- --------------------------------------------------------

--
-- Table structure for table `skills`
--

CREATE TABLE `skills` (
  `id` int UNSIGNED NOT NULL,
  `skill_name` varchar(50) COLLATE utf8mb4_unicode_ci NOT NULL,
  `effect_type` enum('offence','defence','teamwork','power') COLLATE utf8mb4_unicode_ci NOT NULL,
  `effect_value` decimal(5,2) NOT NULL,
  `description` varchar(255) COLLATE utf8mb4_unicode_ci NOT NULL
) ENGINE=InnoDB DEFAULT CHARSET=utf8mb4 COLLATE=utf8mb4_unicode_ci;

--
-- Dumping data for table `skills`
--

INSERT INTO `skills` (`id`, `skill_name`, `effect_type`, `effect_value`, `description`) VALUES
(1, 'Finisher', 'offence', '10.00', 'Meningkatkan offence sebesar 10%'),
(2, 'Wall', 'defence', '10.00', 'Meningkatkan defence sebesar 10%'),
(3, 'Leader', 'teamwork', '10.00', 'Meningkatkan teamwork sebesar 10%'),
(4, 'Speedster', 'power', '5.00', 'Meningkatkan total power sebesar 5%'),
(5, 'Sniper', 'offence', '8.00', 'Akurasi tembakan meningkat 8%'),
(6, 'Ironclad', 'defence', '8.00', 'Pertahanan solid, defence +8%'),
(7, 'Playmaker', 'teamwork', '8.00', 'Visi bermain tinggi, teamwork +8%'),
(8, 'Dribbler', 'offence', '6.00', 'Kemampuan dribbling, offence +6%'),
(9, 'Sweeper', 'defence', '6.00', 'Sapuan bola bersih, defence +6%'),
(10, 'Captain', 'teamwork', '12.00', 'Kapten tim, teamwork +12%');

-- --------------------------------------------------------

--
-- Table structure for table `teams`
--

CREATE TABLE `teams` (
  `id` int UNSIGNED NOT NULL,
  `team_name` varchar(100) COLLATE utf8mb4_unicode_ci NOT NULL,
  `country` varchar(100) COLLATE utf8mb4_unicode_ci NOT NULL,
  `tier_id` int UNSIGNED NOT NULL,
  `team_power` int UNSIGNED NOT NULL DEFAULT '0'
) ENGINE=InnoDB DEFAULT CHARSET=utf8mb4 COLLATE=utf8mb4_unicode_ci;

--
-- Dumping data for table `teams`
--

INSERT INTO `teams` (`id`, `team_name`, `country`, `tier_id`, `team_power`) VALUES
(1, 'Red Devils FC', 'England', 1, 350),
(2, 'Blue Warriors', 'Spain', 1, 420),
(3, 'Golden Eagles', 'Germany', 2, 2000),
(4, 'Iron Lions', 'Italy', 2, 180),
(5, 'Storm United', 'France', 3, 300),
(6, 'Thunder City FC', 'Brazil', 3, 450),
(7, 'Alpha Squadron', 'Argentina', 4, 600),
(8, 'Titan Rangers', 'Portugal', 4, 850),
(9, 'Apex Legends FC', 'Netherlands', 5, 1200),
(10, 'Ultimate Champions', 'Belgium', 5, 1800);

-- --------------------------------------------------------

--
-- Table structure for table `team_members`
--

CREATE TABLE `team_members` (
  `id` int UNSIGNED NOT NULL,
  `team_id` int UNSIGNED NOT NULL,
  `player_id` int UNSIGNED NOT NULL
) ENGINE=InnoDB DEFAULT CHARSET=utf8mb4 COLLATE=utf8mb4_unicode_ci;

--
-- Dumping data for table `team_members`
--

INSERT INTO `team_members` (`id`, `team_id`, `player_id`) VALUES
(22, 1, 2),
(36, 1, 3),
(21, 1, 4),
(38, 1, 5),
(28, 1, 6),
(33, 1, 7),
(35, 1, 8),
(37, 1, 9),
(30, 1, 10),
(24, 1, 11),
(26, 1, 12),
(23, 1, 13),
(29, 1, 14),
(32, 1, 15),
(45, 1, 16),
(39, 1, 18),
(27, 1, 19),
(40, 1, 20),
(43, 1, 21),
(44, 1, 22),
(42, 1, 24),
(7, 1, 25),
(41, 1, 26),
(9, 1, 27),
(10, 1, 28),
(11, 1, 29),
(12, 1, 30),
(13, 1, 31),
(14, 1, 32),
(15, 1, 33),
(16, 1, 34),
(17, 1, 35),
(18, 1, 36),
(19, 1, 37),
(31, 1, 38),
(47, 1, 41),
(48, 1, 42),
(50, 1, 44),
(535, 1, 56),
(529, 1, 62),
(447, 1, 63),
(534, 1, 74),
(523, 1, 94),
(519, 1, 113),
(59, 1, 114),
(57, 1, 115),
(532, 1, 122),
(54, 1, 130),
(58, 1, 134),
(521, 1, 137),
(528, 1, 141),
(525, 1, 142),
(624, 1, 156),
(643, 1, 157),
(629, 1, 158),
(655, 1, 163),
(675, 1, 165),
(432, 1, 169),
(660, 1, 176),
(628, 1, 177),
(661, 1, 178),
(646, 1, 184),
(634, 1, 186),
(56, 1, 191),
(665, 1, 192),
(625, 1, 194),
(669, 1, 201),
(645, 1, 203),
(654, 1, 210),
(674, 1, 219),
(671, 1, 223),
(648, 1, 234),
(650, 1, 235),
(623, 1, 236),
(663, 1, 238),
(55, 1, 241),
(670, 1, 243),
(662, 1, 245),
(51, 1, 246),
(52, 1, 247),
(53, 1, 248),
(60, 1, 249),
(445, 1, 297),
(518, 1, 303),
(517, 1, 319),
(439, 1, 323),
(443, 1, 330),
(530, 1, 333),
(440, 1, 338),
(430, 1, 343),
(533, 1, 345),
(423, 1, 351),
(520, 1, 353),
(434, 1, 367),
(526, 1, 368),
(436, 1, 380),
(446, 1, 394),
(656, 1, 401),
(636, 1, 404),
(653, 1, 407),
(657, 1, 408),
(635, 1, 415),
(647, 1, 416),
(659, 1, 418),
(631, 1, 421),
(630, 1, 422),
(641, 1, 423),
(666, 1, 428),
(667, 1, 434),
(672, 1, 437),
(620, 1, 441),
(658, 1, 449),
(668, 1, 456),
(644, 1, 459),
(622, 1, 460),
(673, 1, 463),
(652, 1, 464),
(638, 1, 466),
(651, 1, 467),
(633, 1, 472),
(637, 1, 487),
(649, 1, 495),
(632, 1, 496),
(640, 1, 497),
(522, 1, 516),
(442, 1, 520),
(515, 1, 528),
(516, 1, 533),
(444, 1, 534),
(419, 1, 608),
(420, 1, 609),
(421, 1, 610),
(422, 1, 611),
(424, 1, 612),
(425, 1, 613),
(426, 1, 614),
(427, 1, 615),
(428, 1, 616),
(429, 1, 617),
(431, 1, 618),
(433, 1, 619),
(435, 1, 620),
(437, 1, 621),
(438, 1, 622),
(441, 1, 623),
(524, 1, 653),
(527, 1, 654),
(531, 1, 655),
(664, 1, 659),
(627, 1, 661),
(626, 1, 662),
(639, 1, 665),
(676, 1, 666),
(621, 1, 670),
(642, 1, 671),
(114, 2, 1),
(115, 2, 17),
(249, 2, 39),
(128, 2, 45),
(258, 2, 47),
(110, 2, 48),
(206, 2, 49),
(281, 2, 50),
(118, 2, 52),
(566, 2, 57),
(181, 2, 58),
(587, 2, 60),
(195, 2, 61),
(325, 2, 64),
(551, 2, 65),
(554, 2, 66),
(207, 2, 67),
(544, 2, 68),
(308, 2, 70),
(251, 2, 71),
(313, 2, 72),
(154, 2, 73),
(243, 2, 75),
(278, 2, 77),
(143, 2, 80),
(561, 2, 81),
(266, 2, 82),
(159, 2, 83),
(142, 2, 84),
(567, 2, 85),
(572, 2, 87),
(255, 2, 89),
(242, 2, 90),
(288, 2, 91),
(87, 2, 92),
(161, 2, 93),
(269, 2, 95),
(272, 2, 97),
(136, 2, 99),
(565, 2, 100),
(219, 2, 102),
(326, 2, 104),
(571, 2, 105),
(180, 2, 106),
(282, 2, 107),
(84, 2, 108),
(537, 2, 109),
(239, 2, 110),
(552, 2, 111),
(261, 2, 112),
(271, 2, 119),
(137, 2, 120),
(284, 2, 123),
(217, 2, 124),
(203, 2, 125),
(584, 2, 126),
(170, 2, 127),
(92, 2, 128),
(542, 2, 129),
(102, 2, 133),
(275, 2, 135),
(303, 2, 136),
(204, 2, 139),
(106, 2, 140),
(156, 2, 143),
(557, 2, 146),
(538, 2, 147),
(187, 2, 149),
(293, 2, 150),
(185, 2, 151),
(231, 2, 153),
(148, 2, 155),
(233, 2, 159),
(329, 2, 160),
(305, 2, 161),
(286, 2, 162),
(101, 2, 167),
(165, 2, 171),
(91, 2, 174),
(543, 2, 179),
(573, 2, 180),
(82, 2, 181),
(585, 2, 183),
(220, 2, 188),
(307, 2, 189),
(235, 2, 190),
(100, 2, 193),
(223, 2, 196),
(189, 2, 197),
(205, 2, 198),
(226, 2, 199),
(172, 2, 200),
(160, 2, 205),
(252, 2, 208),
(323, 2, 209),
(291, 2, 211),
(129, 2, 212),
(279, 2, 213),
(209, 2, 215),
(173, 2, 216),
(95, 2, 217),
(140, 2, 218),
(183, 2, 220),
(559, 2, 221),
(569, 2, 222),
(211, 2, 227),
(123, 2, 229),
(90, 2, 230),
(555, 2, 231),
(580, 2, 237),
(200, 2, 239),
(99, 2, 240),
(590, 2, 242),
(83, 2, 271),
(85, 2, 272),
(86, 2, 273),
(88, 2, 274),
(89, 2, 275),
(93, 2, 276),
(94, 2, 277),
(96, 2, 278),
(97, 2, 279),
(103, 2, 281),
(107, 2, 284),
(119, 2, 291),
(245, 2, 293),
(144, 2, 294),
(174, 2, 295),
(564, 2, 296),
(550, 2, 298),
(316, 2, 299),
(166, 2, 300),
(319, 2, 301),
(199, 2, 302),
(236, 2, 304),
(241, 2, 305),
(179, 2, 306),
(300, 2, 307),
(210, 2, 309),
(197, 2, 311),
(138, 2, 312),
(324, 2, 313),
(583, 2, 314),
(270, 2, 316),
(221, 2, 317),
(570, 2, 318),
(267, 2, 321),
(153, 2, 322),
(315, 2, 324),
(268, 2, 325),
(576, 2, 326),
(309, 2, 327),
(215, 2, 328),
(125, 2, 331),
(553, 2, 332),
(176, 2, 334),
(213, 2, 336),
(581, 2, 339),
(230, 2, 340),
(264, 2, 341),
(311, 2, 342),
(541, 2, 344),
(579, 2, 346),
(322, 2, 347),
(214, 2, 348),
(314, 2, 349),
(262, 2, 350),
(222, 2, 354),
(260, 2, 355),
(228, 2, 356),
(216, 2, 357),
(234, 2, 358),
(152, 2, 359),
(312, 2, 361),
(190, 2, 362),
(586, 2, 363),
(253, 2, 364),
(577, 2, 365),
(556, 2, 371),
(208, 2, 373),
(301, 2, 374),
(276, 2, 375),
(194, 2, 376),
(563, 2, 377),
(292, 2, 379),
(287, 2, 381),
(297, 2, 383),
(240, 2, 384),
(578, 2, 386),
(299, 2, 387),
(588, 2, 388),
(218, 2, 389),
(320, 2, 391),
(224, 2, 392),
(294, 2, 393),
(232, 2, 395),
(186, 2, 396),
(317, 2, 397),
(318, 2, 398),
(558, 2, 399),
(591, 2, 400),
(182, 2, 402),
(178, 2, 406),
(560, 2, 411),
(562, 2, 412),
(285, 2, 413),
(327, 2, 417),
(592, 2, 425),
(196, 2, 426),
(549, 2, 427),
(265, 2, 429),
(168, 2, 430),
(280, 2, 431),
(192, 2, 436),
(290, 2, 439),
(132, 2, 440),
(171, 2, 442),
(302, 2, 444),
(273, 2, 445),
(298, 2, 447),
(283, 2, 448),
(304, 2, 450),
(330, 2, 451),
(539, 2, 452),
(198, 2, 455),
(149, 2, 457),
(202, 2, 458),
(331, 2, 461),
(146, 2, 462),
(582, 2, 469),
(321, 2, 471),
(188, 2, 474),
(155, 2, 475),
(328, 2, 477),
(229, 2, 480),
(589, 2, 485),
(238, 2, 486),
(191, 2, 488),
(201, 2, 489),
(263, 2, 490),
(568, 2, 491),
(131, 2, 503),
(133, 2, 504),
(134, 2, 505),
(135, 2, 506),
(139, 2, 507),
(141, 2, 508),
(145, 2, 509),
(147, 2, 510),
(150, 2, 511),
(151, 2, 512),
(296, 2, 513),
(310, 2, 514),
(545, 2, 518),
(306, 2, 521),
(575, 2, 522),
(227, 2, 523),
(274, 2, 525),
(295, 2, 527),
(257, 2, 529),
(289, 2, 530),
(237, 2, 531),
(548, 2, 532),
(540, 2, 535),
(574, 2, 536),
(157, 2, 537),
(158, 2, 538),
(162, 2, 539),
(163, 2, 540),
(164, 2, 541),
(167, 2, 542),
(169, 2, 543),
(175, 2, 544),
(177, 2, 545),
(184, 2, 546),
(193, 2, 547),
(225, 2, 548),
(244, 2, 549),
(246, 2, 550),
(247, 2, 551),
(248, 2, 552),
(250, 2, 553),
(254, 2, 554),
(256, 2, 555),
(259, 2, 556),
(277, 2, 557),
(332, 2, 558),
(333, 2, 559),
(334, 2, 560),
(536, 2, 656),
(546, 2, 657),
(547, 2, 658),
(417, 3, 54),
(407, 3, 78),
(403, 3, 88),
(411, 3, 116),
(405, 3, 121),
(418, 3, 144),
(404, 3, 148),
(410, 3, 207),
(416, 3, 224),
(409, 3, 337),
(401, 3, 369),
(412, 3, 372),
(414, 3, 419),
(413, 3, 482),
(415, 3, 515),
(408, 3, 524),
(335, 3, 561),
(336, 3, 562),
(337, 3, 563),
(338, 3, 564),
(339, 3, 565),
(340, 3, 566),
(341, 3, 567),
(342, 3, 568),
(343, 3, 569),
(344, 3, 570),
(345, 3, 571),
(346, 3, 572),
(347, 3, 573),
(348, 3, 574),
(349, 3, 575),
(350, 3, 576),
(351, 3, 577),
(352, 3, 578),
(353, 3, 579),
(354, 3, 580),
(400, 3, 605),
(402, 3, 606),
(406, 3, 607),
(397, 4, 55),
(382, 4, 59),
(384, 4, 69),
(383, 4, 76),
(391, 4, 96),
(395, 4, 101),
(378, 4, 118),
(398, 4, 131),
(389, 4, 132),
(394, 4, 138),
(396, 4, 152),
(392, 4, 164),
(686, 4, 175),
(678, 4, 206),
(390, 4, 225),
(399, 4, 233),
(393, 4, 308),
(381, 4, 360),
(385, 4, 370),
(689, 4, 403),
(688, 4, 409),
(677, 4, 414),
(387, 4, 432),
(683, 4, 443),
(684, 4, 446),
(379, 4, 465),
(685, 4, 484),
(687, 4, 493),
(376, 4, 519),
(380, 4, 526),
(355, 4, 581),
(356, 4, 582),
(357, 4, 583),
(358, 4, 584),
(359, 4, 585),
(360, 4, 586),
(361, 4, 587),
(362, 4, 588),
(363, 4, 589),
(364, 4, 590),
(365, 4, 591),
(366, 4, 592),
(367, 4, 593),
(368, 4, 594),
(369, 4, 595),
(370, 4, 596),
(371, 4, 597),
(372, 4, 598),
(373, 4, 599),
(374, 4, 600),
(375, 4, 601),
(377, 4, 602),
(386, 4, 603),
(388, 4, 604),
(679, 4, 672),
(680, 4, 673),
(681, 4, 674),
(682, 4, 675),
(501, 5, 46),
(482, 5, 51),
(495, 5, 53),
(512, 5, 86),
(480, 5, 98),
(470, 5, 103),
(472, 5, 117),
(474, 5, 145),
(496, 5, 154),
(595, 5, 166),
(601, 5, 168),
(497, 5, 170),
(473, 5, 172),
(608, 5, 173),
(611, 5, 182),
(475, 5, 185),
(511, 5, 187),
(593, 5, 195),
(514, 5, 202),
(599, 5, 204),
(471, 5, 214),
(618, 5, 226),
(612, 5, 228),
(502, 5, 232),
(616, 5, 244),
(513, 5, 270),
(504, 5, 310),
(503, 5, 315),
(507, 5, 320),
(500, 5, 329),
(494, 5, 335),
(508, 5, 352),
(498, 5, 366),
(476, 5, 378),
(492, 5, 382),
(485, 5, 385),
(483, 5, 390),
(481, 5, 405),
(615, 5, 410),
(488, 5, 420),
(598, 5, 424),
(614, 5, 433),
(594, 5, 435),
(506, 5, 438),
(609, 5, 453),
(493, 5, 454),
(484, 5, 468),
(607, 5, 470),
(499, 5, 473),
(597, 5, 476),
(596, 5, 478),
(613, 5, 479),
(509, 5, 481),
(605, 5, 483),
(610, 5, 492),
(600, 5, 494),
(490, 5, 498),
(491, 5, 517),
(448, 5, 624),
(449, 5, 625),
(450, 5, 626),
(451, 5, 627),
(452, 5, 628),
(453, 5, 629),
(454, 5, 630),
(455, 5, 631),
(456, 5, 632),
(457, 5, 633),
(458, 5, 634),
(459, 5, 635),
(460, 5, 636),
(461, 5, 637),
(462, 5, 638),
(463, 5, 639),
(464, 5, 640),
(465, 5, 641),
(466, 5, 642),
(467, 5, 643),
(468, 5, 644),
(469, 5, 645),
(477, 5, 646),
(478, 5, 647),
(479, 5, 648),
(487, 5, 649),
(489, 5, 650),
(505, 5, 651),
(510, 5, 652),
(604, 5, 660),
(603, 5, 663),
(617, 5, 664),
(606, 5, 667),
(619, 5, 668),
(602, 5, 669);

-- --------------------------------------------------------

--
-- Table structure for table `team_tier`
--

CREATE TABLE `team_tier` (
  `id` int UNSIGNED NOT NULL,
  `tier_name` varchar(20) COLLATE utf8mb4_unicode_ci NOT NULL,
  `tier_order` tinyint UNSIGNED NOT NULL,
  `power_min` int UNSIGNED NOT NULL,
  `power_max` int UNSIGNED NOT NULL,
  `bonus_multiplier` decimal(4,2) NOT NULL DEFAULT '1.00'
) ENGINE=InnoDB DEFAULT CHARSET=utf8mb4 COLLATE=utf8mb4_unicode_ci;

--
-- Dumping data for table `team_tier`
--

INSERT INTO `team_tier` (`id`, `tier_name`, `tier_order`, `power_min`, `power_max`, `bonus_multiplier`) VALUES
(1, 'Rookie', 1, 0, 1000, '1.00'),
(2, 'Challenger', 2, 1001, 2500, '1.10'),
(3, 'Contender', 3, 2501, 5000, '1.20'),
(4, 'Elite', 4, 5001, 10000, '1.35'),
(5, 'Champion', 5, 10001, 99999, '1.50');

-- --------------------------------------------------------

--
-- Table structure for table `tournaments`
--

CREATE TABLE `tournaments` (
  `id` int UNSIGNED NOT NULL,
  `creator_id` int UNSIGNED NOT NULL,
  `name` varchar(100) COLLATE utf8mb4_unicode_ci NOT NULL,
  `description` text COLLATE utf8mb4_unicode_ci,
  `max_participants` int UNSIGNED NOT NULL DEFAULT '8',
  `entry_fee` int UNSIGNED NOT NULL DEFAULT '0',
  `prize_pool` int UNSIGNED NOT NULL DEFAULT '0',
  `status` enum('open','active','completed') COLLATE utf8mb4_unicode_ci NOT NULL DEFAULT 'open',
  `created_at` timestamp NULL DEFAULT CURRENT_TIMESTAMP,
  `started_at` timestamp NULL DEFAULT NULL,
  `completed_at` timestamp NULL DEFAULT NULL
) ENGINE=InnoDB DEFAULT CHARSET=utf8mb4 COLLATE=utf8mb4_unicode_ci;

--
-- Dumping data for table `tournaments`
--

INSERT INTO `tournaments` (`id`, `creator_id`, `name`, `description`, `max_participants`, `entry_fee`, `prize_pool`, `status`, `created_at`, `started_at`, `completed_at`) VALUES
(1, 2, 'ON THE WAY RICH CUP', '', 4, 5, 2000, 'completed', '2026-06-19 16:58:23', '2026-06-19 17:25:10', '2026-06-19 17:25:10'),
(2, 5, 'Raka Cup 2026', '', 4, 1, 4000, 'completed', '2026-06-20 06:02:56', '2026-06-20 06:04:59', '2026-06-20 06:04:59'),
(3, 1, 'SEPATAN CUP 2026', '', 4, 1, 10000, 'completed', '2026-06-21 07:12:22', '2026-06-21 07:20:02', '2026-06-21 07:20:02');

-- --------------------------------------------------------

--
-- Table structure for table `tournament_matches`
--

CREATE TABLE `tournament_matches` (
  `id` int UNSIGNED NOT NULL,
  `tournament_id` int UNSIGNED NOT NULL,
  `round` int UNSIGNED NOT NULL,
  `match_order` int UNSIGNED NOT NULL,
  `user1_id` int UNSIGNED DEFAULT NULL,
  `user2_id` int UNSIGNED DEFAULT NULL,
  `user1_score` int UNSIGNED DEFAULT NULL,
  `user2_score` int UNSIGNED DEFAULT NULL,
  `winner_id` int UNSIGNED DEFAULT NULL,
  `status` enum('pending','completed') COLLATE utf8mb4_unicode_ci NOT NULL DEFAULT 'pending',
  `played_at` timestamp NULL DEFAULT NULL
) ENGINE=InnoDB DEFAULT CHARSET=utf8mb4 COLLATE=utf8mb4_unicode_ci;

--
-- Dumping data for table `tournament_matches`
--

INSERT INTO `tournament_matches` (`id`, `tournament_id`, `round`, `match_order`, `user1_id`, `user2_id`, `user1_score`, `user2_score`, `winner_id`, `status`, `played_at`) VALUES
(1, 1, 1, 0, 2, 3, 1, 0, 2, 'completed', '2026-06-19 17:25:10'),
(2, 1, 1, 1, 4, 1, 2, 3, 1, 'completed', '2026-06-19 17:25:10'),
(3, 2, 1, 0, 3, 5, 3, 4, 5, 'completed', '2026-06-20 06:04:59'),
(4, 2, 1, 1, 1, 2, 3, 4, 2, 'completed', '2026-06-20 06:04:59'),
(5, 3, 2, 0, 1, 5, 3, 1, 1, 'completed', '2026-06-21 07:20:02'),
(6, 3, 2, 1, 2, 4, 0, 2, 4, 'completed', '2026-06-21 07:20:02'),
(7, 3, 1, 0, 1, 4, 4, 3, 1, 'completed', '2026-06-21 07:20:02'),
(8, 3, 0, 0, 5, 2, 2, 0, 5, 'completed', '2026-06-21 07:20:02');

-- --------------------------------------------------------

--
-- Table structure for table `tournament_participants`
--

CREATE TABLE `tournament_participants` (
  `id` int UNSIGNED NOT NULL,
  `tournament_id` int UNSIGNED NOT NULL,
  `user_id` int UNSIGNED NOT NULL,
  `position` int UNSIGNED DEFAULT NULL,
  `prize_claimed` tinyint(1) NOT NULL DEFAULT '0',
  `prize_euro` int UNSIGNED DEFAULT NULL,
  `prize_gems` int UNSIGNED DEFAULT NULL,
  `prize_tr_token` int UNSIGNED DEFAULT NULL,
  `prize_pr_token` int UNSIGNED DEFAULT NULL,
  `prize_player_id` int UNSIGNED DEFAULT NULL,
  `prize_title` varchar(50) COLLATE utf8mb4_unicode_ci DEFAULT NULL,
  `joined_at` timestamp NULL DEFAULT CURRENT_TIMESTAMP
) ENGINE=InnoDB DEFAULT CHARSET=utf8mb4 COLLATE=utf8mb4_unicode_ci;

--
-- Dumping data for table `tournament_participants`
--

INSERT INTO `tournament_participants` (`id`, `tournament_id`, `user_id`, `position`, `prize_claimed`, `prize_euro`, `prize_gems`, `prize_tr_token`, `prize_pr_token`, `prize_player_id`, `prize_title`, `joined_at`) VALUES
(1, 1, 2, 1, 1, 100000, 100, 50, 10, NULL, '🏆 Champion', '2026-06-19 16:58:23'),
(2, 1, 3, 99, 1, 5000, 5, 5, 1, NULL, '🎖️ Participant', '2026-06-19 17:21:18'),
(3, 1, 4, 99, 1, 5000, 5, 5, 1, NULL, '🎖️ Participant', '2026-06-19 17:21:47'),
(4, 1, 1, 2, 1, 50000, 50, 25, 5, NULL, '🥈 Runner-up', '2026-06-19 17:24:51'),
(5, 2, 5, 1, 1, 100000, 100, 50, 10, NULL, '🏆 Champion', '2026-06-20 06:02:56'),
(6, 2, 3, 99, 1, 5000, 5, 5, 1, NULL, '🎖️ Participant', '2026-06-20 06:03:17'),
(7, 2, 2, 2, 1, 50000, 50, 25, 5, NULL, '🥈 Runner-up', '2026-06-20 06:03:30'),
(8, 2, 1, 99, 1, 5000, 5, 5, 1, NULL, '🎖️ Participant', '2026-06-20 06:03:41'),
(9, 3, 1, 1, 1, 50000, 5000, 25, 5, NULL, '🏆 Champion', '2026-06-21 07:12:22'),
(10, 3, 5, 3, 1, 15000, 1500, 8, 2, NULL, '🥉 Third Place', '2026-06-21 07:12:36'),
(11, 3, 2, 4, 1, 0, 0, 0, 0, NULL, '🎖️ Participant', '2026-06-21 07:12:51'),
(12, 3, 4, 2, 1, 35000, 3500, 18, 4, NULL, '🥈 Runner-up', '2026-06-21 07:13:07');

-- --------------------------------------------------------

--
-- Table structure for table `users`
--

CREATE TABLE `users` (
  `id` int UNSIGNED NOT NULL,
  `username` varchar(50) COLLATE utf8mb4_unicode_ci NOT NULL,
  `fullname` varchar(100) COLLATE utf8mb4_unicode_ci NOT NULL,
  `password` varchar(255) COLLATE utf8mb4_unicode_ci NOT NULL,
  `country` varchar(100) COLLATE utf8mb4_unicode_ci NOT NULL,
  `free_spin_used` tinyint(1) NOT NULL DEFAULT '0',
  `created_at` timestamp NULL DEFAULT CURRENT_TIMESTAMP
) ENGINE=InnoDB DEFAULT CHARSET=utf8mb4 COLLATE=utf8mb4_unicode_ci;

--
-- Dumping data for table `users`
--

INSERT INTO `users` (`id`, `username`, `fullname`, `password`, `country`, `free_spin_used`, `created_at`) VALUES
(1, 'louishasashi', 'louis hasashi halim', '$2y$10$HTCiKsRUceRF9AjoEbi1e.LXdgvgMVcQ3GMbGTTtMoW7mPKqUgkMu', 'Indonesia', 0, '2026-06-17 03:03:06'),
(2, 'bunayawaw', 'bunaya ardik saputra', '$2y$10$VFZ5lwMQQ2i6NMRB.HQ.4.wIFnFbj2ZJJSIWNb9JRprBLszHGXUZ.', 'Indonesia', 0, '2026-06-18 09:51:34'),
(3, 'zyyrohman', 'fauzi nurrohman', '$2y$10$oaeI5qfgsqqcxVTPckxE8.0V5fiF26orDtzMfUVT2HfVtVV2Du.sG', 'Indonesia', 0, '2026-06-19 17:11:43'),
(4, 'azzisaput12', 'muhammad azzi saputra', '$2y$10$elTXFtvXOhxnplhTFAIkqOrOtXaIibjHb/cJjjtFNsqvxD4WjuO82', 'Indonesia', 0, '2026-06-19 17:12:27'),
(5, 'rrrakaharrun11', 'raka harrun arasyid', '$2y$10$gDG/.95/9P6ZUYybl8cG..RMDNQLtXpNQPPzeF36vJqFkVWlHN506', 'Indonesia', 0, '2026-06-20 05:50:23');

-- --------------------------------------------------------

--
-- Table structure for table `user_teams`
--

CREATE TABLE `user_teams` (
  `id` int UNSIGNED NOT NULL,
  `user_id` int UNSIGNED NOT NULL,
  `team_name` varchar(100) COLLATE utf8mb4_unicode_ci NOT NULL DEFAULT 'Your Team',
  `team_power` int UNSIGNED NOT NULL DEFAULT '0',
  `team_value` bigint UNSIGNED NOT NULL DEFAULT '0',
  `power_level_euro` int UNSIGNED NOT NULL DEFAULT '1',
  `power_level_wintoken` int UNSIGNED NOT NULL DEFAULT '1',
  `income_level_euro` int UNSIGNED NOT NULL DEFAULT '1',
  `income_level_wintoken` int UNSIGNED NOT NULL DEFAULT '1',
  `power_upgrade_cost_euro` bigint UNSIGNED NOT NULL DEFAULT '100',
  `power_upgrade_cost_wintoken` int UNSIGNED NOT NULL DEFAULT '1',
  `income_upgrade_cost_euro` bigint UNSIGNED NOT NULL DEFAULT '100',
  `income_upgrade_cost_wintoken` int UNSIGNED NOT NULL DEFAULT '1',
  `created_at` timestamp NULL DEFAULT CURRENT_TIMESTAMP
) ENGINE=InnoDB DEFAULT CHARSET=utf8mb4 COLLATE=utf8mb4_unicode_ci;

--
-- Dumping data for table `user_teams`
--

INSERT INTO `user_teams` (`id`, `user_id`, `team_name`, `team_power`, `team_value`, `power_level_euro`, `power_level_wintoken`, `income_level_euro`, `income_level_wintoken`, `power_upgrade_cost_euro`, `power_upgrade_cost_wintoken`, `income_upgrade_cost_euro`, `income_upgrade_cost_wintoken`, `created_at`) VALUES
(1, 1, 'Dragon Air FC', 45060, 0, 119, 5, 110, 4, 91192098791466, 16, 7239107739835, 8, '2026-06-17 03:03:06'),
(2, 2, 'SIM 1 FC', 18735, 0, 40, 5, 29, 1, 737155488, 9, 6817815, 1, '2026-06-18 09:51:34'),
(3, 3, 'Jenglot FC', 2487, 0, 1, 1, 1, 1, 100, 1, 100, 1, '2026-06-19 17:11:43'),
(4, 4, 'Bayur FC', 2654, 0, 1, 1, 1, 1, 100, 1, 100, 1, '2026-06-19 17:12:27'),
(5, 5, 'LASO PUKI FC', 44617, 0, 123, 2, 131, 1, 450967085000, 3, 1939075920483, 1, '2026-06-20 05:50:23');

--
-- Indexes for dumped tables
--

--
-- Indexes for table `daily_quest_definitions`
--
ALTER TABLE `daily_quest_definitions`
  ADD PRIMARY KEY (`id`),
  ADD UNIQUE KEY `quest_key` (`quest_key`);

--
-- Indexes for table `football_players`
--
ALTER TABLE `football_players`
  ADD PRIMARY KEY (`id`),
  ADD KEY `fk_fp_tier` (`tier_id`),
  ADD KEY `fk_fp_owner` (`owner_id`);

--
-- Indexes for table `f_player_tier`
--
ALTER TABLE `f_player_tier`
  ADD PRIMARY KEY (`id`),
  ADD UNIQUE KEY `tier_name` (`tier_name`);

--
-- Indexes for table `gacha_log`
--
ALTER TABLE `gacha_log`
  ADD PRIMARY KEY (`id`),
  ADD KEY `fk_gl_user` (`user_id`),
  ADD KEY `fk_gl_player` (`player_id`);

--
-- Indexes for table `inbox`
--
ALTER TABLE `inbox`
  ADD PRIMARY KEY (`id`),
  ADD KEY `user_id` (`user_id`);

--
-- Indexes for table `inventory_players`
--
ALTER TABLE `inventory_players`
  ADD PRIMARY KEY (`id`),
  ADD UNIQUE KEY `user_id` (`user_id`);

--
-- Indexes for table `lineups`
--
ALTER TABLE `lineups`
  ADD PRIMARY KEY (`id`),
  ADD UNIQUE KEY `team_id` (`team_id`);

--
-- Indexes for table `lineup_players`
--
ALTER TABLE `lineup_players`
  ADD PRIMARY KEY (`id`),
  ADD UNIQUE KEY `uq_lineup_player` (`lineup_id`,`player_id`),
  ADD KEY `fk_lp_player` (`player_id`);

--
-- Indexes for table `market_listings`
--
ALTER TABLE `market_listings`
  ADD PRIMARY KEY (`id`),
  ADD UNIQUE KEY `player_id` (`player_id`),
  ADD KEY `fk_ml_seller` (`seller_id`);

--
-- Indexes for table `match_log`
--
ALTER TABLE `match_log`
  ADD PRIMARY KEY (`id`),
  ADD KEY `fk_ml_user` (`user_id`),
  ADD KEY `fk_ml_bot` (`bot_team_id`);

--
-- Indexes for table `pity_tracker`
--
ALTER TABLE `pity_tracker`
  ADD PRIMARY KEY (`id`),
  ADD UNIQUE KEY `user_id` (`user_id`);

--
-- Indexes for table `player_skills`
--
ALTER TABLE `player_skills`
  ADD PRIMARY KEY (`id`),
  ADD UNIQUE KEY `uq_player_skill` (`player_id`,`skill_id`),
  ADD KEY `fk_ps_skill` (`skill_id`);

--
-- Indexes for table `skills`
--
ALTER TABLE `skills`
  ADD PRIMARY KEY (`id`),
  ADD UNIQUE KEY `skill_name` (`skill_name`);

--
-- Indexes for table `teams`
--
ALTER TABLE `teams`
  ADD PRIMARY KEY (`id`),
  ADD KEY `fk_teams_tier` (`tier_id`);

--
-- Indexes for table `team_members`
--
ALTER TABLE `team_members`
  ADD PRIMARY KEY (`id`),
  ADD UNIQUE KEY `uq_team_player` (`team_id`,`player_id`),
  ADD KEY `fk_tm_player` (`player_id`);

--
-- Indexes for table `team_tier`
--
ALTER TABLE `team_tier`
  ADD PRIMARY KEY (`id`),
  ADD UNIQUE KEY `tier_name` (`tier_name`);

--
-- Indexes for table `tournaments`
--
ALTER TABLE `tournaments`
  ADD PRIMARY KEY (`id`),
  ADD KEY `creator_id` (`creator_id`);

--
-- Indexes for table `tournament_matches`
--
ALTER TABLE `tournament_matches`
  ADD PRIMARY KEY (`id`),
  ADD KEY `tournament_id` (`tournament_id`);

--
-- Indexes for table `tournament_participants`
--
ALTER TABLE `tournament_participants`
  ADD PRIMARY KEY (`id`),
  ADD UNIQUE KEY `tournament_user` (`tournament_id`,`user_id`);

--
-- Indexes for table `users`
--
ALTER TABLE `users`
  ADD PRIMARY KEY (`id`),
  ADD UNIQUE KEY `username` (`username`);

--
-- Indexes for table `user_teams`
--
ALTER TABLE `user_teams`
  ADD PRIMARY KEY (`id`),
  ADD UNIQUE KEY `user_id` (`user_id`);

--
-- AUTO_INCREMENT for dumped tables
--

--
-- AUTO_INCREMENT for table `daily_quest_definitions`
--
ALTER TABLE `daily_quest_definitions`
  MODIFY `id` int NOT NULL AUTO_INCREMENT, AUTO_INCREMENT=23;

--
-- AUTO_INCREMENT for table `football_players`
--
ALTER TABLE `football_players`
  MODIFY `id` int UNSIGNED NOT NULL AUTO_INCREMENT, AUTO_INCREMENT=676;

--
-- AUTO_INCREMENT for table `f_player_tier`
--
ALTER TABLE `f_player_tier`
  MODIFY `id` int UNSIGNED NOT NULL AUTO_INCREMENT, AUTO_INCREMENT=11;

--
-- AUTO_INCREMENT for table `gacha_log`
--
ALTER TABLE `gacha_log`
  MODIFY `id` int UNSIGNED NOT NULL AUTO_INCREMENT, AUTO_INCREMENT=4171;

--
-- AUTO_INCREMENT for table `inbox`
--
ALTER TABLE `inbox`
  MODIFY `id` int UNSIGNED NOT NULL AUTO_INCREMENT, AUTO_INCREMENT=29;

--
-- AUTO_INCREMENT for table `inventory_players`
--
ALTER TABLE `inventory_players`
  MODIFY `id` int UNSIGNED NOT NULL AUTO_INCREMENT, AUTO_INCREMENT=6;

--
-- AUTO_INCREMENT for table `lineups`
--
ALTER TABLE `lineups`
  MODIFY `id` int UNSIGNED NOT NULL AUTO_INCREMENT, AUTO_INCREMENT=6;

--
-- AUTO_INCREMENT for table `lineup_players`
--
ALTER TABLE `lineup_players`
  MODIFY `id` int UNSIGNED NOT NULL AUTO_INCREMENT, AUTO_INCREMENT=746;

--
-- AUTO_INCREMENT for table `market_listings`
--
ALTER TABLE `market_listings`
  MODIFY `id` int UNSIGNED NOT NULL AUTO_INCREMENT, AUTO_INCREMENT=9;

--
-- AUTO_INCREMENT for table `match_log`
--
ALTER TABLE `match_log`
  MODIFY `id` int UNSIGNED NOT NULL AUTO_INCREMENT, AUTO_INCREMENT=101;

--
-- AUTO_INCREMENT for table `pity_tracker`
--
ALTER TABLE `pity_tracker`
  MODIFY `id` int UNSIGNED NOT NULL AUTO_INCREMENT, AUTO_INCREMENT=6;

--
-- AUTO_INCREMENT for table `player_skills`
--
ALTER TABLE `player_skills`
  MODIFY `id` int UNSIGNED NOT NULL AUTO_INCREMENT, AUTO_INCREMENT=63;

--
-- AUTO_INCREMENT for table `skills`
--
ALTER TABLE `skills`
  MODIFY `id` int UNSIGNED NOT NULL AUTO_INCREMENT, AUTO_INCREMENT=11;

--
-- AUTO_INCREMENT for table `teams`
--
ALTER TABLE `teams`
  MODIFY `id` int UNSIGNED NOT NULL AUTO_INCREMENT, AUTO_INCREMENT=11;

--
-- AUTO_INCREMENT for table `team_members`
--
ALTER TABLE `team_members`
  MODIFY `id` int UNSIGNED NOT NULL AUTO_INCREMENT, AUTO_INCREMENT=690;

--
-- AUTO_INCREMENT for table `team_tier`
--
ALTER TABLE `team_tier`
  MODIFY `id` int UNSIGNED NOT NULL AUTO_INCREMENT, AUTO_INCREMENT=6;

--
-- AUTO_INCREMENT for table `tournaments`
--
ALTER TABLE `tournaments`
  MODIFY `id` int UNSIGNED NOT NULL AUTO_INCREMENT, AUTO_INCREMENT=4;

--
-- AUTO_INCREMENT for table `tournament_matches`
--
ALTER TABLE `tournament_matches`
  MODIFY `id` int UNSIGNED NOT NULL AUTO_INCREMENT, AUTO_INCREMENT=9;

--
-- AUTO_INCREMENT for table `tournament_participants`
--
ALTER TABLE `tournament_participants`
  MODIFY `id` int UNSIGNED NOT NULL AUTO_INCREMENT, AUTO_INCREMENT=13;

--
-- AUTO_INCREMENT for table `users`
--
ALTER TABLE `users`
  MODIFY `id` int UNSIGNED NOT NULL AUTO_INCREMENT, AUTO_INCREMENT=6;

--
-- AUTO_INCREMENT for table `user_teams`
--
ALTER TABLE `user_teams`
  MODIFY `id` int UNSIGNED NOT NULL AUTO_INCREMENT, AUTO_INCREMENT=6;

--
-- Constraints for dumped tables
--

--
-- Constraints for table `football_players`
--
ALTER TABLE `football_players`
  ADD CONSTRAINT `fk_fp_owner` FOREIGN KEY (`owner_id`) REFERENCES `users` (`id`) ON DELETE SET NULL ON UPDATE CASCADE,
  ADD CONSTRAINT `fk_fp_tier` FOREIGN KEY (`tier_id`) REFERENCES `f_player_tier` (`id`) ON UPDATE CASCADE;

--
-- Constraints for table `gacha_log`
--
ALTER TABLE `gacha_log`
  ADD CONSTRAINT `fk_gl_player` FOREIGN KEY (`player_id`) REFERENCES `football_players` (`id`) ON UPDATE CASCADE,
  ADD CONSTRAINT `fk_gl_user` FOREIGN KEY (`user_id`) REFERENCES `users` (`id`) ON DELETE CASCADE ON UPDATE CASCADE;

--
-- Constraints for table `inventory_players`
--
ALTER TABLE `inventory_players`
  ADD CONSTRAINT `fk_inv_user` FOREIGN KEY (`user_id`) REFERENCES `users` (`id`) ON DELETE CASCADE ON UPDATE CASCADE;

--
-- Constraints for table `lineups`
--
ALTER TABLE `lineups`
  ADD CONSTRAINT `fk_lineup_team` FOREIGN KEY (`team_id`) REFERENCES `user_teams` (`id`) ON DELETE CASCADE ON UPDATE CASCADE;

--
-- Constraints for table `lineup_players`
--
ALTER TABLE `lineup_players`
  ADD CONSTRAINT `fk_lp_lineup` FOREIGN KEY (`lineup_id`) REFERENCES `lineups` (`id`) ON DELETE CASCADE ON UPDATE CASCADE,
  ADD CONSTRAINT `fk_lp_player` FOREIGN KEY (`player_id`) REFERENCES `football_players` (`id`) ON DELETE CASCADE ON UPDATE CASCADE;

--
-- Constraints for table `market_listings`
--
ALTER TABLE `market_listings`
  ADD CONSTRAINT `fk_ml_player` FOREIGN KEY (`player_id`) REFERENCES `football_players` (`id`) ON DELETE CASCADE ON UPDATE CASCADE,
  ADD CONSTRAINT `fk_ml_seller` FOREIGN KEY (`seller_id`) REFERENCES `users` (`id`) ON DELETE CASCADE ON UPDATE CASCADE;

--
-- Constraints for table `match_log`
--
ALTER TABLE `match_log`
  ADD CONSTRAINT `fk_ml_bot` FOREIGN KEY (`bot_team_id`) REFERENCES `teams` (`id`) ON UPDATE CASCADE,
  ADD CONSTRAINT `fk_ml_user` FOREIGN KEY (`user_id`) REFERENCES `users` (`id`) ON DELETE CASCADE ON UPDATE CASCADE;

--
-- Constraints for table `pity_tracker`
--
ALTER TABLE `pity_tracker`
  ADD CONSTRAINT `fk_pt_user` FOREIGN KEY (`user_id`) REFERENCES `users` (`id`) ON DELETE CASCADE ON UPDATE CASCADE;

--
-- Constraints for table `player_skills`
--
ALTER TABLE `player_skills`
  ADD CONSTRAINT `fk_ps_player` FOREIGN KEY (`player_id`) REFERENCES `football_players` (`id`) ON DELETE CASCADE ON UPDATE CASCADE,
  ADD CONSTRAINT `fk_ps_skill` FOREIGN KEY (`skill_id`) REFERENCES `skills` (`id`) ON UPDATE CASCADE;

--
-- Constraints for table `teams`
--
ALTER TABLE `teams`
  ADD CONSTRAINT `fk_teams_tier` FOREIGN KEY (`tier_id`) REFERENCES `team_tier` (`id`) ON UPDATE CASCADE;

--
-- Constraints for table `team_members`
--
ALTER TABLE `team_members`
  ADD CONSTRAINT `fk_tm_player` FOREIGN KEY (`player_id`) REFERENCES `football_players` (`id`) ON DELETE CASCADE ON UPDATE CASCADE,
  ADD CONSTRAINT `fk_tm_team` FOREIGN KEY (`team_id`) REFERENCES `user_teams` (`id`) ON DELETE CASCADE ON UPDATE CASCADE;

--
-- Constraints for table `user_teams`
--
ALTER TABLE `user_teams`
  ADD CONSTRAINT `fk_ut_user` FOREIGN KEY (`user_id`) REFERENCES `users` (`id`) ON DELETE CASCADE ON UPDATE CASCADE;
COMMIT;

/*!40101 SET CHARACTER_SET_CLIENT=@OLD_CHARACTER_SET_CLIENT */;
/*!40101 SET CHARACTER_SET_RESULTS=@OLD_CHARACTER_SET_RESULTS */;
/*!40101 SET COLLATION_CONNECTION=@OLD_COLLATION_CONNECTION */;
